"CO_MUNICIP";"CO_MACSAUD"
"000000";"0000"
"110000";"1100"
"110001";"1190"
"110002";"1190"
"110003";"1190"
"110004";"1190"
"110005";"1190"
"110006";"1190"
"110007";"1190"
"110008";"1190"
"110009";"1190"
"110010";"1190"
"110011";"1190"
"110012";"1190"
"110013";"1190"
"110014";"1190"
"110015";"1190"
"110018";"1190"
"110020";"1190"
"110025";"1190"
"110026";"1190"
"110028";"1190"
"110029";"1190"
"110030";"1190"
"110032";"1190"
"110033";"1190"
"110034";"1190"
"110037";"1190"
"110040";"1190"
"110045";"1190"
"110050";"1190"
"110060";"1190"
"110070";"1190"
"110080";"1190"
"110090";"1190"
"110092";"1190"
"110094";"1190"
"110100";"1190"
"110110";"1190"
"110120";"1190"
"110130";"1190"
"110140";"1190"
"110143";"1190"
"110145";"1190"
"110146";"1190"
"110147";"1190"
"110148";"1190"
"110149";"1190"
"110150";"1190"
"110155";"1190"
"110160";"1190"
"110170";"1190"
"110175";"1190"
"110180";"1190"
"120000";"1200"
"120001";"1290"
"120005";"1290"
"120010";"1290"
"120013";"1290"
"120017";"1290"
"120020";"1290"
"120025";"1290"
"120030";"1290"
"120032";"1290"
"120033";"1290"
"120034";"1290"
"120035";"1290"
"120038";"1290"
"120039";"1290"
"120040";"1290"
"120042";"1290"
"120043";"1290"
"120045";"1290"
"120050";"1290"
"120060";"1290"
"120070";"1290"
"120080";"1290"
"130000";"1300"
"130002";"1301"
"130006";"1301"
"130008";"1301"
"130010";"1301"
"130014";"1301"
"130020";"1301"
"130030";"1301"
"130040";"1301"
"130050";"1301"
"130060";"1301"
"130063";"1301"
"130068";"1301"
"130070";"1301"
"130080";"1301"
"130083";"1301"
"130090";"1301"
"130100";"1301"
"130110";"1301"
"130115";"1301"
"130120";"1301"
"130130";"1301"
"130140";"1301"
"130150";"1301"
"130160";"1301"
"130165";"1301"
"130170";"1301"
"130180";"1301"
"130185";"1301"
"130190";"1301"
"130195";"1301"
"130200";"1301"
"130210";"1301"
"130220";"1301"
"130230";"1301"
"130240";"1301"
"130250";"1301"
"130255";"1301"
"130260";"1301"
"130270";"1301"
"130280";"1301"
"130290";"1301"
"130300";"1301"
"130310";"1301"
"130320";"1301"
"130330";"1301"
"130340";"1301"
"130350";"1301"
"130353";"1301"
"130356";"1301"
"130360";"1301"
"130370";"1301"
"130380";"1301"
"130390";"1301"
"130395";"1301"
"130400";"1301"
"130406";"1301"
"130410";"1301"
"130420";"1301"
"130423";"1301"
"130426";"1301"
"130430";"1301"
"130440";"1301"
"140000";"1400"
"140002";"1490"
"140005";"1490"
"140010";"1490"
"140015";"1490"
"140017";"1490"
"140020";"1490"
"140023";"1490"
"140028";"1490"
"140030";"1490"
"140040";"1490"
"140045";"1490"
"140047";"1490"
"140050";"1490"
"140060";"1490"
"140070";"1490"
"150000";"1500"
"150010";"1590"
"150013";"1590"
"150020";"1590"
"150030";"1590"
"150034";"1590"
"150040";"1590"
"150050";"1590"
"150060";"1590"
"150070";"1590"
"150080";"1590"
"150085";"1590"
"150090";"1590"
"150095";"1590"
"150100";"1590"
"150110";"1590"
"150120";"1590"
"150125";"1590"
"150130";"1590"
"150140";"1590"
"150145";"1590"
"150150";"1590"
"150157";"1590"
"150160";"1590"
"150170";"1590"
"150172";"1590"
"150175";"1590"
"150178";"1590"
"150180";"1590"
"150190";"1590"
"150195";"1590"
"150200";"1590"
"150210";"1590"
"150215";"1590"
"150220";"1590"
"150230";"1590"
"150240";"1590"
"150250";"1590"
"150260";"1590"
"150270";"1590"
"150275";"1590"
"150276";"1590"
"150277";"1590"
"150280";"1590"
"150285";"1590"
"150290";"1590"
"150293";"1590"
"150295";"1590"
"150300";"1590"
"150304";"1590"
"150307";"1590"
"150309";"1590"
"150310";"1590"
"150320";"1590"
"150330";"1590"
"150340";"1590"
"150345";"1590"
"150350";"1590"
"150360";"1590"
"150370";"1590"
"150375";"1590"
"150380";"1590"
"150390";"1590"
"150400";"1590"
"150405";"1590"
"150410";"1590"
"150420";"1590"
"150430";"1590"
"150440";"1590"
"150442";"1590"
"150445";"1590"
"150450";"1590"
"150460";"1590"
"150470";"1590"
"150475";"1590"
"150480";"1590"
"150490";"1590"
"150495";"1590"
"150497";"1590"
"150500";"1590"
"150503";"1590"
"150506";"1590"
"150510";"1590"
"150520";"1590"
"150530";"1590"
"150540";"1590"
"150543";"1590"
"150548";"1590"
"150549";"1590"
"150550";"1590"
"150553";"1590"
"150555";"1590"
"150560";"1590"
"150563";"1590"
"150565";"1590"
"150570";"1590"
"150580";"1590"
"150590";"1590"
"150600";"1590"
"150610";"1590"
"150611";"1590"
"150613";"1590"
"150616";"1590"
"150618";"1590"
"150619";"1590"
"150620";"1590"
"150630";"1590"
"150635";"1590"
"150640";"1590"
"150650";"1590"
"150655";"1590"
"150658";"1590"
"150660";"1590"
"150670";"1590"
"150680";"1590"
"150690";"1590"
"150700";"1590"
"150710";"1590"
"150715";"1590"
"150720";"1590"
"150730";"1590"
"150740";"1590"
"150745";"1590"
"150746";"1590"
"150747";"1590"
"150750";"1590"
"150760";"1590"
"150770";"1590"
"150775";"1590"
"150780";"1590"
"150790";"1590"
"150795";"1590"
"150796";"1590"
"150797";"1590"
"150800";"1590"
"150803";"1590"
"150805";"1590"
"150808";"1590"
"150810";"1590"
"150812";"1590"
"150815";"1590"
"150820";"1590"
"150830";"1590"
"150835";"1590"
"150840";"1590"
"160000";"1600"
"160005";"1690"
"160010";"1690"
"160015";"1690"
"160020";"1690"
"160021";"1690"
"160023";"1690"
"160025";"1690"
"160027";"1690"
"160030";"1690"
"160040";"1690"
"160050";"1690"
"160053";"1690"
"160055";"1690"
"160060";"1690"
"160070";"1690"
"160080";"1690"
"170000";"1700"
"170025";"1790"
"170030";"1790"
"170035";"1790"
"170040";"1790"
"170070";"1790"
"170100";"1790"
"170105";"1790"
"170110";"1790"
"170130";"1790"
"170190";"1790"
"170200";"1790"
"170210";"1790"
"170215";"1790"
"170220";"1790"
"170230";"1790"
"170240";"1790"
"170255";"1790"
"170270";"1790"
"170290";"1790"
"170300";"1790"
"170305";"1790"
"170307";"1790"
"170310";"1790"
"170320";"1790"
"170330";"1790"
"170360";"1790"
"170370";"1790"
"170380";"1790"
"170382";"1790"
"170384";"1790"
"170386";"1790"
"170388";"1790"
"170389";"1790"
"170390";"1790"
"170410";"1790"
"170460";"1790"
"170510";"1790"
"170550";"1790"
"170555";"1790"
"170560";"1790"
"170600";"1790"
"170610";"1790"
"170625";"1790"
"170650";"1790"
"170700";"1790"
"170710";"1790"
"170720";"1790"
"170730";"1790"
"170740";"1790"
"170755";"1790"
"170765";"1790"
"170770";"1790"
"170820";"1790"
"170825";"1790"
"170830";"1790"
"170900";"1790"
"170930";"1790"
"170950";"1790"
"170980";"1790"
"171050";"1790"
"171070";"1790"
"171090";"1790"
"171110";"1790"
"171150";"1790"
"171180";"1790"
"171190";"1790"
"171195";"1790"
"171200";"1790"
"171215";"1790"
"171240";"1790"
"171245";"1790"
"171250";"1790"
"171270";"1790"
"171280";"1790"
"171320";"1790"
"171330";"1790"
"171360";"1790"
"171370";"1790"
"171380";"1790"
"171395";"1790"
"171420";"1790"
"171430";"1790"
"171488";"1790"
"171500";"1790"
"171510";"1790"
"171515";"1790"
"171525";"1790"
"171550";"1790"
"171570";"1790"
"171575";"1790"
"171610";"1790"
"171620";"1790"
"171630";"1790"
"171650";"1790"
"171660";"1790"
"171665";"1790"
"171670";"1790"
"171700";"1790"
"171720";"1790"
"171750";"1790"
"171780";"1790"
"171790";"1790"
"171800";"1790"
"171820";"1790"
"171830";"1790"
"171840";"1790"
"171845";"1790"
"171850";"1790"
"171855";"1790"
"171865";"1790"
"171870";"1790"
"171875";"1790"
"171880";"1790"
"171884";"1790"
"171886";"1790"
"171888";"1790"
"171889";"1790"
"171890";"1790"
"171900";"1790"
"172000";"1790"
"172010";"1790"
"172015";"1790"
"172020";"1790"
"172025";"1790"
"172030";"1790"
"172049";"1790"
"172065";"1790"
"172080";"1790"
"172085";"1790"
"172090";"1790"
"172093";"1790"
"172097";"1790"
"172100";"1790"
"172110";"1790"
"172120";"1790"
"172125";"1790"
"172130";"1790"
"172208";"1790"
"172210";"1790"
"210000";"2100"
"210005";"2104"
"210010";"2102"
"210015";"2101"
"210020";"2101"
"210030";"2102"
"210040";"2106"
"210043";"2106"
"210047";"2107"
"210050";"2108"
"210055";"2107"
"210060";"2104"
"210070";"2101"
"210080";"2101"
"210083";"2103"
"210087";"2107"
"210090";"2101"
"210095";"2105"
"210100";"2101"
"210110";"2101"
"210120";"2106"
"210125";"2101"
"210130";"2103"
"210135";"2103"
"210140";"2108"
"210150";"2105"
"210160";"2105"
"210170";"2101"
"210173";"2101"
"210177";"2107"
"210180";"2105"
"210190";"2103"
"210193";"2106"
"210197";"2107"
"210200";"2107"
"210203";"2104"
"210207";"2106"
"210210";"2101"
"210215";"2106"
"210220";"2102"
"210230";"2105"
"210232";"2104"
"210235";"2104"
"210237";"2101"
"210240";"2103"
"210250";"2103"
"210255";"2104"
"210260";"2107"
"210270";"2101"
"210275";"2105"
"210280";"2108"
"210290";"2107"
"210300";"2102"
"210310";"2103"
"210312";"2103"
"210315";"2107"
"210317";"2107"
"210320";"2101"
"210325";"2104"
"210330";"2106"
"210340";"2102"
"210350";"2105"
"210355";"2106"
"210360";"2106"
"210370";"2103"
"210375";"2104"
"210380";"2105"
"210390";"2102"
"210400";"2106"
"210405";"2104"
"210407";"2108"
"210408";"2105"
"210409";"2108"
"210410";"2108"
"210420";"2105"
"210430";"2107"
"210440";"2105"
"210450";"2105"
"210455";"2104"
"210460";"2105"
"210462";"2105"
"210465";"2107"
"210467";"2107"
"210470";"2105"
"210480";"2105"
"210490";"2103"
"210500";"2101"
"210510";"2101"
"210515";"2107"
"210520";"2106"
"210530";"2104"
"210535";"2105"
"210540";"2101"
"210542";"2104"
"210545";"2105"
"210547";"2105"
"210550";"2104"
"210560";"2105"
"210565";"2107"
"210570";"2106"
"210580";"2106"
"210590";"2106"
"210592";"2105"
"210594";"2106"
"210596";"2106"
"210598";"2104"
"210600";"2106"
"210610";"2108"
"210620";"2107"
"210630";"2101"
"210632";"2107"
"210635";"2106"
"210637";"2107"
"210640";"2101"
"210650";"2103"
"210660";"2102"
"210663";"2101"
"210667";"2101"
"210670";"2105"
"210675";"2101"
"210680";"2103"
"210690";"2107"
"210700";"2104"
"210710";"2101"
"210720";"2101"
"210725";"2108"
"210730";"2105"
"210735";"2107"
"210740";"2106"
"210745";"2103"
"210750";"2101"
"210760";"2103"
"210770";"2105"
"210780";"2102"
"210790";"2105"
"210800";"2105"
"210805";"2101"
"210810";"2106"
"210820";"2106"
"210825";"2103"
"210830";"2103"
"210840";"2103"
"210845";"2106"
"210850";"2107"
"210860";"2103"
"210870";"2107"
"210880";"2101"
"210890";"2106"
"210900";"2104"
"210905";"2103"
"210910";"2105"
"210920";"2101"
"210923";"2107"
"210927";"2103"
"210930";"2101"
"210940";"2101"
"210945";"2101"
"210950";"2108"
"210955";"2104"
"210960";"2101"
"210970";"2108"
"210975";"2105"
"210980";"2103"
"210990";"2107"
"211000";"2107"
"211003";"2107"
"211010";"2101"
"211020";"2101"
"211023";"2101"
"211027";"2101"
"211030";"2105"
"211040";"2101"
"211050";"2103"
"211060";"2101"
"211065";"2105"
"211070";"2105"
"211080";"2108"
"211085";"2104"
"211090";"2102"
"211100";"2103"
"211102";"2107"
"211105";"2104"
"211107";"2102"
"211110";"2105"
"211120";"2101"
"211125";"2105"
"211130";"2101"
"211140";"2106"
"211150";"2106"
"211153";"2104"
"211157";"2108"
"211160";"2108"
"211163";"2106"
"211167";"2106"
"211170";"2103"
"211172";"2107"
"211174";"2105"
"211176";"2104"
"211178";"2103"
"211180";"2104"
"211190";"2105"
"211195";"2105"
"211200";"2108"
"211210";"2106"
"211220";"2102"
"211223";"2106"
"211227";"2107"
"211230";"2105"
"211240";"2103"
"211245";"2103"
"211250";"2101"
"211260";"2101"
"211270";"2101"
"211280";"2103"
"211285";"2104"
"211290";"2101"
"211300";"2106"
"211400";"2107"
"220000";"2200"
"220005";"2204"
"220010";"2203"
"220020";"2203"
"220025";"2204"
"220027";"2204"
"220030";"2203"
"220040";"2203"
"220045";"2206"
"220050";"2203"
"220060";"2203"
"220070";"2205"
"220080";"2203"
"220090";"2204"
"220095";"2204"
"220100";"2203"
"220105";"2202"
"220110";"2206"
"220115";"2203"
"220117";"2204"
"220120";"2202"
"220130";"2206"
"220140";"2203"
"220150";"2202"
"220155";"2204"
"220157";"2204"
"220160";"2203"
"220170";"2203"
"220173";"2204"
"220177";"2202"
"220180";"2204"
"220190";"2206"
"220191";"2201"
"220192";"2205"
"220194";"2202"
"220196";"2202"
"220198";"2203"
"220200";"2201"
"220202";"2202"
"220205";"2202"
"220207";"2204"
"220208";"2201"
"220209";"2204"
"220210";"2204"
"220211";"2205"
"220213";"2204"
"220217";"2202"
"220220";"2202"
"220225";"2203"
"220230";"2203"
"220240";"2202"
"220245";"2205"
"220250";"2205"
"220253";"2201"
"220255";"2204"
"220260";"2202"
"220265";"2201"
"220270";"2201"
"220271";"2202"
"220272";"2201"
"220273";"2203"
"220275";"2206"
"220277";"2204"
"220280";"2204"
"220285";"2205"
"220290";"2206"
"220300";"2206"
"220310";"2206"
"220320";"2206"
"220323";"2206"
"220325";"2203"
"220327";"2204"
"220330";"2203"
"220335";"2205"
"220340";"2204"
"220342";"2202"
"220345";"2205"
"220350";"2204"
"220360";"2206"
"220370";"2202"
"220375";"2205"
"220380";"2203"
"220385";"2204"
"220390";"2203"
"220400";"2204"
"220410";"2203"
"220415";"2204"
"220420";"2204"
"220430";"2204"
"220435";"2204"
"220440";"2206"
"220450";"2203"
"220455";"2205"
"220460";"2203"
"220465";"2201"
"220470";"2204"
"220480";"2204"
"220490";"2204"
"220500";"2204"
"220510";"2203"
"220515";"2204"
"220520";"2204"
"220525";"2203"
"220527";"2202"
"220530";"2203"
"220535";"2205"
"220540";"2202"
"220545";"2202"
"220550";"2203"
"220551";"2202"
"220552";"2206"
"220553";"2205"
"220554";"2203"
"220555";"2203"
"220556";"2205"
"220557";"2202"
"220558";"2203"
"220559";"2204"
"220560";"2203"
"220570";"2201"
"220580";"2202"
"220585";"2202"
"220590";"2203"
"220595";"2204"
"220600";"2203"
"220605";"2204"
"220610";"2202"
"220620";"2203"
"220630";"2203"
"220635";"2202"
"220640";"2203"
"220650";"2204"
"220660";"2206"
"220665";"2206"
"220667";"2202"
"220669";"2201"
"220670";"2203"
"220672";"2203"
"220675";"2202"
"220680";"2202"
"220690";"2204"
"220695";"2202"
"220700";"2204"
"220710";"2203"
"220720";"2204"
"220730";"2203"
"220735";"2203"
"220740";"2206"
"220750";"2203"
"220755";"2204"
"220760";"2206"
"220770";"2201"
"220775";"2203"
"220777";"2204"
"220779";"2203"
"220780";"2204"
"220785";"2203"
"220790";"2202"
"220793";"2203"
"220795";"2203"
"220800";"2204"
"220810";"2204"
"220820";"2204"
"220830";"2202"
"220840";"2202"
"220850";"2202"
"220855";"2203"
"220860";"2204"
"220865";"2204"
"220870";"2206"
"220880";"2203"
"220885";"2206"
"220887";"2203"
"220890";"2203"
"220900";"2203"
"220910";"2204"
"220915";"2204"
"220920";"2206"
"220930";"2206"
"220935";"2204"
"220937";"2204"
"220940";"2204"
"220945";"2203"
"220950";"2204"
"220955";"2205"
"220960";"2204"
"220965";"2204"
"220970";"2203"
"220975";"2206"
"220980";"2203"
"220985";"2204"
"220987";"2202"
"220990";"2202"
"220995";"2204"
"220997";"2202"
"221000";"2205"
"221005";"2202"
"221010";"2203"
"221020";"2204"
"221030";"2204"
"221035";"2205"
"221037";"2204"
"221038";"2204"
"221039";"2203"
"221040";"2202"
"221050";"2203"
"221060";"2205"
"221062";"2206"
"221063";"2203"
"221065";"2202"
"221070";"2204"
"221080";"2204"
"221090";"2203"
"221093";"2204"
"221095";"2203"
"221097";"2204"
"221100";"2203"
"221110";"2203"
"221120";"2203"
"221130";"2204"
"221135";"2205"
"221140";"2204"
"221150";"2204"
"221160";"2204"
"221170";"2204"
"230000";"2300"
"230010";"2303"
"230015";"2301"
"230020";"2302"
"230030";"2303"
"230040";"2304"
"230050";"2302"
"230060";"2303"
"230070";"2305"
"230075";"2301"
"230080";"2303"
"230090";"2301"
"230100";"2301"
"230110";"2305"
"230120";"2301"
"230125";"2302"
"230130";"2303"
"230140";"2301"
"230150";"2304"
"230160";"2303"
"230170";"2303"
"230180";"2303"
"230185";"2304"
"230190";"2303"
"230195";"2301"
"230200";"2303"
"230205";"2302"
"230210";"2301"
"230220";"2301"
"230230";"2302"
"230240";"2304"
"230250";"2303"
"230260";"2302"
"230270";"2303"
"230280";"2304"
"230290";"2301"
"230300";"2304"
"230310";"2302"
"230320";"2303"
"230330";"2303"
"230340";"2302"
"230350";"2301"
"230360";"2303"
"230365";"2302"
"230370";"2301"
"230380";"2303"
"230390";"2302"
"230393";"2304"
"230395";"2301"
"230400";"2302"
"230410";"2302"
"230420";"2303"
"230423";"2302"
"230425";"2302"
"230426";"2303"
"230427";"2305"
"230428";"2301"
"230430";"2303"
"230435";"2302"
"230440";"2301"
"230445";"2305"
"230450";"2302"
"230460";"2301"
"230465";"2302"
"230470";"2302"
"230480";"2303"
"230490";"2302"
"230495";"2301"
"230500";"2302"
"230510";"2301"
"230520";"2302"
"230523";"2301"
"230526";"2304"
"230530";"2302"
"230533";"2304"
"230535";"2305"
"230540";"2303"
"230550";"2303"
"230560";"2302"
"230565";"2302"
"230570";"2303"
"230580";"2302"
"230590";"2302"
"230600";"2305"
"230610";"2302"
"230620";"2305"
"230625";"2301"
"230630";"2301"
"230640";"2301"
"230650";"2301"
"230655";"2302"
"230660";"2304"
"230670";"2305"
"230680";"2305"
"230690";"2305"
"230700";"2305"
"230710";"2303"
"230720";"2303"
"230725";"2302"
"230730";"2303"
"230740";"2303"
"230750";"2303"
"230760";"2305"
"230763";"2304"
"230765";"2301"
"230770";"2301"
"230780";"2302"
"230790";"2302"
"230800";"2302"
"230810";"2303"
"230820";"2302"
"230830";"2303"
"230835";"2304"
"230837";"2301"
"230840";"2303"
"230850";"2303"
"230860";"2302"
"230870";"2305"
"230880";"2302"
"230890";"2302"
"230900";"2302"
"230910";"2301"
"230920";"2303"
"230930";"2302"
"230940";"2302"
"230945";"2301"
"230950";"2303"
"230960";"2301"
"230970";"2301"
"230980";"2301"
"230990";"2302"
"231000";"2305"
"231010";"2301"
"231020";"2301"
"231025";"2301"
"231030";"2304"
"231040";"2304"
"231050";"2304"
"231060";"2303"
"231070";"2301"
"231080";"2305"
"231085";"2301"
"231090";"2303"
"231095";"2302"
"231100";"2302"
"231110";"2303"
"231120";"2303"
"231123";"2305"
"231126";"2302"
"231130";"2304"
"231135";"2303"
"231140";"2304"
"231150";"2305"
"231160";"2301"
"231170";"2302"
"231180";"2305"
"231190";"2303"
"231195";"2303"
"231200";"2302"
"231210";"2303"
"231220";"2302"
"231230";"2302"
"231240";"2301"
"231250";"2305"
"231260";"2301"
"231270";"2304"
"231280";"2302"
"231290";"2302"
"231300";"2304"
"231310";"2305"
"231320";"2302"
"231325";"2303"
"231330";"2304"
"231335";"2301"
"231340";"2302"
"231350";"2301"
"231355";"2301"
"231360";"2302"
"231370";"2303"
"231375";"2301"
"231380";"2301"
"231390";"2302"
"231395";"2302"
"231400";"2303"
"231410";"2302"
"240000";"2400"
"240010";"2490"
"240020";"2490"
"240030";"2490"
"240040";"2490"
"240050";"2490"
"240060";"2490"
"240070";"2490"
"240080";"2490"
"240090";"2490"
"240100";"2490"
"240110";"2490"
"240120";"2490"
"240130";"2490"
"240140";"2490"
"240145";"2490"
"240150";"2490"
"240160";"2490"
"240165";"2490"
"240170";"2490"
"240180";"2490"
"240185";"2490"
"240190";"2490"
"240200";"2490"
"240210";"2490"
"240220";"2490"
"240230";"2490"
"240240";"2490"
"240250";"2490"
"240260";"2490"
"240270";"2490"
"240280";"2490"
"240290";"2490"
"240300";"2490"
"240310";"2490"
"240320";"2490"
"240325";"2490"
"240330";"2490"
"240340";"2490"
"240350";"2490"
"240360";"2490"
"240370";"2490"
"240375";"2490"
"240380";"2490"
"240390";"2490"
"240400";"2490"
"240410";"2490"
"240420";"2490"
"240430";"2490"
"240440";"2490"
"240450";"2490"
"240460";"2490"
"240470";"2490"
"240480";"2490"
"240485";"2490"
"240490";"2490"
"240500";"2490"
"240510";"2490"
"240520";"2490"
"240530";"2490"
"240540";"2490"
"240550";"2490"
"240560";"2490"
"240570";"2490"
"240580";"2490"
"240590";"2490"
"240600";"2490"
"240610";"2490"
"240615";"2490"
"240620";"2490"
"240630";"2490"
"240640";"2490"
"240650";"2490"
"240660";"2490"
"240670";"2490"
"240680";"2490"
"240690";"2490"
"240700";"2490"
"240710";"2490"
"240720";"2490"
"240725";"2490"
"240730";"2490"
"240740";"2490"
"240750";"2490"
"240760";"2490"
"240770";"2490"
"240780";"2490"
"240790";"2490"
"240800";"2490"
"240810";"2490"
"240820";"2490"
"240830";"2490"
"240840";"2490"
"240850";"2490"
"240860";"2490"
"240870";"2490"
"240880";"2490"
"240890";"2490"
"240895";"2490"
"240910";"2490"
"240920";"2490"
"240930";"2490"
"240933";"2490"
"240940";"2490"
"240950";"2490"
"240960";"2490"
"240970";"2490"
"240980";"2490"
"240990";"2490"
"241000";"2490"
"241010";"2490"
"241020";"2490"
"241025";"2490"
"241030";"2490"
"241040";"2490"
"241050";"2490"
"241060";"2490"
"241070";"2490"
"241080";"2490"
"241090";"2490"
"241100";"2490"
"241105";"2490"
"241110";"2490"
"241120";"2490"
"241140";"2490"
"241142";"2490"
"241150";"2490"
"241160";"2490"
"241170";"2490"
"241180";"2490"
"241190";"2490"
"241200";"2490"
"241210";"2490"
"241220";"2490"
"241230";"2490"
"241240";"2490"
"241250";"2490"
"241255";"2490"
"241260";"2490"
"241270";"2490"
"241280";"2490"
"241290";"2490"
"241300";"2490"
"241310";"2490"
"241320";"2490"
"241330";"2490"
"241335";"2490"
"241340";"2490"
"241350";"2490"
"241355";"2490"
"241360";"2490"
"241370";"2490"
"241380";"2490"
"241390";"2490"
"241400";"2490"
"241410";"2490"
"241415";"2490"
"241420";"2490"
"241430";"2490"
"241440";"2490"
"241445";"2490"
"241450";"2490"
"241460";"2490"
"241470";"2490"
"241475";"2490"
"241480";"2490"
"241490";"2490"
"241500";"2490"
"250000";"2500"
"250010";"2590"
"250020";"2590"
"250030";"2590"
"250040";"2590"
"250050";"2590"
"250053";"2590"
"250057";"2590"
"250060";"2590"
"250070";"2590"
"250073";"2590"
"250077";"2590"
"250080";"2590"
"250090";"2590"
"250100";"2590"
"250110";"2590"
"250115";"2590"
"250120";"2590"
"250130";"2590"
"250135";"2590"
"250140";"2590"
"250150";"2590"
"250153";"2590"
"250157";"2590"
"250160";"2590"
"250170";"2590"
"250180";"2590"
"250190";"2590"
"250200";"2590"
"250205";"2590"
"250210";"2590"
"250215";"2590"
"250220";"2590"
"250230";"2590"
"250240";"2590"
"250250";"2590"
"250260";"2590"
"250270";"2590"
"250280";"2590"
"250290";"2590"
"250300";"2590"
"250310";"2590"
"250320";"2590"
"250330";"2590"
"250340";"2590"
"250350";"2590"
"250355";"2590"
"250360";"2590"
"250370";"2590"
"250375";"2590"
"250380";"2590"
"250390";"2590"
"250400";"2590"
"250403";"2590"
"250407";"2590"
"250410";"2590"
"250415";"2590"
"250420";"2590"
"250430";"2590"
"250435";"2590"
"250440";"2590"
"250450";"2590"
"250460";"2590"
"250470";"2590"
"250480";"2590"
"250485";"2590"
"250490";"2590"
"250500";"2590"
"250510";"2590"
"250520";"2590"
"250523";"2590"
"250527";"2590"
"250530";"2590"
"250535";"2590"
"250540";"2590"
"250550";"2590"
"250560";"2590"
"250570";"2590"
"250580";"2590"
"250590";"2590"
"250600";"2590"
"250610";"2590"
"250620";"2590"
"250625";"2590"
"250630";"2590"
"250640";"2590"
"250650";"2590"
"250660";"2590"
"250670";"2590"
"250680";"2590"
"250690";"2590"
"250700";"2590"
"250710";"2590"
"250720";"2590"
"250730";"2590"
"250740";"2590"
"250750";"2590"
"250760";"2590"
"250770";"2590"
"250780";"2590"
"250790";"2590"
"250800";"2590"
"250810";"2590"
"250820";"2590"
"250830";"2590"
"250840";"2590"
"250850";"2590"
"250855";"2590"
"250860";"2590"
"250870";"2590"
"250880";"2590"
"250890";"2590"
"250900";"2590"
"250905";"2590"
"250910";"2590"
"250915";"2590"
"250920";"2590"
"250930";"2590"
"250933";"2590"
"250937";"2590"
"250939";"2590"
"250940";"2590"
"250950";"2590"
"250960";"2590"
"250970";"2590"
"250980";"2590"
"250990";"2590"
"251000";"2590"
"251010";"2590"
"251020";"2590"
"251030";"2590"
"251040";"2590"
"251050";"2590"
"251060";"2590"
"251065";"2590"
"251070";"2590"
"251080";"2590"
"251090";"2590"
"251100";"2590"
"251110";"2590"
"251120";"2590"
"251130";"2590"
"251140";"2590"
"251150";"2590"
"251160";"2590"
"251170";"2590"
"251180";"2590"
"251190";"2590"
"251200";"2590"
"251203";"2590"
"251207";"2590"
"251210";"2590"
"251220";"2590"
"251230";"2590"
"251240";"2590"
"251250";"2590"
"251260";"2590"
"251270";"2590"
"251272";"2590"
"251274";"2590"
"251275";"2590"
"251276";"2590"
"251278";"2590"
"251280";"2590"
"251290";"2590"
"251300";"2590"
"251310";"2590"
"251315";"2590"
"251320";"2590"
"251330";"2590"
"251335";"2590"
"251340";"2590"
"251350";"2590"
"251360";"2590"
"251365";"2590"
"251370";"2590"
"251380";"2590"
"251385";"2590"
"251390";"2590"
"251392";"2590"
"251394";"2590"
"251396";"2590"
"251398";"2590"
"251400";"2590"
"251410";"2590"
"251420";"2590"
"251430";"2590"
"251440";"2590"
"251445";"2590"
"251450";"2590"
"251455";"2590"
"251460";"2590"
"251465";"2590"
"251470";"2590"
"251480";"2590"
"251490";"2590"
"251500";"2590"
"251510";"2590"
"251520";"2590"
"251530";"2590"
"251540";"2590"
"251550";"2590"
"251560";"2590"
"251570";"2590"
"251580";"2590"
"251590";"2590"
"251593";"2590"
"251597";"2590"
"251600";"2590"
"251610";"2590"
"251615";"2590"
"251620";"2590"
"251630";"2590"
"251640";"2590"
"251650";"2590"
"251660";"2590"
"251670";"2590"
"251675";"2590"
"251680";"2590"
"251690";"2590"
"251700";"2590"
"251710";"2590"
"251720";"2590"
"251740";"2590"
"260000";"2600"
"260005";"2601"
"260010";"2603"
"260020";"2604"
"260030";"2602"
"260040";"2601"
"260050";"2602"
"260060";"2602"
"260070";"2601"
"260080";"2602"
"260090";"2601"
"260100";"2602"
"260105";"2601"
"260110";"2604"
"260120";"2603"
"260130";"2602"
"260140";"2601"
"260150";"2601"
"260160";"2604"
"260170";"2602"
"260180";"2603"
"260190";"2602"
"260200";"2604"
"260210";"2602"
"260220";"2601"
"260230";"2602"
"260240";"2602"
"260250";"2603"
"260260";"2602"
"260270";"2601"
"260280";"2603"
"260290";"2601"
"260300";"2604"
"260310";"2602"
"260320";"2602"
"260330";"2602"
"260340";"2603"
"260345";"2601"
"260350";"2602"
"260360";"2601"
"260370";"2602"
"260380";"2602"
"260390";"2603"
"260392";"2603"
"260400";"2601"
"260410";"2602"
"260415";"2601"
"260420";"2601"
"260430";"2604"
"260440";"2601"
"260450";"2601"
"260460";"2601"
"260470";"2602"
"260480";"2601"
"260490";"2601"
"260500";"2602"
"260510";"2603"
"260515";"2604"
"260520";"2601"
"260530";"2604"
"260540";"2601"
"260545";"2601"
"260550";"2601"
"260560";"2603"
"260570";"2603"
"260580";"2602"
"260590";"2601"
"260600";"2602"
"260610";"2601"
"260620";"2601"
"260630";"2604"
"260640";"2602"
"260650";"2602"
"260660";"2603"
"260670";"2602"
"260680";"2601"
"260690";"2603"
"260700";"2603"
"260710";"2603"
"260720";"2601"
"260730";"2604"
"260740";"2603"
"260750";"2602"
"260760";"2601"
"260765";"2601"
"260770";"2603"
"260775";"2601"
"260780";"2601"
"260790";"2601"
"260795";"2601"
"260800";"2602"
"260805";"2603"
"260810";"2601"
"260820";"2601"
"260825";"2602"
"260830";"2602"
"260840";"2602"
"260845";"2601"
"260850";"2601"
"260860";"2602"
"260870";"2601"
"260875";"2604"
"260880";"2602"
"260890";"2601"
"260900";"2601"
"260910";"2601"
"260915";"2603"
"260920";"2601"
"260930";"2604"
"260940";"2601"
"260950";"2601"
"260960";"2601"
"260970";"2601"
"260980";"2604"
"260990";"2604"
"261000";"2601"
"261010";"2602"
"261020";"2602"
"261030";"2602"
"261040";"2604"
"261050";"2601"
"261060";"2601"
"261070";"2601"
"261080";"2603"
"261090";"2602"
"261100";"2603"
"261110";"2604"
"261120";"2602"
"261130";"2601"
"261140";"2601"
"261150";"2601"
"261153";"2603"
"261160";"2601"
"261170";"2602"
"261180";"2601"
"261190";"2601"
"261200";"2602"
"261210";"2601"
"261220";"2604"
"261230";"2602"
"261240";"2602"
"261245";"2604"
"261247";"2603"
"261250";"2602"
"261255";"2604"
"261260";"2604"
"261270";"2602"
"261280";"2603"
"261290";"2601"
"261300";"2602"
"261310";"2602"
"261320";"2602"
"261330";"2602"
"261340";"2601"
"261350";"2603"
"261360";"2603"
"261370";"2601"
"261380";"2601"
"261390";"2603"
"261400";"2604"
"261410";"2603"
"261420";"2601"
"261430";"2604"
"261440";"2603"
"261450";"2601"
"261460";"2603"
"261470";"2602"
"261480";"2603"
"261485";"2601"
"261500";"2602"
"261510";"2602"
"261520";"2604"
"261530";"2601"
"261540";"2602"
"261550";"2601"
"261560";"2604"
"261570";"2603"
"261580";"2603"
"261590";"2603"
"261600";"2603"
"261610";"2604"
"261618";"2601"
"261620";"2602"
"261630";"2601"
"261640";"2601"
"261650";"2601"
"270000";"2700"
"270010";"2702"
"270020";"2701"
"270030";"2702"
"270040";"2701"
"270050";"2701"
"270060";"2701"
"270070";"2702"
"270080";"2702"
"270090";"2702"
"270100";"2701"
"270110";"2701"
"270120";"2702"
"270130";"2701"
"270135";"2701"
"270140";"2701"
"270150";"2702"
"270160";"2702"
"270170";"2701"
"270180";"2702"
"270190";"2701"
"270200";"2702"
"270210";"2701"
"270220";"2701"
"270230";"2701"
"270235";"2702"
"270240";"2702"
"270250";"2702"
"270255";"2702"
"270260";"2702"
"270270";"2701"
"270280";"2701"
"270290";"2702"
"270300";"2701"
"270310";"2702"
"270320";"2701"
"270330";"2702"
"270340";"2702"
"270350";"2701"
"270360";"2701"
"270370";"2702"
"270375";"2701"
"270380";"2701"
"270390";"2701"
"270400";"2701"
"270410";"2702"
"270420";"2702"
"270430";"2701"
"270440";"2702"
"270450";"2701"
"270460";"2702"
"270470";"2701"
"270480";"2702"
"270490";"2701"
"270500";"2702"
"270510";"2701"
"270520";"2701"
"270530";"2702"
"270540";"2702"
"270550";"2701"
"270560";"2701"
"270570";"2702"
"270580";"2702"
"270590";"2702"
"270600";"2702"
"270610";"2702"
"270620";"2702"
"270630";"2702"
"270640";"2702"
"270642";"2702"
"270644";"2701"
"270650";"2701"
"270660";"2701"
"270670";"2701"
"270680";"2701"
"270690";"2701"
"270700";"2701"
"270710";"2702"
"270720";"2702"
"270730";"2701"
"270740";"2701"
"270750";"2701"
"270760";"2701"
"270770";"2701"
"270780";"2701"
"270790";"2701"
"270800";"2702"
"270810";"2701"
"270820";"2701"
"270830";"2701"
"270840";"2702"
"270850";"2701"
"270860";"2701"
"270870";"2701"
"270880";"2702"
"270890";"2701"
"270895";"2702"
"270900";"2702"
"270910";"2702"
"270915";"2701"
"270920";"2702"
"270930";"2701"
"270940";"2701"
"280000";"2800"
"280010";"2890"
"280020";"2890"
"280030";"2890"
"280040";"2890"
"280050";"2890"
"280060";"2890"
"280067";"2890"
"280070";"2890"
"280100";"2890"
"280110";"2890"
"280120";"2890"
"280130";"2890"
"280140";"2890"
"280150";"2890"
"280160";"2890"
"280170";"2890"
"280190";"2890"
"280200";"2890"
"280210";"2890"
"280220";"2890"
"280230";"2890"
"280240";"2890"
"280250";"2890"
"280260";"2890"
"280270";"2890"
"280280";"2890"
"280290";"2890"
"280300";"2890"
"280310";"2890"
"280320";"2890"
"280330";"2890"
"280340";"2890"
"280350";"2890"
"280360";"2890"
"280370";"2890"
"280380";"2890"
"280390";"2890"
"280400";"2890"
"280410";"2890"
"280420";"2890"
"280430";"2890"
"280440";"2890"
"280445";"2890"
"280450";"2890"
"280460";"2890"
"280470";"2890"
"280480";"2890"
"280490";"2890"
"280500";"2890"
"280510";"2890"
"280520";"2890"
"280530";"2890"
"280540";"2890"
"280550";"2890"
"280560";"2890"
"280570";"2890"
"280580";"2890"
"280590";"2890"
"280600";"2890"
"280610";"2890"
"280620";"2890"
"280630";"2890"
"280640";"2890"
"280650";"2890"
"280660";"2890"
"280670";"2890"
"280680";"2890"
"280690";"2890"
"280700";"2890"
"280710";"2890"
"280720";"2890"
"280730";"2890"
"280740";"2890"
"280750";"2890"
"280760";"2890"
"290000";"2900"
"290010";"2901"
"290020";"2906"
"290030";"2905"
"290035";"2905"
"290040";"2901"
"290050";"2908"
"290060";"2909"
"290070";"2905"
"290080";"2903"
"290090";"2909"
"290100";"2904"
"290110";"2901"
"290115";"2902"
"290120";"2908"
"290130";"2901"
"290135";"2906"
"290140";"2907"
"290150";"2901"
"290160";"2905"
"290170";"2901"
"290180";"2906"
"290190";"2905"
"290195";"2909"
"290200";"2908"
"290205";"2905"
"290210";"2901"
"290220";"2905"
"290225";"2909"
"290230";"2904"
"290240";"2909"
"290250";"2907"
"290260";"2901"
"290265";"2905"
"290270";"2907"
"290280";"2908"
"290290";"2908"
"290300";"2902"
"290310";"2909"
"290320";"2907"
"290323";"2902"
"290327";"2901"
"290330";"2909"
"290340";"2903"
"290350";"2908"
"290360";"2901"
"290370";"2909"
"290380";"2901"
"290390";"2907"
"290395";"2908"
"290400";"2901"
"290405";"2901"
"290410";"2908"
"290420";"2908"
"290430";"2909"
"290440";"2907"
"290450";"2907"
"290460";"2908"
"290470";"2909"
"290475";"2907"
"290480";"2908"
"290485";"2904"
"290490";"2904"
"290500";"2908"
"290510";"2902"
"290515";"2908"
"290520";"2908"
"290530";"2902"
"290540";"2909"
"290550";"2902"
"290560";"2909"
"290570";"2904"
"290580";"2909"
"290590";"2906"
"290600";"2906"
"290610";"2907"
"290620";"2902"
"290630";"2909"
"290640";"2901"
"290650";"2904"
"290660";"2908"
"290670";"2908"
"290680";"2901"
"290682";"2906"
"290685";"2901"
"290687";"2902"
"290689";"2908"
"290690";"2903"
"290700";"2905"
"290710";"2908"
"290720";"2906"
"290730";"2904"
"290740";"2907"
"290750";"2905"
"290755";"2908"
"290760";"2902"
"290770";"2906"
"290780";"2905"
"290790";"2905"
"290800";"2909"
"290810";"2907"
"290820";"2904"
"290830";"2904"
"290840";"2901"
"290850";"2901"
"290860";"2904"
"290870";"2908"
"290880";"2908"
"290890";"2901"
"290900";"2908"
"290910";"2907"
"290920";"2905"
"290930";"2907"
"290940";"2907"
"290950";"2909"
"290960";"2905"
"290970";"2907"
"290980";"2904"
"290990";"2906"
"291000";"2909"
"291005";"2904"
"291010";"2908"
"291020";"2904"
"291030";"2904"
"291040";"2908"
"291050";"2905"
"291060";"2905"
"291070";"2901"
"291072";"2903"
"291075";"2905"
"291077";"2907"
"291080";"2901"
"291085";"2906"
"291090";"2908"
"291100";"2909"
"291110";"2907"
"291120";"2909"
"291125";"2901"
"291130";"2902"
"291140";"2906"
"291150";"2909"
"291160";"2904"
"291165";"2908"
"291170";"2908"
"291180";"2903"
"291185";"2905"
"291190";"2901"
"291200";"2908"
"291210";"2909"
"291220";"2908"
"291230";"2908"
"291240";"2902"
"291250";"2908"
"291260";"2901"
"291270";"2909"
"291280";"2903"
"291290";"2909"
"291300";"2901"
"291310";"2902"
"291320";"2907"
"291330";"2901"
"291340";"2908"
"291345";"2909"
"291350";"2908"
"291360";"2909"
"291370";"2905"
"291380";"2901"
"291390";"2909"
"291400";"2901"
"291410";"2907"
"291420";"2909"
"291430";"2909"
"291440";"2901"
"291450";"2901"
"291460";"2902"
"291465";"2903"
"291470";"2901"
"291480";"2909"
"291490";"2909"
"291500";"2901"
"291510";"2909"
"291520";"2909"
"291530";"2903"
"291535";"2902"
"291540";"2909"
"291550";"2909"
"291560";"2903"
"291570";"2909"
"291580";"2908"
"291590";"2905"
"291600";"2903"
"291610";"2904"
"291620";"2909"
"291630";"2903"
"291640";"2908"
"291650";"2905"
"291660";"2909"
"291670";"2909"
"291680";"2908"
"291685";"2904"
"291690";"2909"
"291700";"2906"
"291710";"2908"
"291720";"2908"
"291730";"2909"
"291733";"2908"
"291735";"2907"
"291740";"2908"
"291750";"2902"
"291760";"2909"
"291770";"2906"
"291780";"2904"
"291790";"2905"
"291800";"2909"
"291810";"2906"
"291820";"2904"
"291830";"2909"
"291835";"2902"
"291840";"2906"
"291845";"2903"
"291850";"2902"
"291855";"2909"
"291860";"2908"
"291870";"2909"
"291875";"2908"
"291880";"2904"
"291890";"2903"
"291900";"2901"
"291905";"2909"
"291910";"2901"
"291915";"2902"
"291920";"2904"
"291930";"2901"
"291940";"2908"
"291950";"2908"
"291955";"2907"
"291960";"2901"
"291970";"2908"
"291980";"2908"
"291990";"2906"
"291992";"2904"
"291995";"2908"
"292000";"2908"
"292010";"2902"
"292020";"2908"
"292030";"2908"
"292040";"2909"
"292045";"2907"
"292050";"2909"
"292060";"2904"
"292070";"2909"
"292080";"2901"
"292090";"2909"
"292100";"2904"
"292105";"2908"
"292110";"2903"
"292120";"2902"
"292130";"2904"
"292140";"2902"
"292145";"2908"
"292150";"2901"
"292160";"2907"
"292170";"2902"
"292180";"2908"
"292190";"2901"
"292200";"2903"
"292205";"2902"
"292210";"2901"
"292220";"2904"
"292225";"2907"
"292230";"2904"
"292240";"2904"
"292250";"2904"
"292260";"2909"
"292265";"2901"
"292270";"2908"
"292273";"2901"
"292275";"2909"
"292280";"2904"
"292285";"2901"
"292290";"2905"
"292300";"2903"
"292303";"2901"
"292305";"2905"
"292310";"2905"
"292320";"2907"
"292330";"2905"
"292335";"2902"
"292340";"2908"
"292350";"2901"
"292360";"2908"
"292370";"2907"
"292380";"2905"
"292390";"2909"
"292400";"2906"
"292405";"2901"
"292410";"2905"
"292420";"2906"
"292430";"2901"
"292440";"2906"
"292450";"2908"
"292460";"2906"
"292465";"2901"
"292467";"2909"
"292470";"2908"
"292480";"2902"
"292490";"2909"
"292500";"2908"
"292510";"2908"
"292520";"2904"
"292525";"2906"
"292530";"2903"
"292540";"2908"
"292550";"2903"
"292560";"2902"
"292570";"2908"
"292575";"2904"
"292580";"2901"
"292590";"2901"
"292593";"2902"
"292595";"2901"
"292600";"2906"
"292610";"2901"
"292620";"2907"
"292630";"2901"
"292640";"2908"
"292650";"2905"
"292660";"2905"
"292665";"2908"
"292670";"2908"
"292680";"2908"
"292690";"2908"
"292700";"2905"
"292710";"2906"
"292720";"2901"
"292730";"2904"
"292740";"2904"
"292750";"2901"
"292760";"2906"
"292770";"2903"
"292780";"2909"
"292790";"2909"
"292800";"2901"
"292805";"2909"
"292810";"2907"
"292820";"2907"
"292830";"2901"
"292840";"2907"
"292850";"2904"
"292860";"2904"
"292870";"2904"
"292880";"2901"
"292890";"2907"
"292895";"2901"
"292900";"2904"
"292905";"2907"
"292910";"2904"
"292920";"2904"
"292925";"2902"
"292930";"2901"
"292935";"2909"
"292937";"2902"
"292940";"2904"
"292950";"2904"
"292960";"2904"
"292970";"2905"
"292975";"2904"
"292980";"2902"
"292990";"2901"
"293000";"2908"
"293010";"2906"
"293015";"2907"
"293020";"2906"
"293030";"2907"
"293040";"2901"
"293050";"2901"
"293060";"2902"
"293070";"2904"
"293075";"2907"
"293076";"2905"
"293077";"2906"
"293080";"2901"
"293090";"2907"
"293100";"2908"
"293105";"2908"
"293110";"2901"
"293120";"2909"
"293130";"2902"
"293135";"2903"
"293140";"2901"
"293150";"2901"
"293160";"2909"
"293170";"2901"
"293180";"2908"
"293190";"2901"
"293200";"2906"
"293210";"2904"
"293220";"2909"
"293230";"2909"
"293240";"2902"
"293245";"2902"
"293250";"2909"
"293260";"2908"
"293270";"2909"
"293280";"2901"
"293290";"2909"
"293300";"2901"
"293305";"2902"
"293310";"2902"
"293315";"2902"
"293317";"2904"
"293320";"2904"
"293325";"2903"
"293330";"2908"
"293340";"2901"
"293345";"2907"
"293350";"2909"
"293360";"2902"
"310000";"3100"
"310010";"3113"
"310020";"3103"
"310030";"3110"
"310040";"3110"
"310050";"3106"
"310060";"3106"
"310070";"3112"
"310080";"3105"
"310090";"3111"
"310100";"3111"
"310110";"3106"
"310120";"3101"
"310130";"3101"
"310140";"3101"
"310150";"3107"
"310160";"3101"
"310163";"3102"
"310170";"3111"
"310180";"3106"
"310190";"3101"
"310200";"3101"
"310205";"3110"
"310210";"3102"
"310220";"3106"
"310230";"3110"
"310240";"3104"
"310250";"3110"
"310260";"3101"
"310270";"3111"
"310280";"3107"
"310285";"3111"
"310290";"3102"
"310300";"3106"
"310310";"3107"
"310320";"3103"
"310330";"3107"
"310340";"3111"
"310350";"3113"
"310360";"3107"
"310370";"3110"
"310375";"3113"
"310380";"3109"
"310390";"3105"
"310400";"3112"
"310410";"3101"
"310420";"3105"
"310430";"3101"
"310440";"3107"
"310445";"3104"
"310450";"3109"
"310460";"3107"
"310470";"3111"
"310480";"3103"
"310490";"3101"
"310500";"3103"
"310510";"3105"
"310520";"3111"
"310530";"3101"
"310540";"3103"
"310550";"3107"
"310560";"3102"
"310570";"3110"
"310590";"3102"
"310600";"3103"
"310610";"3107"
"310620";"3103"
"310630";"3106"
"310640";"3103"
"310650";"3111"
"310660";"3111"
"310665";"3108"
"310670";"3103"
"310680";"3107"
"310690";"3107"
"310700";"3103"
"310710";"3101"
"310720";"3107"
"310730";"3108"
"310740";"3105"
"310750";"3107"
"310760";"3101"
"310770";"3103"
"310780";"3106"
"310790";"3101"
"310800";"3102"
"310810";"3103"
"310820";"3109"
"310825";"3108"
"310830";"3101"
"310840";"3101"
"310850";"3108"
"310855";"3109"
"310860";"3108"
"310870";"3107"
"310880";"3106"
"310890";"3101"
"310900";"3103"
"310910";"3101"
"310920";"3103"
"310925";"3106"
"310930";"3109"
"310940";"3108"
"310945";"3109"
"310950";"3101"
"310960";"3103"
"310970";"3101"
"310980";"3113"
"310990";"3103"
"311000";"3103"
"311010";"3107"
"311020";"3110"
"311030";"3101"
"311040";"3105"
"311050";"3101"
"311060";"3101"
"311070";"3101"
"311080";"3111"
"311090";"3101"
"311100";"3101"
"311110";"3113"
"311115";"3108"
"311120";"3105"
"311130";"3101"
"311140";"3112"
"311150";"3112"
"311160";"3101"
"311170";"3110"
"311180";"3113"
"311190";"3105"
"311200";"3105"
"311205";"3106"
"311210";"3107"
"311220";"3102"
"311230";"3104"
"311240";"3101"
"311250";"3103"
"311260";"3113"
"311265";"3106"
"311270";"3108"
"311280";"3101"
"311290";"3110"
"311300";"3111"
"311310";"3102"
"311320";"3102"
"311330";"3107"
"311340";"3106"
"311350";"3104"
"311360";"3101"
"311370";"3111"
"311380";"3103"
"311390";"3101"
"311400";"3105"
"311410";"3101"
"311420";"3105"
"311430";"3109"
"311440";"3101"
"311450";"3105"
"311455";"3112"
"311460";"3101"
"311470";"3101"
"311480";"3101"
"311490";"3102"
"311500";"3113"
"311510";"3101"
"311520";"3102"
"311530";"3107"
"311535";"3103"
"311540";"3102"
"311545";"3111"
"311547";"3108"
"311550";"3101"
"311560";"3103"
"311570";"3106"
"311580";"3113"
"311590";"3107"
"311600";"3110"
"311610";"3104"
"311615";"3109"
"311620";"3107"
"311630";"3102"
"311640";"3101"
"311650";"3108"
"311660";"3105"
"311670";"3107"
"311680";"3104"
"311690";"3112"
"311700";"3111"
"311710";"3101"
"311720";"3101"
"311730";"3112"
"311740";"3110"
"311750";"3103"
"311760";"3105"
"311770";"3101"
"311780";"3101"
"311783";"3108"
"311787";"3103"
"311790";"3101"
"311800";"3102"
"311810";"3104"
"311820";"3112"
"311830";"3102"
"311840";"3106"
"311850";"3101"
"311860";"3103"
"311870";"3101"
"311880";"3108"
"311890";"3103"
"311900";"3101"
"311910";"3103"
"311920";"3106"
"311930";"3113"
"311940";"3106"
"311950";"3111"
"311960";"3107"
"311970";"3102"
"311980";"3105"
"311990";"3101"
"311995";"3105"
"312000";"3106"
"312010";"3104"
"312015";"3111"
"312020";"3105"
"312030";"3108"
"312040";"3102"
"312050";"3101"
"312060";"3103"
"312070";"3109"
"312080";"3101"
"312083";"3106"
"312087";"3108"
"312090";"3103"
"312100";"3104"
"312110";"3101"
"312120";"3101"
"312125";"3112"
"312130";"3107"
"312140";"3102"
"312150";"3102"
"312160";"3104"
"312170";"3110"
"312180";"3106"
"312190";"3107"
"312200";"3107"
"312210";"3106"
"312220";"3106"
"312230";"3105"
"312235";"3111"
"312240";"3101"
"312245";"3111"
"312247";"3109"
"312250";"3106"
"312260";"3103"
"312270";"3110"
"312280";"3101"
"312290";"3107"
"312300";"3102"
"312310";"3103"
"312320";"3105"
"312330";"3107"
"312340";"3101"
"312350";"3113"
"312352";"3110"
"312360";"3101"
"312370";"3106"
"312380";"3108"
"312385";"3106"
"312390";"3102"
"312400";"3107"
"312410";"3103"
"312420";"3107"
"312430";"3108"
"312440";"3101"
"312450";"3101"
"312460";"3107"
"312470";"3105"
"312480";"3113"
"312490";"3107"
"312500";"3107"
"312510";"3101"
"312520";"3101"
"312530";"3107"
"312540";"3104"
"312550";"3104"
"312560";"3111"
"312570";"3103"
"312580";"3106"
"312590";"3103"
"312595";"3107"
"312600";"3103"
"312610";"3105"
"312620";"3109"
"312630";"3101"
"312640";"3103"
"312650";"3111"
"312660";"3108"
"312670";"3108"
"312675";"3111"
"312680";"3111"
"312690";"3106"
"312695";"3106"
"312700";"3112"
"312705";"3111"
"312707";"3108"
"312710";"3112"
"312720";"3103"
"312730";"3106"
"312733";"3108"
"312735";"3108"
"312737";"3106"
"312738";"3107"
"312740";"3101"
"312750";"3106"
"312760";"3104"
"312770";"3106"
"312780";"3108"
"312790";"3113"
"312800";"3103"
"312810";"3101"
"312820";"3110"
"312825";"3108"
"312830";"3101"
"312840";"3107"
"312850";"3107"
"312860";"3109"
"312870";"3101"
"312880";"3107"
"312890";"3109"
"312900";"3107"
"312910";"3113"
"312920";"3101"
"312930";"3106"
"312940";"3102"
"312950";"3112"
"312960";"3108"
"312965";"3108"
"312970";"3101"
"312980";"3103"
"312990";"3101"
"313000";"3102"
"313005";"3108"
"313010";"3103"
"313020";"3105"
"313030";"3105"
"313040";"3101"
"313050";"3101"
"313055";"3106"
"313060";"3101"
"313065";"3108"
"313070";"3113"
"313080";"3101"
"313090";"3106"
"313100";"3103"
"313110";"3103"
"313115";"3106"
"313120";"3110"
"313130";"3106"
"313140";"3113"
"313150";"3101"
"313160";"3113"
"313170";"3103"
"313180";"3106"
"313190";"3103"
"313200";"3108"
"313210";"3108"
"313220";"3105"
"313230";"3111"
"313240";"3101"
"313250";"3104"
"313260";"3107"
"313270";"3111"
"313280";"3103"
"313290";"3101"
"313300";"3101"
"313310";"3101"
"313320";"3106"
"313330";"3111"
"313340";"3112"
"313350";"3105"
"313360";"3101"
"313370";"3105"
"313375";"3101"
"313380";"3105"
"313390";"3102"
"313400";"3111"
"313410";"3106"
"313420";"3113"
"313430";"3101"
"313440";"3112"
"313450";"3101"
"313460";"3103"
"313470";"3111"
"313480";"3101"
"313490";"3101"
"313500";"3106"
"313505";"3108"
"313507";"3106"
"313510";"3108"
"313520";"3108"
"313530";"3105"
"313535";"3108"
"313540";"3102"
"313545";"3111"
"313550";"3110"
"313560";"3108"
"313570";"3103"
"313580";"3111"
"313590";"3101"
"313600";"3111"
"313610";"3106"
"313620";"3103"
"313630";"3109"
"313640";"3108"
"313650";"3111"
"313652";"3104"
"313655";"3106"
"313657";"3108"
"313660";"3103"
"313665";"3103"
"313670";"3107"
"313680";"3108"
"313690";"3101"
"313695";"3108"
"313700";"3111"
"313710";"3109"
"313720";"3105"
"313730";"3108"
"313740";"3102"
"313750";"3109"
"313753";"3109"
"313760";"3103"
"313770";"3110"
"313780";"3101"
"313790";"3102"
"313800";"3107"
"313810";"3108"
"313820";"3101"
"313830";"3105"
"313835";"3104"
"313840";"3107"
"313850";"3107"
"313860";"3107"
"313862";"3112"
"313865";"3108"
"313867";"3110"
"313868";"3108"
"313870";"3101"
"313880";"3105"
"313890";"3111"
"313900";"3101"
"313910";"3102"
"313920";"3111"
"313925";"3108"
"313930";"3108"
"313940";"3110"
"313950";"3110"
"313960";"3106"
"313970";"3103"
"313980";"3107"
"313990";"3101"
"314000";"3103"
"314010";"3106"
"314015";"3103"
"314020";"3107"
"314030";"3106"
"314040";"3101"
"314050";"3105"
"314053";"3110"
"314055";"3111"
"314060";"3103"
"314070";"3103"
"314080";"3107"
"314085";"3108"
"314090";"3110"
"314100";"3108"
"314110";"3103"
"314120";"3109"
"314130";"3105"
"314140";"3111"
"314150";"3106"
"314160";"3107"
"314170";"3106"
"314180";"3104"
"314190";"3101"
"314200";"3108"
"314210";"3107"
"314220";"3107"
"314225";"3108"
"314230";"3103"
"314240";"3105"
"314250";"3103"
"314260";"3101"
"314270";"3108"
"314280";"3113"
"314290";"3108"
"314300";"3101"
"314310";"3113"
"314315";"3111"
"314320";"3101"
"314330";"3108"
"314340";"3101"
"314345";"3108"
"314350";"3103"
"314360";"3103"
"314370";"3103"
"314380";"3101"
"314390";"3107"
"314400";"3110"
"314410";"3101"
"314420";"3106"
"314430";"3111"
"314435";"3106"
"314437";"3109"
"314440";"3101"
"314450";"3102"
"314460";"3101"
"314465";"3108"
"314467";"3106"
"314470";"3103"
"314480";"3103"
"314490";"3111"
"314500";"3113"
"314505";"3108"
"314510";"3101"
"314520";"3105"
"314530";"3111"
"314535";"3111"
"314537";"3108"
"314540";"3107"
"314545";"3108"
"314550";"3101"
"314560";"3105"
"314570";"3107"
"314580";"3105"
"314585";"3110"
"314587";"3107"
"314590";"3102"
"314600";"3101"
"314610";"3103"
"314620";"3111"
"314625";"3108"
"314630";"3111"
"314640";"3103"
"314650";"3105"
"314655";"3108"
"314660";"3102"
"314670";"3107"
"314675";"3111"
"314690";"3103"
"314700";"3109"
"314710";"3105"
"314720";"3101"
"314730";"3101"
"314740";"3103"
"314750";"3103"
"314760";"3101"
"314770";"3105"
"314780";"3107"
"314790";"3101"
"314795";"3108"
"314800";"3109"
"314810";"3113"
"314820";"3107"
"314830";"3110"
"314840";"3106"
"314850";"3111"
"314860";"3106"
"314870";"3111"
"314875";"3107"
"314880";"3110"
"314890";"3105"
"314900";"3107"
"314910";"3101"
"314915";"3108"
"314920";"3112"
"314930";"3103"
"314940";"3107"
"314950";"3107"
"314960";"3103"
"314970";"3105"
"314980";"3112"
"314990";"3101"
"314995";"3106"
"315000";"3111"
"315010";"3107"
"315015";"3106"
"315020";"3110"
"315030";"3102"
"315040";"3103"
"315050";"3105"
"315053";"3106"
"315057";"3108"
"315060";"3105"
"315070";"3112"
"315080";"3102"
"315090";"3101"
"315100";"3101"
"315110";"3107"
"315120";"3108"
"315130";"3107"
"315140";"3105"
"315150";"3101"
"315160";"3112"
"315170";"3101"
"315180";"3101"
"315190";"3110"
"315200";"3103"
"315210";"3110"
"315213";"3108"
"315217";"3111"
"315220";"3108"
"315230";"3110"
"315240";"3111"
"315250";"3101"
"315260";"3101"
"315270";"3102"
"315280";"3113"
"315290";"3101"
"315300";"3112"
"315310";"3107"
"315320";"3103"
"315330";"3104"
"315340";"3109"
"315350";"3110"
"315360";"3103"
"315370";"3103"
"315380";"3102"
"315390";"3103"
"315400";"3110"
"315410";"3107"
"315415";"3110"
"315420";"3102"
"315430";"3106"
"315440";"3102"
"315445";"3109"
"315450";"3108"
"315460";"3103"
"315470";"3101"
"315480";"3103"
"315490";"3110"
"315500";"3110"
"315510";"3111"
"315520";"3102"
"315530";"3103"
"315540";"3107"
"315550";"3109"
"315560";"3108"
"315570";"3103"
"315580";"3107"
"315590";"3107"
"315600";"3103"
"315610";"3102"
"315620";"3107"
"315630";"3107"
"315640";"3113"
"315645";"3107"
"315650";"3108"
"315660";"3111"
"315670";"3103"
"315680";"3103"
"315690";"3112"
"315700";"3108"
"315710";"3111"
"315720";"3103"
"315725";"3106"
"315727";"3107"
"315730";"3102"
"315733";"3102"
"315737";"3108"
"315740";"3110"
"315750";"3106"
"315760";"3108"
"315765";"3111"
"315770";"3112"
"315780";"3103"
"315790";"3110"
"315800";"3103"
"315810";"3111"
"315820";"3106"
"315830";"3101"
"315840";"3107"
"315850";"3103"
"315860";"3107"
"315870";"3102"
"315880";"3105"
"315890";"3110"
"315895";"3106"
"315900";"3103"
"315910";"3102"
"315920";"3101"
"315930";"3107"
"315935";"3106"
"315940";"3102"
"315950";"3106"
"315960";"3101"
"315970";"3109"
"315980";"3113"
"315990";"3105"
"316000";"3107"
"316010";"3110"
"316020";"3104"
"316030";"3111"
"316040";"3105"
"316045";"3108"
"316050";"3103"
"316060";"3103"
"316070";"3107"
"316080";"3101"
"316090";"3102"
"316095";"3106"
"316100";"3103"
"316105";"3106"
"316110";"3108"
"316120";"3105"
"316130";"3112"
"316140";"3107"
"316150";"3107"
"316160";"3106"
"316165";"3106"
"316170";"3109"
"316180";"3105"
"316190";"3103"
"316200";"3101"
"316210";"3109"
"316220";"3101"
"316225";"3108"
"316230";"3101"
"316240";"3108"
"316245";"3108"
"316250";"3102"
"316255";"3110"
"316257";"3106"
"316260";"3106"
"316265";"3108"
"316270";"3108"
"316280";"3106"
"316290";"3107"
"316292";"3103"
"316294";"3101"
"316295";"3103"
"316300";"3106"
"316310";"3105"
"316320";"3101"
"316330";"3111"
"316340";"3110"
"316350";"3106"
"316360";"3110"
"316370";"3101"
"316380";"3110"
"316390";"3101"
"316400";"3110"
"316410";"3106"
"316420";"3108"
"316430";"3101"
"316440";"3101"
"316443";"3107"
"316447";"3106"
"316450";"3106"
"316460";"3105"
"316470";"3101"
"316480";"3103"
"316490";"3101"
"316500";"3102"
"316510";"3101"
"316520";"3101"
"316530";"3102"
"316540";"3101"
"316550";"3106"
"316553";"3103"
"316555";"3111"
"316556";"3110"
"316557";"3101"
"316560";"3107"
"316570";"3107"
"316580";"3101"
"316590";"3104"
"316600";"3102"
"316610";"3103"
"316620";"3102"
"316630";"3110"
"316640";"3101"
"316650";"3103"
"316660";"3105"
"316670";"3111"
"316680";"3109"
"316690";"3101"
"316695";"3108"
"316700";"3101"
"316710";"3104"
"316720";"3103"
"316730";"3107"
"316740";"3101"
"316750";"3107"
"316760";"3110"
"316770";"3106"
"316780";"3101"
"316790";"3107"
"316800";"3108"
"316805";"3110"
"316810";"3112"
"316820";"3105"
"316830";"3103"
"316840";"3106"
"316850";"3110"
"316860";"3111"
"316870";"3106"
"316880";"3102"
"316890";"3109"
"316900";"3107"
"316905";"3101"
"316910";"3101"
"316920";"3107"
"316930";"3101"
"316935";"3103"
"316940";"3101"
"316950";"3106"
"316960";"3113"
"316970";"3104"
"316980";"3101"
"316990";"3107"
"317000";"3108"
"317005";"3106"
"317010";"3112"
"317020";"3113"
"317030";"3111"
"317040";"3109"
"317043";"3112"
"317047";"3109"
"317050";"3110"
"317052";"3108"
"317057";"3106"
"317060";"3101"
"317065";"3108"
"317070";"3101"
"317075";"3109"
"317080";"3108"
"317090";"3108"
"317100";"3109"
"317103";"3108"
"317107";"3104"
"317110";"3112"
"317115";"3106"
"317120";"3103"
"317130";"3110"
"317140";"3107"
"317150";"3106"
"317160";"3111"
"317170";"3101"
"317180";"3103"
"317190";"3106"
"317200";"3107"
"317210";"3107"
"317220";"3101"
"320000";"3200"
"320010";"3290"
"320013";"3290"
"320016";"3290"
"320020";"3290"
"320030";"3290"
"320035";"3290"
"320040";"3290"
"320050";"3290"
"320060";"3290"
"320070";"3290"
"320080";"3290"
"320090";"3290"
"320100";"3290"
"320110";"3290"
"320115";"3290"
"320120";"3290"
"320130";"3290"
"320140";"3290"
"320150";"3290"
"320160";"3290"
"320170";"3290"
"320180";"3290"
"320190";"3290"
"320200";"3290"
"320210";"3290"
"320220";"3290"
"320225";"3290"
"320230";"3290"
"320240";"3290"
"320245";"3290"
"320250";"3290"
"320255";"3290"
"320260";"3290"
"320265";"3290"
"320270";"3290"
"320280";"3290"
"320290";"3290"
"320300";"3290"
"320305";"3290"
"320310";"3290"
"320313";"3290"
"320316";"3290"
"320320";"3290"
"320330";"3290"
"320332";"3290"
"320334";"3290"
"320335";"3290"
"320340";"3290"
"320350";"3290"
"320360";"3290"
"320370";"3290"
"320380";"3290"
"320390";"3290"
"320400";"3290"
"320405";"3290"
"320410";"3290"
"320420";"3290"
"320425";"3290"
"320430";"3290"
"320435";"3290"
"320440";"3290"
"320450";"3290"
"320455";"3290"
"320460";"3290"
"320465";"3290"
"320470";"3290"
"320480";"3290"
"320490";"3290"
"320495";"3290"
"320500";"3290"
"320501";"3290"
"320503";"3290"
"320506";"3290"
"320510";"3290"
"320515";"3290"
"320517";"3290"
"320520";"3290"
"320530";"3290"
"330000";"3300"
"330010";"3390"
"330015";"3390"
"330020";"3390"
"330022";"3390"
"330023";"3390"
"330025";"3390"
"330030";"3390"
"330040";"3390"
"330045";"3390"
"330050";"3390"
"330060";"3390"
"330070";"3390"
"330080";"3390"
"330090";"3390"
"330093";"3390"
"330095";"3390"
"330100";"3390"
"330110";"3390"
"330115";"3390"
"330120";"3390"
"330130";"3390"
"330140";"3390"
"330150";"3390"
"330160";"3390"
"330170";"3390"
"330180";"3390"
"330185";"3390"
"330187";"3390"
"330190";"3390"
"330200";"3390"
"330205";"3390"
"330210";"3390"
"330220";"3390"
"330225";"3390"
"330227";"3390"
"330230";"3390"
"330240";"3390"
"330245";"3390"
"330250";"3390"
"330260";"3390"
"330270";"3390"
"330280";"3390"
"330285";"3390"
"330290";"3390"
"330300";"3390"
"330310";"3390"
"330320";"3390"
"330330";"3390"
"330340";"3390"
"330350";"3390"
"330360";"3390"
"330370";"3390"
"330380";"3390"
"330385";"3390"
"330390";"3390"
"330395";"3390"
"330400";"3390"
"330410";"3390"
"330411";"3390"
"330412";"3390"
"330414";"3390"
"330415";"3390"
"330420";"3390"
"330430";"3390"
"330440";"3390"
"330450";"3390"
"330452";"3390"
"330455";"3390"
"330460";"3390"
"330470";"3390"
"330475";"3390"
"330480";"3390"
"330490";"3390"
"330500";"3390"
"330510";"3390"
"330513";"3390"
"330515";"3390"
"330520";"3390"
"330530";"3390"
"330540";"3390"
"330550";"3390"
"330555";"3390"
"330560";"3390"
"330570";"3390"
"330575";"3390"
"330580";"3390"
"330590";"3390"
"330600";"3390"
"330610";"3390"
"330615";"3390"
"330620";"3390"
"330630";"3390"
"350000";"3500"
"350010";"3510"
"350020";"3512"
"350030";"3515"
"350040";"3515"
"350050";"3515"
"350055";"3509"
"350060";"3514"
"350070";"3509"
"350075";"3508"
"350080";"3511"
"350090";"3513"
"350100";"3513"
"350110";"3512"
"350115";"3508"
"350120";"3512"
"350130";"3511"
"350140";"3510"
"350150";"3510"
"350160";"3515"
"350170";"3513"
"350180";"3512"
"350190";"3515"
"350200";"3514"
"350210";"3512"
"350220";"3508"
"350230";"3509"
"350240";"3511"
"350250";"3517"
"350260";"3512"
"350270";"3508"
"350275";"3508"
"350280";"3512"
"350290";"3508"
"350300";"3513"
"350310";"3509"
"350315";"3517"
"350320";"3513"
"350330";"3514"
"350335";"3510"
"350340";"3509"
"350350";"3517"
"350360";"3509"
"350370";"3512"
"350380";"3515"
"350390";"3502"
"350395";"3512"
"350400";"3510"
"350410";"3516"
"350420";"3512"
"350430";"3509"
"350440";"3512"
"350450";"3509"
"350460";"3512"
"350470";"3509"
"350480";"3512"
"350490";"3517"
"350500";"3509"
"350510";"3512"
"350520";"3509"
"350530";"3509"
"350535";"3508"
"350540";"3507"
"350550";"3513"
"350560";"3513"
"350570";"3505"
"350580";"3510"
"350590";"3513"
"350600";"3509"
"350610";"3513"
"350620";"3512"
"350630";"3510"
"350635";"3507"
"350640";"3512"
"350650";"3512"
"350660";"3502"
"350670";"3513"
"350680";"3509"
"350690";"3509"
"350700";"3508"
"350710";"3516"
"350715";"3508"
"350720";"3510"
"350730";"3509"
"350740";"3513"
"350745";"3509"
"350750";"3509"
"350760";"3516"
"350770";"3512"
"350775";"3512"
"350780";"3513"
"350790";"3509"
"350800";"3508"
"350810";"3512"
"350820";"3513"
"350830";"3509"
"350840";"3516"
"350850";"3517"
"350860";"3517"
"350870";"3515"
"350880";"3509"
"350890";"3511"
"350900";"3503"
"350910";"3511"
"350920";"3503"
"350925";"3507"
"350930";"3513"
"350940";"3513"
"350945";"3508"
"350950";"3515"
"350960";"3516"
"350970";"3517"
"350980";"3510"
"350990";"3507"
"350995";"3517"
"351000";"3510"
"351010";"3513"
"351015";"3510"
"351020";"3508"
"351030";"3508"
"351040";"3514"
"351050";"3517"
"351060";"3505"
"351070";"3512"
"351080";"3515"
"351090";"3513"
"351100";"3512"
"351110";"3512"
"351120";"3512"
"351130";"3512"
"351140";"3509"
"351150";"3508"
"351160";"3508"
"351170";"3514"
"351190";"3512"
"351200";"3513"
"351210";"3513"
"351220";"3514"
"351230";"3509"
"351240";"3514"
"351250";"3512"
"351260";"3509"
"351270";"3514"
"351280";"3515"
"351290";"3512"
"351300";"3504"
"351310";"3513"
"351320";"3513"
"351330";"3510"
"351340";"3517"
"351350";"3507"
"351360";"3517"
"351370";"3513"
"351380";"3501"
"351385";"3512"
"351390";"3515"
"351400";"3513"
"351410";"3509"
"351420";"3512"
"351430";"3513"
"351440";"3511"
"351450";"3509"
"351460";"3513"
"351470";"3510"
"351480";"3507"
"351490";"3514"
"351492";"3512"
"351495";"3512"
"351500";"3504"
"351510";"3504"
"351512";"3511"
"351515";"3514"
"351518";"3515"
"351519";"3510"
"351520";"3512"
"351530";"3511"
"351535";"3511"
"351540";"3509"
"351550";"3512"
"351560";"3512"
"351565";"3510"
"351570";"3502"
"351580";"3511"
"351590";"3512"
"351600";"3510"
"351610";"3510"
"351620";"3513"
"351630";"3503"
"351640";"3503"
"351650";"3512"
"351660";"3510"
"351670";"3510"
"351680";"3512"
"351685";"3513"
"351690";"3512"
"351700";"3509"
"351710";"3512"
"351720";"3509"
"351730";"3510"
"351740";"3513"
"351750";"3512"
"351760";"3508"
"351770";"3513"
"351780";"3512"
"351790";"3513"
"351800";"3512"
"351810";"3510"
"351820";"3512"
"351830";"3502"
"351840";"3517"
"351850";"3508"
"351860";"3513"
"351870";"3507"
"351880";"3502"
"351885";"3513"
"351890";"3512"
"351900";"3510"
"351905";"3515"
"351907";"3515"
"351910";"3509"
"351920";"3510"
"351925";"3509"
"351930";"3513"
"351940";"3512"
"351950";"3510"
"351960";"3513"
"351970";"3508"
"351980";"3512"
"351990";"3511"
"352000";"3509"
"352010";"3513"
"352020";"3517"
"352030";"3507"
"352040";"3517"
"352042";"3507"
"352044";"3512"
"352050";"3515"
"352060";"3511"
"352070";"3512"
"352080";"3510"
"352090";"3510"
"352100";"3508"
"352110";"3514"
"352115";"3512"
"352120";"3507"
"352130";"3513"
"352140";"3514"
"352150";"3512"
"352160";"3511"
"352170";"3508"
"352180";"3509"
"352190";"3512"
"352200";"3509"
"352210";"3507"
"352215";"3508"
"352220";"3504"
"352230";"3508"
"352240";"3508"
"352250";"3505"
"352260";"3515"
"352265";"3508"
"352270";"3513"
"352280";"3509"
"352290";"3509"
"352300";"3512"
"352310";"3502"
"352320";"3508"
"352330";"3507"
"352340";"3515"
"352350";"3509"
"352360";"3514"
"352370";"3513"
"352380";"3515"
"352390";"3508"
"352400";"3516"
"352410";"3513"
"352420";"3513"
"352430";"3513"
"352440";"3517"
"352450";"3512"
"352460";"3507"
"352470";"3515"
"352480";"3512"
"352490";"3517"
"352500";"3505"
"352510";"3513"
"352520";"3516"
"352530";"3509"
"352540";"3513"
"352550";"3516"
"352560";"3511"
"352570";"3512"
"352580";"3510"
"352585";"3508"
"352590";"3516"
"352600";"3511"
"352610";"3507"
"352620";"3504"
"352630";"3517"
"352640";"3509"
"352650";"3512"
"352660";"3517"
"352670";"3514"
"352680";"3509"
"352690";"3514"
"352700";"3515"
"352710";"3509"
"352720";"3517"
"352725";"3512"
"352730";"3516"
"352740";"3510"
"352750";"3509"
"352760";"3513"
"352770";"3512"
"352780";"3510"
"352790";"3510"
"352800";"3509"
"352810";"3512"
"352820";"3512"
"352830";"3512"
"352840";"3508"
"352850";"3503"
"352860";"3509"
"352870";"3511"
"352880";"3510"
"352885";"3512"
"352890";"3510"
"352900";"3510"
"352910";"3512"
"352920";"3511"
"352930";"3513"
"352940";"3501"
"352950";"3512"
"352960";"3512"
"352965";"3512"
"352970";"3513"
"352980";"3509"
"352990";"3507"
"353000";"3512"
"353010";"3512"
"353020";"3511"
"353030";"3512"
"353040";"3512"
"353050";"3515"
"353060";"3502"
"353070";"3515"
"353080";"3515"
"353090";"3514"
"353100";"3512"
"353110";"3507"
"353120";"3515"
"353130";"3513"
"353140";"3512"
"353150";"3513"
"353160";"3511"
"353170";"3517"
"353180";"3515"
"353190";"3513"
"353200";"3515"
"353205";"3513"
"353210";"3512"
"353215";"3511"
"353220";"3511"
"353230";"3517"
"353240";"3516"
"353250";"3512"
"353260";"3512"
"353270";"3512"
"353280";"3512"
"353282";"3508"
"353284";"3512"
"353286";"3512"
"353290";"3513"
"353300";"3512"
"353310";"3511"
"353320";"3512"
"353325";"3512"
"353330";"3512"
"353340";"3515"
"353350";"3512"
"353360";"3513"
"353370";"3510"
"353380";"3510"
"353390";"3513"
"353400";"3512"
"353410";"3510"
"353420";"3512"
"353430";"3513"
"353440";"3505"
"353450";"3510"
"353460";"3510"
"353470";"3510"
"353475";"3512"
"353480";"3511"
"353490";"3510"
"353500";"3512"
"353510";"3512"
"353520";"3512"
"353530";"3510"
"353540";"3511"
"353550";"3510"
"353560";"3517"
"353570";"3512"
"353580";"3509"
"353590";"3512"
"353600";"3510"
"353610";"3509"
"353620";"3507"
"353625";"3512"
"353630";"3513"
"353640";"3511"
"353650";"3515"
"353657";"3509"
"353660";"3512"
"353670";"3509"
"353680";"3516"
"353690";"3512"
"353700";"3513"
"353710";"3515"
"353715";"3510"
"353720";"3507"
"353730";"3512"
"353740";"3512"
"353750";"3509"
"353760";"3507"
"353770";"3512"
"353780";"3508"
"353790";"3508"
"353800";"3517"
"353810";"3512"
"353820";"3516"
"353830";"3511"
"353850";"3517"
"353860";"3516"
"353870";"3514"
"353880";"3509"
"353890";"3509"
"353900";"3512"
"353910";"3505"
"353920";"3511"
"353930";"3514"
"353940";"3509"
"353950";"3513"
"353960";"3512"
"353970";"3510"
"353980";"3502"
"353990";"3512"
"354000";"3510"
"354010";"3509"
"354020";"3513"
"354025";"3512"
"354030";"3512"
"354040";"3512"
"354050";"3509"
"354060";"3508"
"354070";"3513"
"354075";"3517"
"354080";"3512"
"354085";"3510"
"354090";"3513"
"354100";"3507"
"354105";"3509"
"354110";"3509"
"354120";"3511"
"354130";"3511"
"354140";"3511"
"354150";"3511"
"354160";"3509"
"354165";"3508"
"354170";"3511"
"354180";"3510"
"354190";"3517"
"354200";"3510"
"354210";"3514"
"354220";"3511"
"354230";"3517"
"354240";"3511"
"354250";"3509"
"354260";"3507"
"354270";"3513"
"354280";"3508"
"354290";"3513"
"354300";"3508"
"354310";"3513"
"354320";"3510"
"354323";"3511"
"354325";"3508"
"354330";"3501"
"354340";"3513"
"354350";"3508"
"354360";"3513"
"354370";"3513"
"354380";"3510"
"354390";"3514"
"354400";"3514"
"354410";"3501"
"354420";"3512"
"354425";"3511"
"354430";"3517"
"354440";"3512"
"354450";"3512"
"354460";"3509"
"354470";"3510"
"354480";"3512"
"354490";"3513"
"354500";"3502"
"354510";"3510"
"354515";"3514"
"354520";"3508"
"354530";"3508"
"354540";"3510"
"354550";"3511"
"354560";"3512"
"354570";"3512"
"354580";"3515"
"354600";"3517"
"354610";"3512"
"354620";"3514"
"354625";"3513"
"354630";"3515"
"354640";"3510"
"354650";"3513"
"354660";"3512"
"354670";"3514"
"354680";"3502"
"354690";"3513"
"354700";"3514"
"354710";"3511"
"354720";"3512"
"354730";"3505"
"354740";"3512"
"354750";"3513"
"354760";"3513"
"354765";"3512"
"354770";"3511"
"354780";"3501"
"354790";"3513"
"354800";"3515"
"354805";"3512"
"354810";"3515"
"354820";"3517"
"354830";"3511"
"354840";"3512"
"354850";"3507"
"354860";"3517"
"354870";"3501"
"354880";"3501"
"354890";"3513"
"354900";"3512"
"354910";"3515"
"354920";"3512"
"354925";"3512"
"354930";"3511"
"354940";"3513"
"354950";"3513"
"354960";"3517"
"354970";"3515"
"354980";"3512"
"354990";"3517"
"354995";"3504"
"355000";"3517"
"355010";"3509"
"355020";"3508"
"355030";"3506"
"355040";"3514"
"355050";"3510"
"355060";"3508"
"355070";"3517"
"355080";"3515"
"355090";"3513"
"355100";"3507"
"355110";"3508"
"355120";"3509"
"355130";"3512"
"355140";"3513"
"355150";"3513"
"355160";"3515"
"355170";"3513"
"355180";"3507"
"355190";"3513"
"355200";"3517"
"355210";"3516"
"355220";"3508"
"355230";"3512"
"355240";"3515"
"355250";"3502"
"355255";"3512"
"355260";"3512"
"355270";"3513"
"355280";"3504"
"355290";"3511"
"355300";"3509"
"355310";"3513"
"355320";"3513"
"355330";"3515"
"355340";"3512"
"355350";"3508"
"355360";"3515"
"355365";"3513"
"355370";"3513"
"355380";"3509"
"355385";"3508"
"355390";"3511"
"355395";"3510"
"355400";"3508"
"355410";"3517"
"355420";"3509"
"355430";"3511"
"355440";"3513"
"355450";"3508"
"355460";"3510"
"355465";"3509"
"355470";"3509"
"355475";"3513"
"355480";"3517"
"355490";"3512"
"355495";"3516"
"355500";"3510"
"355510";"3511"
"355520";"3512"
"355530";"3512"
"355535";"3512"
"355540";"3517"
"355550";"3510"
"355560";"3512"
"355570";"3512"
"355580";"3512"
"355590";"3509"
"355600";"3512"
"355610";"3512"
"355620";"3515"
"355630";"3512"
"355635";"3516"
"355640";"3515"
"355645";"3504"
"355650";"3516"
"355660";"3510"
"355670";"3515"
"355680";"3513"
"355690";"3513"
"355695";"3512"
"355700";"3508"
"355710";"3512"
"355715";"3512"
"355720";"3510"
"355730";"3515"
"410000";"4100"
"410010";"4102"
"410020";"4101"
"410030";"4101"
"410040";"4101"
"410045";"4104"
"410050";"4104"
"410060";"4104"
"410070";"4104"
"410080";"4102"
"410090";"4104"
"410100";"4103"
"410105";"4103"
"410110";"4102"
"410115";"4104"
"410120";"4101"
"410130";"4101"
"410140";"4102"
"410150";"4102"
"410160";"4101"
"410165";"4102"
"410170";"4104"
"410180";"4101"
"410185";"4102"
"410190";"4102"
"410200";"4103"
"410210";"4104"
"410220";"4104"
"410230";"4101"
"410240";"4102"
"410250";"4104"
"410260";"4103"
"410270";"4102"
"410275";"4103"
"410280";"4102"
"410290";"4101"
"410300";"4104"
"410302";"4103"
"410304";"4101"
"410305";"4103"
"410310";"4101"
"410315";"4103"
"410320";"4102"
"410322";"4103"
"410330";"4102"
"410335";"4103"
"410337";"4104"
"410340";"4102"
"410345";"4103"
"410347";"4104"
"410350";"4102"
"410360";"4102"
"410370";"4102"
"410380";"4102"
"410390";"4104"
"410395";"4101"
"410400";"4101"
"410405";"4103"
"410410";"4101"
"410420";"4101"
"410425";"4101"
"410430";"4104"
"410440";"4102"
"410442";"4101"
"410445";"4101"
"410450";"4103"
"410460";"4103"
"410465";"4101"
"410470";"4102"
"410480";"4103"
"410490";"4101"
"410500";"4103"
"410510";"4102"
"410520";"4101"
"410530";"4103"
"410540";"4103"
"410550";"4104"
"410560";"4104"
"410570";"4103"
"410580";"4101"
"410590";"4104"
"410600";"4102"
"410610";"4102"
"410620";"4101"
"410630";"4103"
"410640";"4102"
"410645";"4103"
"410650";"4103"
"410655";"4104"
"410657";"4103"
"410660";"4104"
"410670";"4104"
"410680";"4101"
"410685";"4102"
"410690";"4101"
"410700";"4101"
"410710";"4104"
"410712";"4103"
"410715";"4103"
"410720";"4103"
"410725";"4104"
"410730";"4104"
"410740";"4103"
"410750";"4104"
"410752";"4104"
"410753";"4103"
"410754";"4103"
"410755";"4104"
"410760";"4102"
"410765";"4101"
"410770";"4104"
"410773";"4101"
"410775";"4102"
"410780";"4104"
"410785";"4103"
"410790";"4104"
"410800";"4102"
"410810";"4104"
"410820";"4103"
"410830";"4103"
"410832";"4104"
"410840";"4103"
"410845";"4101"
"410850";"4101"
"410855";"4102"
"410860";"4104"
"410865";"4101"
"410870";"4102"
"410880";"4103"
"410890";"4104"
"410895";"4101"
"410900";"4102"
"410910";"4104"
"410920";"4102"
"410930";"4103"
"410940";"4101"
"410950";"4101"
"410960";"4101"
"410965";"4103"
"410970";"4102"
"410975";"4103"
"410980";"4102"
"410990";"4104"
"411000";"4104"
"411005";"4103"
"411007";"4101"
"411010";"4101"
"411020";"4101"
"411030";"4104"
"411040";"4104"
"411050";"4101"
"411060";"4104"
"411065";"4103"
"411070";"4101"
"411080";"4104"
"411090";"4104"
"411095";"4103"
"411100";"4102"
"411110";"4104"
"411120";"4103"
"411125";"4101"
"411130";"4104"
"411140";"4101"
"411150";"4102"
"411155";"4104"
"411160";"4104"
"411170";"4102"
"411180";"4102"
"411190";"4102"
"411200";"4101"
"411210";"4102"
"411220";"4104"
"411230";"4102"
"411240";"4104"
"411250";"4102"
"411260";"4104"
"411270";"4102"
"411275";"4103"
"411280";"4102"
"411290";"4102"
"411295";"4104"
"411300";"4104"
"411310";"4102"
"411320";"4101"
"411325";"4101"
"411330";"4101"
"411340";"4102"
"411342";"4102"
"411345";"4103"
"411350";"4104"
"411360";"4104"
"411370";"4102"
"411373";"4104"
"411375";"4102"
"411380";"4102"
"411390";"4101"
"411400";"4104"
"411410";"4104"
"411420";"4104"
"411430";"4101"
"411435";"4103"
"411440";"4103"
"411450";"4102"
"411460";"4103"
"411470";"4104"
"411480";"4104"
"411490";"4102"
"411500";"4104"
"411510";"4104"
"411520";"4104"
"411530";"4103"
"411535";"4103"
"411540";"4103"
"411545";"4101"
"411550";"4102"
"411560";"4103"
"411570";"4101"
"411573";"4102"
"411575";"4102"
"411580";"4103"
"411585";"4103"
"411590";"4104"
"411600";"4102"
"411605";"4103"
"411610";"4104"
"411620";"4101"
"411630";"4104"
"411640";"4104"
"411650";"4104"
"411660";"4102"
"411670";"4103"
"411680";"4104"
"411690";"4104"
"411695";"4103"
"411700";"4102"
"411705";"4101"
"411710";"4104"
"411720";"4104"
"411721";"4102"
"411722";"4103"
"411725";"4103"
"411727";"4102"
"411729";"4102"
"411730";"4101"
"411740";"4104"
"411745";"4103"
"411750";"4104"
"411760";"4103"
"411770";"4101"
"411780";"4101"
"411790";"4103"
"411800";"4104"
"411810";"4104"
"411820";"4101"
"411830";"4104"
"411840";"4104"
"411845";"4103"
"411850";"4103"
"411860";"4101"
"411870";"4101"
"411880";"4104"
"411885";"4104"
"411890";"4104"
"411900";"4103"
"411910";"4101"
"411915";"4101"
"411920";"4102"
"411925";"4103"
"411930";"4101"
"411940";"4101"
"411950";"4101"
"411960";"4101"
"411965";"4102"
"411970";"4104"
"411980";"4103"
"411990";"4101"
"411995";"4101"
"412000";"4102"
"412010";"4101"
"412015";"4101"
"412020";"4104"
"412030";"4101"
"412033";"4102"
"412035";"4103"
"412040";"4104"
"412050";"4102"
"412060";"4101"
"412065";"4104"
"412070";"4102"
"412080";"4101"
"412085";"4103"
"412090";"4103"
"412100";"4104"
"412110";"4104"
"412120";"4101"
"412125";"4103"
"412130";"4102"
"412135";"4104"
"412140";"4103"
"412150";"4101"
"412160";"4103"
"412170";"4101"
"412175";"4101"
"412180";"4102"
"412190";"4102"
"412200";"4101"
"412210";"4102"
"412215";"4101"
"412217";"4102"
"412220";"4101"
"412230";"4101"
"412240";"4102"
"412250";"4104"
"412260";"4104"
"412265";"4102"
"412270";"4102"
"412280";"4103"
"412290";"4102"
"412300";"4103"
"412310";"4102"
"412320";"4102"
"412330";"4104"
"412340";"4104"
"412350";"4103"
"412360";"4104"
"412370";"4104"
"412380";"4103"
"412382";"4103"
"412385";"4102"
"412390";"4102"
"412395";"4104"
"412400";"4102"
"412402";"4103"
"412405";"4103"
"412410";"4102"
"412420";"4104"
"412430";"4102"
"412440";"4103"
"412450";"4104"
"412460";"4104"
"412470";"4102"
"412480";"4103"
"412490";"4104"
"412500";"4102"
"412510";"4101"
"412520";"4103"
"412530";"4104"
"412535";"4104"
"412540";"4102"
"412545";"4103"
"412550";"4101"
"412555";"4104"
"412560";"4101"
"412570";"4103"
"412575";"4103"
"412580";"4102"
"412590";"4104"
"412600";"4102"
"412610";"4104"
"412620";"4102"
"412625";"4104"
"412627";"4103"
"412630";"4101"
"412635";"4103"
"412640";"4102"
"412650";"4102"
"412660";"4102"
"412665";"4103"
"412667";"4102"
"412670";"4104"
"412680";"4104"
"412690";"4104"
"412700";"4101"
"412710";"4101"
"412720";"4104"
"412730";"4104"
"412740";"4103"
"412750";"4101"
"412760";"4101"
"412770";"4103"
"412780";"4102"
"412785";"4103"
"412788";"4101"
"412790";"4104"
"412795";"4103"
"412796";"4101"
"412800";"4104"
"412810";"4104"
"412820";"4101"
"412830";"4104"
"412840";"4102"
"412850";"4102"
"412853";"4101"
"412855";"4103"
"412860";"4103"
"412862";"4104"
"412863";"4101"
"412865";"4101"
"412870";"4103"
"412880";"4104"
"420000";"4200"
"420005";"4202"
"420010";"4201"
"420020";"4203"
"420030";"4203"
"420040";"4202"
"420050";"4201"
"420055";"4201"
"420060";"4205"
"420070";"4205"
"420075";"4202"
"420080";"4201"
"420090";"4205"
"420100";"4209"
"420110";"4205"
"420120";"4205"
"420125";"4203"
"420127";"4202"
"420130";"4207"
"420140";"4206"
"420150";"4206"
"420160";"4202"
"420165";"4202"
"420170";"4203"
"420180";"4203"
"420190";"4203"
"420195";"4206"
"420200";"4204"
"420205";"4207"
"420207";"4206"
"420208";"4201"
"420209";"4201"
"420210";"4207"
"420213";"4208"
"420215";"4201"
"420220";"4203"
"420230";"4205"
"420240";"4203"
"420243";"4209"
"420245";"4204"
"420250";"4209"
"420253";"4201"
"420257";"4201"
"420260";"4209"
"420270";"4203"
"420280";"4206"
"420285";"4203"
"420287";"4202"
"420290";"4203"
"420300";"4202"
"420310";"4201"
"420315";"4202"
"420320";"4204"
"420325";"4209"
"420330";"4208"
"420340";"4209"
"420350";"4201"
"420360";"4202"
"420370";"4205"
"420380";"4208"
"420390";"4202"
"420395";"4206"
"420400";"4202"
"420410";"4201"
"420415";"4202"
"420417";"4209"
"420419";"4203"
"420420";"4201"
"420425";"4206"
"420430";"4202"
"420435";"4201"
"420440";"4201"
"420445";"4201"
"420450";"4207"
"420455";"4209"
"420460";"4206"
"420470";"4201"
"420475";"4201"
"420480";"4202"
"420490";"4201"
"420500";"4201"
"420510";"4203"
"420515";"4203"
"420517";"4201"
"420519";"4206"
"420520";"4202"
"420530";"4201"
"420535";"4201"
"420540";"4205"
"420543";"4201"
"420545";"4206"
"420550";"4202"
"420555";"4202"
"420560";"4201"
"420570";"4205"
"420580";"4207"
"420590";"4203"
"420600";"4205"
"420610";"4206"
"420620";"4206"
"420630";"4203"
"420640";"4201"
"420650";"4207"
"420660";"4201"
"420665";"4201"
"420670";"4202"
"420675";"4202"
"420680";"4202"
"420690";"4203"
"420700";"4206"
"420710";"4204"
"420720";"4206"
"420730";"4206"
"420740";"4203"
"420750";"4203"
"420757";"4202"
"420760";"4202"
"420765";"4201"
"420768";"4201"
"420770";"4202"
"420775";"4201"
"420780";"4202"
"420785";"4201"
"420790";"4208"
"420800";"4202"
"420810";"4208"
"420820";"4204"
"420830";"4204"
"420840";"4201"
"420845";"4207"
"420850";"4203"
"420860";"4202"
"420870";"4206"
"420880";"4206"
"420890";"4207"
"420895";"4201"
"420900";"4202"
"420910";"4207"
"420915";"4203"
"420917";"4201"
"420920";"4202"
"420930";"4209"
"420940";"4206"
"420945";"4201"
"420950";"4203"
"420960";"4206"
"420970";"4202"
"420980";"4205"
"420985";"4202"
"420990";"4203"
"421000";"4204"
"421003";"4202"
"421005";"4202"
"421010";"4208"
"421020";"4205"
"421030";"4208"
"421040";"4206"
"421050";"4201"
"421055";"4201"
"421060";"4207"
"421070";"4202"
"421080";"4206"
"421085";"4203"
"421090";"4201"
"421100";"4201"
"421105";"4202"
"421110";"4208"
"421120";"4206"
"421125";"4206"
"421130";"4204"
"421140";"4201"
"421145";"4201"
"421150";"4205"
"421160";"4206"
"421165";"4201"
"421170";"4206"
"421175";"4209"
"421180";"4202"
"421185";"4201"
"421187";"4202"
"421189";"4209"
"421190";"4205"
"421200";"4201"
"421205";"4209"
"421210";"4201"
"421220";"4208"
"421223";"4201"
"421225";"4206"
"421227";"4201"
"421230";"4205"
"421240";"4206"
"421250";"4204"
"421260";"4202"
"421265";"4206"
"421270";"4203"
"421280";"4204"
"421290";"4201"
"421300";"4202"
"421310";"4202"
"421315";"4201"
"421320";"4203"
"421330";"4209"
"421335";"4202"
"421340";"4201"
"421350";"4204"
"421360";"4208"
"421370";"4203"
"421380";"4206"
"421390";"4202"
"421400";"4203"
"421410";"4203"
"421415";"4201"
"421420";"4201"
"421430";"4205"
"421440";"4202"
"421450";"4203"
"421460";"4203"
"421470";"4203"
"421480";"4203"
"421490";"4206"
"421500";"4208"
"421505";"4209"
"421507";"4201"
"421510";"4203"
"421520";"4201"
"421530";"4203"
"421535";"4201"
"421540";"4202"
"421545";"4206"
"421550";"4202"
"421555";"4201"
"421560";"4206"
"421565";"4206"
"421567";"4203"
"421568";"4201"
"421569";"4201"
"421570";"4205"
"421575";"4201"
"421580";"4208"
"421590";"4205"
"421600";"4201"
"421605";"4202"
"421610";"4201"
"421620";"4207"
"421625";"4201"
"421630";"4205"
"421635";"4207"
"421640";"4206"
"421650";"4209"
"421660";"4205"
"421670";"4201"
"421680";"4209"
"421690";"4201"
"421700";"4206"
"421710";"4206"
"421715";"4201"
"421720";"4201"
"421725";"4205"
"421730";"4201"
"421740";"4207"
"421750";"4202"
"421755";"4201"
"421760";"4206"
"421770";"4206"
"421775";"4201"
"421780";"4203"
"421790";"4202"
"421795";"4201"
"421800";"4205"
"421810";"4206"
"421820";"4203"
"421825";"4202"
"421830";"4208"
"421835";"4206"
"421840";"4206"
"421850";"4202"
"421860";"4203"
"421870";"4206"
"421875";"4201"
"421880";"4206"
"421885";"4201"
"421890";"4209"
"421895";"4209"
"421900";"4206"
"421910";"4201"
"421915";"4202"
"421917";"4202"
"421920";"4203"
"421930";"4202"
"421935";"4203"
"421940";"4203"
"421950";"4201"
"421960";"4202"
"421970";"4201"
"421985";"4202"
"422000";"4206"
"430000";"4300"
"430003";"4306"
"430005";"4304"
"430010";"4301"
"430020";"4303"
"430030";"4303"
"430040";"4301"
"430045";"4303"
"430047";"4304"
"430050";"4304"
"430055";"4304"
"430057";"4305"
"430060";"4302"
"430063";"4306"
"430064";"4304"
"430066";"4304"
"430070";"4307"
"430080";"4305"
"430085";"4302"
"430087";"4302"
"430090";"4304"
"430100";"4307"
"430105";"4302"
"430107";"4306"
"430110";"4302"
"430120";"4307"
"430130";"4306"
"430140";"4304"
"430150";"4303"
"430155";"4304"
"430160";"4306"
"430163";"4302"
"430165";"4302"
"430170";"4304"
"430175";"4302"
"430180";"4304"
"430185";"4304"
"430187";"4301"
"430190";"4302"
"430192";"4304"
"430195";"4304"
"430200";"4304"
"430205";"4304"
"430210";"4305"
"430215";"4304"
"430220";"4303"
"430222";"4303"
"430223";"4303"
"430225";"4305"
"430230";"4305"
"430235";"4305"
"430237";"4304"
"430240";"4307"
"430245";"4307"
"430250";"4303"
"430258";"4303"
"430260";"4304"
"430265";"4302"
"430270";"4302"
"430280";"4307"
"430290";"4301"
"430300";"4307"
"430310";"4302"
"430320";"4304"
"430330";"4303"
"430340";"4304"
"430350";"4302"
"430355";"4304"
"430360";"4302"
"430367";"4305"
"430370";"4303"
"430380";"4304"
"430390";"4302"
"430400";"4303"
"430410";"4304"
"430420";"4307"
"430430";"4303"
"430435";"4306"
"430440";"4305"
"430450";"4306"
"430460";"4302"
"430461";"4307"
"430462";"4304"
"430463";"4302"
"430465";"4301"
"430466";"4306"
"430467";"4302"
"430468";"4302"
"430469";"4307"
"430470";"4304"
"430471";"4302"
"430480";"4305"
"430485";"4304"
"430490";"4304"
"430495";"4304"
"430500";"4303"
"430510";"4305"
"430511";"4304"
"430512";"4306"
"430513";"4307"
"430515";"4304"
"430517";"4302"
"430520";"4303"
"430530";"4304"
"430535";"4302"
"430537";"4304"
"430540";"4303"
"430543";"4306"
"430544";"4302"
"430545";"4302"
"430550";"4304"
"430558";"4307"
"430560";"4303"
"430570";"4303"
"430580";"4304"
"430583";"4307"
"430585";"4304"
"430587";"4303"
"430590";"4304"
"430593";"4305"
"430595";"4305"
"430597";"4304"
"430600";"4303"
"430605";"4306"
"430607";"4304"
"430610";"4303"
"430613";"4304"
"430620";"4307"
"430630";"4304"
"430632";"4304"
"430635";"4303"
"430637";"4301"
"430640";"4302"
"430642";"4304"
"430645";"4307"
"430650";"4302"
"430655";"4302"
"430660";"4306"
"430670";"4301"
"430673";"4303"
"430675";"4307"
"430676";"4302"
"430680";"4307"
"430690";"4307"
"430692";"4304"
"430693";"4303"
"430695";"4304"
"430697";"4304"
"430700";"4304"
"430705";"4304"
"430710";"4306"
"430720";"4304"
"430730";"4304"
"430740";"4305"
"430745";"4304"
"430750";"4304"
"430755";"4304"
"430760";"4302"
"430770";"4302"
"430780";"4307"
"430781";"4307"
"430783";"4303"
"430786";"4305"
"430790";"4305"
"430800";"4301"
"430805";"4304"
"430807";"4307"
"430810";"4305"
"430820";"4305"
"430825";"4304"
"430830";"4304"
"430840";"4301"
"430843";"4307"
"430845";"4303"
"430850";"4304"
"430860";"4305"
"430865";"4303"
"430870";"4304"
"430880";"4302"
"430885";"4304"
"430890";"4304"
"430900";"4303"
"430905";"4302"
"430910";"4305"
"430912";"4304"
"430915";"4307"
"430920";"4302"
"430925";"4305"
"430930";"4302"
"430940";"4305"
"430950";"4303"
"430955";"4302"
"430957";"4307"
"430960";"4303"
"430965";"4306"
"430970";"4303"
"430975";"4307"
"430980";"4304"
"430990";"4304"
"430995";"4304"
"431000";"4303"
"431010";"4302"
"431020";"4303"
"431030";"4307"
"431033";"4302"
"431036";"4307"
"431040";"4303"
"431041";"4303"
"431043";"4305"
"431046";"4304"
"431050";"4304"
"431053";"4301"
"431055";"4301"
"431057";"4304"
"431060";"4301"
"431065";"4302"
"431070";"4304"
"431075";"4301"
"431080";"4302"
"431085";"4304"
"431087";"4303"
"431090";"4304"
"431100";"4306"
"431110";"4301"
"431112";"4305"
"431113";"4301"
"431115";"4303"
"431120";"4301"
"431123";"4307"
"431125";"4304"
"431127";"4304"
"431130";"4304"
"431140";"4307"
"431142";"4304"
"431150";"4306"
"431160";"4304"
"431162";"4302"
"431164";"4305"
"431170";"4304"
"431171";"4301"
"431173";"4302"
"431175";"4301"
"431177";"4302"
"431179";"4302"
"431180";"4304"
"431190";"4304"
"431198";"4302"
"431200";"4304"
"431205";"4307"
"431210";"4301"
"431213";"4304"
"431215";"4307"
"431217";"4303"
"431220";"4304"
"431225";"4302"
"431230";"4304"
"431235";"4304"
"431237";"4305"
"431238";"4305"
"431240";"4302"
"431242";"4304"
"431244";"4302"
"431245";"4306"
"431247";"4302"
"431250";"4302"
"431260";"4307"
"431261";"4305"
"431262";"4304"
"431265";"4304"
"431267";"4304"
"431270";"4304"
"431275";"4304"
"431280";"4305"
"431290";"4305"
"431295";"4304"
"431300";"4307"
"431301";"4303"
"431303";"4301"
"431306";"4302"
"431308";"4305"
"431310";"4301"
"431320";"4305"
"431330";"4305"
"431333";"4303"
"431335";"4305"
"431337";"4302"
"431339";"4307"
"431340";"4302"
"431342";"4303"
"431344";"4304"
"431346";"4304"
"431349";"4304"
"431350";"4302"
"431360";"4304"
"431365";"4302"
"431370";"4304"
"431380";"4304"
"431390";"4303"
"431395";"4307"
"431400";"4305"
"431402";"4301"
"431403";"4302"
"431405";"4302"
"431406";"4307"
"431407";"4307"
"431410";"4304"
"431413";"4304"
"431415";"4307"
"431417";"4306"
"431420";"4306"
"431430";"4303"
"431440";"4306"
"431442";"4305"
"431445";"4304"
"431446";"4305"
"431447";"4301"
"431449";"4304"
"431450";"4306"
"431453";"4305"
"431454";"4305"
"431455";"4303"
"431460";"4306"
"431470";"4304"
"431475";"4307"
"431477";"4304"
"431478";"4304"
"431480";"4302"
"431490";"4302"
"431500";"4303"
"431505";"4303"
"431507";"4303"
"431510";"4303"
"431513";"4307"
"431514";"4302"
"431515";"4307"
"431517";"4305"
"431520";"4307"
"431530";"4301"
"431531";"4304"
"431532";"4301"
"431535";"4303"
"431540";"4304"
"431545";"4307"
"431550";"4301"
"431555";"4304"
"431560";"4306"
"431570";"4307"
"431575";"4302"
"431580";"4307"
"431590";"4304"
"431595";"4303"
"431600";"4302"
"431610";"4304"
"431620";"4304"
"431630";"4303"
"431640";"4301"
"431642";"4304"
"431643";"4303"
"431645";"4303"
"431647";"4303"
"431650";"4302"
"431660";"4304"
"431670";"4303"
"431673";"4304"
"431675";"4307"
"431680";"4307"
"431690";"4301"
"431695";"4302"
"431697";"4301"
"431700";"4306"
"431710";"4301"
"431720";"4303"
"431725";"4305"
"431730";"4306"
"431740";"4301"
"431750";"4303"
"431755";"4304"
"431760";"4302"
"431770";"4303"
"431775";"4304"
"431780";"4303"
"431790";"4303"
"431795";"4304"
"431800";"4303"
"431805";"4304"
"431810";"4301"
"431820";"4302"
"431830";"4301"
"431840";"4302"
"431842";"4304"
"431843";"4301"
"431844";"4305"
"431845";"4304"
"431846";"4307"
"431848";"4302"
"431849";"4303"
"431850";"4306"
"431860";"4304"
"431861";"4302"
"431862";"4305"
"431870";"4302"
"431880";"4306"
"431890";"4303"
"431900";"4305"
"431910";"4303"
"431912";"4301"
"431915";"4303"
"431920";"4303"
"431930";"4303"
"431935";"4302"
"431936";"4304"
"431937";"4303"
"431940";"4301"
"431950";"4302"
"431960";"4301"
"431970";"4304"
"431971";"4307"
"431973";"4303"
"431975";"4305"
"431980";"4301"
"431990";"4302"
"432000";"4302"
"432010";"4304"
"432020";"4304"
"432023";"4303"
"432026";"4307"
"432030";"4303"
"432032";"4303"
"432035";"4302"
"432040";"4304"
"432045";"4307"
"432050";"4304"
"432055";"4302"
"432057";"4303"
"432060";"4304"
"432065";"4301"
"432067";"4307"
"432070";"4307"
"432080";"4304"
"432085";"4302"
"432090";"4304"
"432100";"4304"
"432110";"4302"
"432120";"4302"
"432130";"4307"
"432132";"4304"
"432135";"4302"
"432140";"4304"
"432143";"4302"
"432145";"4307"
"432146";"4304"
"432147";"4304"
"432149";"4301"
"432150";"4302"
"432160";"4302"
"432162";"4307"
"432163";"4304"
"432166";"4302"
"432170";"4302"
"432180";"4303"
"432183";"4302"
"432185";"4304"
"432190";"4304"
"432195";"4304"
"432200";"4302"
"432210";"4303"
"432215";"4304"
"432218";"4304"
"432220";"4303"
"432225";"4302"
"432230";"4303"
"432232";"4306"
"432234";"4303"
"432235";"4305"
"432237";"4301"
"432240";"4301"
"432250";"4305"
"432252";"4307"
"432253";"4307"
"432254";"4305"
"432255";"4304"
"432260";"4307"
"432270";"4307"
"432280";"4305"
"432285";"4307"
"432290";"4304"
"432300";"4302"
"432310";"4304"
"432320";"4304"
"432330";"4305"
"432335";"4304"
"432340";"4304"
"432345";"4301"
"432350";"4304"
"432360";"4305"
"432370";"4304"
"432375";"4303"
"432377";"4307"
"432380";"4302"
"500000";"5000"
"500020";"5090"
"500025";"5090"
"500060";"5090"
"500070";"5090"
"500080";"5090"
"500085";"5090"
"500090";"5090"
"500100";"5090"
"500110";"5090"
"500124";"5090"
"500150";"5090"
"500190";"5090"
"500200";"5090"
"500210";"5090"
"500215";"5090"
"500220";"5090"
"500230";"5090"
"500240";"5090"
"500260";"5090"
"500270";"5090"
"500280";"5090"
"500290";"5090"
"500295";"5090"
"500310";"5090"
"500315";"5090"
"500320";"5090"
"500325";"5090"
"500330";"5090"
"500345";"5090"
"500348";"5090"
"500350";"5090"
"500370";"5090"
"500375";"5090"
"500380";"5090"
"500390";"5090"
"500400";"5090"
"500410";"5090"
"500430";"5090"
"500440";"5090"
"500450";"5090"
"500460";"5090"
"500470";"5090"
"500480";"5090"
"500490";"5090"
"500500";"5090"
"500510";"5090"
"500515";"5090"
"500520";"5090"
"500525";"5090"
"500540";"5090"
"500560";"5090"
"500568";"5090"
"500570";"5090"
"500580";"5090"
"500600";"5090"
"500620";"5090"
"500625";"5090"
"500627";"5090"
"500630";"5090"
"500635";"5090"
"500640";"5090"
"500660";"5090"
"500690";"5090"
"500710";"5090"
"500720";"5090"
"500730";"5090"
"500740";"5090"
"500750";"5090"
"500755";"5090"
"500769";"5090"
"500770";"5090"
"500780";"5090"
"500790";"5090"
"500793";"5090"
"500795";"5090"
"500797";"5090"
"500800";"5090"
"500830";"5090"
"500840";"5090"
"510000";"5100"
"510010";"5190"
"510020";"5190"
"510025";"5190"
"510030";"5190"
"510035";"5190"
"510040";"5190"
"510050";"5190"
"510060";"5190"
"510080";"5190"
"510100";"5190"
"510120";"5190"
"510125";"5190"
"510130";"5190"
"510140";"5190"
"510160";"5190"
"510170";"5190"
"510180";"5190"
"510185";"5190"
"510190";"5190"
"510250";"5190"
"510260";"5190"
"510263";"5190"
"510267";"5190"
"510268";"5190"
"510269";"5190"
"510270";"5190"
"510279";"5190"
"510285";"5190"
"510300";"5190"
"510305";"5190"
"510310";"5190"
"510320";"5190"
"510325";"5190"
"510330";"5190"
"510335";"5190"
"510336";"5190"
"510337";"5190"
"510340";"5190"
"510343";"5190"
"510345";"5190"
"510350";"5190"
"510360";"5190"
"510370";"5190"
"510380";"5190"
"510385";"5190"
"510390";"5190"
"510395";"5190"
"510410";"5190"
"510420";"5190"
"510450";"5190"
"510452";"5190"
"510454";"5190"
"510455";"5190"
"510460";"5190"
"510480";"5190"
"510490";"5190"
"510500";"5190"
"510510";"5190"
"510515";"5190"
"510517";"5190"
"510520";"5190"
"510523";"5190"
"510525";"5190"
"510530";"5190"
"510550";"5190"
"510558";"5190"
"510560";"5190"
"510562";"5190"
"510590";"5190"
"510600";"5190"
"510610";"5190"
"510615";"5190"
"510617";"5190"
"510618";"5190"
"510619";"5190"
"510620";"5190"
"510621";"5190"
"510622";"5190"
"510623";"5190"
"510624";"5190"
"510625";"5190"
"510626";"5190"
"510627";"5190"
"510628";"5190"
"510629";"5190"
"510630";"5190"
"510631";"5190"
"510637";"5190"
"510642";"5190"
"510645";"5190"
"510650";"5190"
"510665";"5190"
"510670";"5190"
"510675";"5190"
"510677";"5190"
"510680";"5190"
"510682";"5190"
"510685";"5190"
"510700";"5190"
"510704";"5190"
"510706";"5190"
"510710";"5190"
"510715";"5190"
"510718";"5190"
"510719";"5190"
"510720";"5190"
"510724";"5190"
"510726";"5190"
"510729";"5190"
"510730";"5190"
"510735";"5190"
"510740";"5190"
"510757";"5190"
"510760";"5190"
"510770";"5190"
"510774";"5190"
"510775";"5190"
"510776";"5190"
"510777";"5190"
"510779";"5190"
"510780";"5190"
"510785";"5190"
"510787";"5190"
"510788";"5190"
"510790";"5190"
"510792";"5190"
"510794";"5190"
"510795";"5190"
"510800";"5190"
"510805";"5190"
"510810";"5190"
"510820";"5190"
"510830";"5190"
"510835";"5190"
"510840";"5190"
"510850";"5190"
"510860";"5190"
"510880";"5190"
"510885";"5190"
"510890";"5190"
"510895";"5190"
"520000";"5200"
"520005";"5201"
"520010";"5203"
"520013";"5204"
"520015";"5201"
"520017";"5202"
"520020";"5205"
"520025";"5202"
"520030";"5203"
"520040";"5298"
"520050";"5205"
"520055";"5203"
"520060";"5202"
"520070";"5298"
"520080";"5202"
"520082";"5203"
"520085";"5201"
"520090";"5201"
"520100";"5298"
"520110";"5203"
"520120";"5205"
"520130";"5201"
"520140";"5205"
"520145";"5204"
"520150";"5204"
"520160";"5201"
"520170";"5201"
"520180";"5205"
"520190";"5298"
"520200";"5298"
"520210";"5298"
"520215";"5201"
"520220";"5298"
"520230";"5298"
"520235";"5201"
"520240";"5298"
"520250";"5201"
"520255";"5298"
"520260";"5201"
"520270";"5298"
"520280";"5201"
"520290";"5298"
"520300";"5298"
"520310";"5201"
"520320";"5203"
"520330";"5205"
"520340";"5201"
"520350";"5205"
"520355";"5205"
"520357";"5203"
"520360";"5201"
"520370";"5298"
"520380";"5201"
"520390";"5205"
"520393";"5201"
"520396";"5202"
"520400";"5202"
"520410";"5204"
"520420";"5201"
"520425";"5205"
"520430";"5204"
"520440";"5204"
"520450";"5205"
"520455";"5205"
"520460";"5201"
"520465";"5203"
"520470";"5203"
"520480";"5205"
"520485";"5203"
"520490";"5202"
"520495";"5203"
"520500";"5203"
"520505";"5204"
"520510";"5205"
"520520";"5201"
"520530";"5202"
"520540";"5203"
"520545";"5205"
"520547";"5204"
"520549";"5202"
"520550";"5298"
"520551";"5203"
"520552";"5203"
"520560";"5298"
"520570";"5201"
"520580";"5203"
"520590";"5205"
"520600";"5298"
"520610";"5298"
"520620";"5202"
"520630";"5205"
"520640";"5203"
"520650";"5205"
"520660";"5205"
"520670";"5202"
"520680";"5201"
"520690";"5205"
"520700";"5298"
"520710";"5201"
"520720";"5298"
"520725";"5204"
"520730";"5298"
"520735";"5205"
"520740";"5205"
"520750";"5203"
"520753";"5201"
"520755";"5298"
"520760";"5201"
"520765";"5298"
"520770";"5298"
"520780";"5201"
"520790";"5202"
"520800";"5202"
"520810";"5203"
"520815";"5203"
"520820";"5298"
"520830";"5202"
"520840";"5203"
"520850";"5205"
"520860";"5203"
"520870";"5201"
"520880";"5201"
"520890";"5201"
"520900";"5298"
"520910";"5205"
"520915";"5205"
"520920";"5201"
"520929";"5201"
"520930";"5298"
"520940";"5202"
"520945";"5203"
"520950";"5298"
"520960";"5201"
"520970";"5205"
"520980";"5203"
"520990";"5202"
"520993";"5205"
"520995";"5205"
"521000";"5201"
"521010";"5205"
"521015";"5203"
"521020";"5201"
"521030";"5201"
"521040";"5201"
"521050";"5298"
"521056";"5201"
"521060";"5203"
"521070";"5298"
"521080";"5204"
"521090";"5203"
"521100";"5201"
"521110";"5298"
"521120";"5201"
"521130";"5204"
"521140";"5201"
"521150";"5205"
"521160";"5201"
"521170";"5205"
"521180";"5203"
"521190";"5204"
"521200";"5201"
"521205";"5201"
"521210";"5205"
"521220";"5201"
"521225";"5204"
"521230";"5205"
"521240";"5298"
"521250";"5202"
"521260";"5205"
"521270";"5202"
"521280";"5203"
"521290";"5205"
"521295";"5201"
"521300";"5204"
"521305";"5203"
"521308";"5203"
"521310";"5204"
"521320";"5298"
"521330";"5298"
"521340";"5201"
"521350";"5202"
"521360";"5298"
"521370";"5201"
"521375";"5204"
"521377";"5203"
"521380";"5205"
"521385";"5203"
"521390";"5201"
"521400";"5201"
"521405";"5203"
"521410";"5203"
"521420";"5298"
"521430";"5298"
"521440";"5201"
"521450";"5201"
"521460";"5203"
"521470";"5203"
"521480";"5205"
"521483";"5201"
"521486";"5203"
"521487";"5203"
"521488";"5298"
"521490";"5202"
"521500";"5201"
"521510";"5298"
"521520";"5201"
"521523";"5202"
"521525";"5203"
"521530";"5205"
"521540";"5201"
"521550";"5205"
"521560";"5203"
"521565";"5201"
"521570";"5201"
"521575";"5298"
"521580";"5205"
"521590";"5201"
"521600";"5205"
"521610";"5298"
"521620";"5298"
"521630";"5204"
"521640";"5201"
"521645";"5204"
"521650";"5298"
"521660";"5298"
"521670";"5298"
"521680";"5201"
"521690";"5203"
"521700";"5298"
"521710";"5205"
"521720";"5201"
"521730";"5203"
"521740";"5205"
"521750";"5298"
"521760";"5202"
"521770";"5205"
"521780";"5298"
"521790";"5298"
"521800";"5203"
"521805";"5204"
"521810";"5204"
"521820";"5298"
"521830";"5202"
"521839";"5205"
"521840";"5298"
"521850";"5204"
"521860";"5203"
"521870";"5203"
"521875";"5298"
"521878";"5205"
"521880";"5204"
"521890";"5203"
"521900";"5201"
"521910";"5201"
"521920";"5205"
"521925";"5201"
"521930";"5204"
"521935";"5203"
"521940";"5204"
"521945";"5203"
"521950";"5201"
"521960";"5203"
"521970";"5203"
"521971";"5204"
"521973";"5201"
"521975";"5202"
"521980";"5202"
"521990";"5201"
"522000";"5202"
"522005";"5201"
"522010";"5201"
"522015";"5203"
"522020";"5203"
"522026";"5205"
"522028";"5203"
"522030";"5298"
"522040";"5204"
"522045";"5205"
"522050";"5204"
"522060";"5205"
"522065";"5298"
"522068";"5202"
"522070";"5202"
"522080";"5298"
"522090";"5298"
"522100";"5201"
"522108";"5202"
"522110";"5298"
"522119";"5203"
"522120";"5298"
"522130";"5205"
"522140";"5201"
"522145";"5203"
"522150";"5201"
"522155";"5204"
"522157";"5203"
"522160";"5203"
"522170";"5203"
"522180";"5205"
"522185";"5202"
"522190";"5205"
"522200";"5205"
"522205";"5205"
"522208";"5298"
"522210";"5298"
"522220";"5202"
"522230";"5203"
"530010";"5301"
