"CO_MUNICIP";"CO_TERRCID"
"000000";"900"
"110000";"911"
"110001";"911"
"110002";"098"
"110003";"911"
"110004";"911"
"110005";"911"
"110006";"911"
"110007";"911"
"110008";"911"
"110009";"911"
"110010";"053"
"110011";"029"
"110012";"029"
"110013";"098"
"110014";"911"
"110015";"029"
"110018";"911"
"110020";"053"
"110025";"029"
"110026";"098"
"110028";"911"
"110029";"911"
"110030";"911"
"110032";"911"
"110033";"053"
"110034";"029"
"110037";"911"
"110040";"098"
"110045";"098"
"110050";"911"
"110060";"098"
"110070";"098"
"110080";"053"
"110090";"911"
"110092";"911"
"110094";"098"
"110100";"029"
"110110";"053"
"110120";"911"
"110130";"029"
"110140";"098"
"110143";"029"
"110145";"911"
"110146";"911"
"110147";"911"
"110148";"911"
"110149";"911"
"110150";"911"
"110155";"029"
"110160";"029"
"110170";"029"
"110175";"029"
"110180";"029"
"120000";"912"
"120001";"912"
"120005";"004"
"120010";"004"
"120013";"912"
"120017";"004"
"120020";"106"
"120025";"004"
"120030";"912"
"120032";"912"
"120033";"106"
"120034";"912"
"120035";"106"
"120038";"912"
"120039";"106"
"120040";"912"
"120042";"106"
"120043";"912"
"120045";"912"
"120050";"912"
"120060";"912"
"120070";"004"
"120080";"912"
"130000";"913"
"130002";"913"
"130006";"165"
"130008";"913"
"130010";"913"
"130014";"119"
"130020";"165"
"130030";"044"
"130040";"136"
"130050";"017"
"130060";"165"
"130063";"913"
"130068";"017"
"130070";"913"
"130080";"119"
"130083";"913"
"130090";"913"
"130100";"913"
"130110";"044"
"130115";"044"
"130120";"913"
"130130";"913"
"130140";"006"
"130150";"006"
"130160";"165"
"130165";"006"
"130170";"119"
"130180";"006"
"130185";"044"
"130190";"044"
"130195";"913"
"130200";"044"
"130210";"913"
"130220";"913"
"130230";"165"
"130240";"913"
"130250";"913"
"130255";"044"
"130260";"044"
"130270";"119"
"130280";"913"
"130290";"017"
"130300";"017"
"130310";"044"
"130320";"913"
"130330";"119"
"130340";"017"
"130350";"913"
"130353";"044"
"130356";"044"
"130360";"136"
"130370";"165"
"130380";"136"
"130390";"165"
"130395";"017"
"130400";"044"
"130406";"165"
"130410";"913"
"130420";"913"
"130423";"165"
"130426";"913"
"130430";"017"
"130440";"044"
"140000";"914"
"140002";"914"
"140005";"914"
"140010";"914"
"140015";"914"
"140017";"914"
"140020";"091"
"140023";"091"
"140028";"914"
"140030";"914"
"140040";"122"
"140045";"122"
"140047";"091"
"140050";"091"
"140060";"091"
"140070";"122"
"150000";"915"
"150010";"130"
"150013";"061"
"150020";"130"
"150030";"129"
"150034";"092"
"150040";"018"
"150050";"018"
"150060";"095"
"150070";"129"
"150080";"915"
"150085";"095"
"150090";"915"
"150095";"061"
"150100";"114"
"150110";"129"
"150120";"130"
"150125";"092"
"150130";"130"
"150140";"915"
"150145";"018"
"150150";"915"
"150157";"087"
"150160";"915"
"150170";"915"
"150172";"095"
"150175";"087"
"150178";"915"
"150180";"129"
"150190";"061"
"150195";"061"
"150200";"129"
"150210";"130"
"150215";"087"
"150220";"915"
"150230";"061"
"150240";"915"
"150250";"129"
"150260";"915"
"150270";"092"
"150275";"061"
"150276";"092"
"150277";"087"
"150280";"129"
"150285";"018"
"150290";"915"
"150293";"061"
"150295";"087"
"150300";"018"
"150304";"092"
"150307";"061"
"150309";"915"
"150310";"129"
"150320";"915"
"150330";"130"
"150340";"915"
"150345";"061"
"150350";"061"
"150360";"114"
"150370";"087"
"150375";"114"
"150380";"915"
"150390";"018"
"150400";"130"
"150405";"061"
"150410";"915"
"150420";"087"
"150430";"915"
"150440";"915"
"150442";"915"
"150445";"095"
"150450";"129"
"150460";"130"
"150470";"130"
"150475";"915"
"150480";"018"
"150490";"129"
"150495";"061"
"150497";"087"
"150500";"915"
"150503";"114"
"150506";"915"
"150510";"018"
"150520";"130"
"150530";"018"
"150540";"061"
"150543";"092"
"150548";"095"
"150549";"087"
"150550";"061"
"150553";"087"
"150555";"092"
"150560";"915"
"150563";"087"
"150565";"095"
"150570";"129"
"150580";"129"
"150590";"095"
"150600";"018"
"150610";"915"
"150611";"915"
"150613";"092"
"150616";"092"
"150618";"061"
"150619";"114"
"150620";"915"
"150630";"129"
"150635";"915"
"150640";"129"
"150650";"915"
"150655";"061"
"150658";"092"
"150660";"915"
"150670";"092"
"150680";"018"
"150690";"915"
"150700";"915"
"150710";"915"
"150715";"087"
"150720";"061"
"150730";"092"
"150740";"915"
"150745";"087"
"150746";"915"
"150747";"915"
"150750";"087"
"150760";"061"
"150770";"129"
"150775";"092"
"150780";"095"
"150790";"129"
"150795";"130"
"150796";"915"
"150797";"018"
"150800";"061"
"150803";"915"
"150805";"114"
"150808";"092"
"150810";"915"
"150812";"061"
"150815";"095"
"150820";"915"
"150830";"915"
"150835";"095"
"150840";"092"
"160000";"916"
"160005";"094"
"160010";"112"
"160015";"094"
"160020";"916"
"160021";"916"
"160023";"094"
"160025";"916"
"160027";"111"
"160030";"916"
"160040";"111"
"160050";"916"
"160053";"094"
"160055";"112"
"160060";"916"
"160070";"112"
"160080";"111"
"170000";"917"
"170025";"917"
"170030";"022"
"170035";"917"
"170040";"124"
"170070";"917"
"170100";"022"
"170105";"022"
"170110";"917"
"170130";"917"
"170190";"917"
"170200";"917"
"170210";"917"
"170215";"917"
"170220";"022"
"170230";"917"
"170240";"124"
"170255";"022"
"170270";"124"
"170290";"022"
"170300";"917"
"170305";"917"
"170307";"917"
"170310";"917"
"170320";"917"
"170330";"917"
"170360";"917"
"170370";"917"
"170380";"022"
"170382";"022"
"170384";"917"
"170386";"917"
"170388";"917"
"170389";"022"
"170390";"917"
"170410";"917"
"170460";"917"
"170510";"124"
"170550";"917"
"170555";"124"
"170560";"124"
"170600";"917"
"170610";"917"
"170625";"917"
"170650";"022"
"170700";"124"
"170710";"917"
"170720";"917"
"170730";"917"
"170740";"022"
"170755";"917"
"170765";"917"
"170770";"917"
"170820";"917"
"170825";"917"
"170830";"917"
"170900";"917"
"170930";"917"
"170950";"917"
"170980";"917"
"171050";"917"
"171070";"022"
"171090";"917"
"171110";"917"
"171150";"917"
"171180";"917"
"171190";"917"
"171195";"107"
"171200";"917"
"171215";"124"
"171240";"107"
"171245";"022"
"171250";"917"
"171270";"107"
"171280";"022"
"171320";"917"
"171330";"917"
"171360";"917"
"171370";"917"
"171380";"022"
"171395";"917"
"171420";"124"
"171430";"022"
"171488";"917"
"171500";"917"
"171510";"107"
"171515";"124"
"171525";"124"
"171550";"917"
"171570";"917"
"171575";"124"
"171610";"917"
"171620";"124"
"171630";"917"
"171650";"917"
"171660";"917"
"171665";"917"
"171670";"917"
"171700";"124"
"171720";"917"
"171750";"917"
"171780";"124"
"171790";"107"
"171800";"124"
"171820";"917"
"171830";"022"
"171840";"917"
"171845";"917"
"171850";"917"
"171855";"022"
"171865";"124"
"171870";"917"
"171875";"107"
"171880";"022"
"171884";"917"
"171886";"917"
"171888";"917"
"171889";"917"
"171890";"917"
"171900";"107"
"172000";"022"
"172010";"022"
"172015";"107"
"172020";"022"
"172025";"124"
"172030";"022"
"172049";"124"
"172065";"917"
"172080";"022"
"172085";"917"
"172090";"124"
"172093";"124"
"172097";"917"
"172100";"917"
"172110";"917"
"172120";"022"
"172125";"917"
"172130";"917"
"172208";"917"
"172210";"917"
"200010";"926"
"210000";"921"
"210005";"921"
"210010";"034"
"210015";"020"
"210020";"115"
"210030";"034"
"210040";"921"
"210043";"921"
"210047";"921"
"210050";"921"
"210055";"139"
"210060";"921"
"210070";"097"
"210080";"020"
"210083";"115"
"210087";"139"
"210090";"020"
"210095";"921"
"210100";"141"
"210110";"052"
"210120";"921"
"210125";"052"
"210130";"115"
"210135";"115"
"210140";"921"
"210150";"921"
"210160";"921"
"210170";"052"
"210173";"020"
"210177";"921"
"210180";"921"
"210190";"115"
"210193";"140"
"210197";"139"
"210200";"921"
"210203";"921"
"210207";"921"
"210210";"020"
"210215";"921"
"210220";"020"
"210230";"034"
"210232";"921"
"210235";"921"
"210237";"052"
"210240";"115"
"210250";"141"
"210255";"921"
"210260";"139"
"210270";"097"
"210275";"140"
"210280";"921"
"210290";"139"
"210300";"034"
"210310";"115"
"210312";"115"
"210315";"139"
"210317";"139"
"210320";"020"
"210325";"921"
"210330";"034"
"210340";"034"
"210350";"921"
"210355";"921"
"210360";"034"
"210370";"115"
"210375";"921"
"210380";"921"
"210390";"034"
"210400";"140"
"210405";"921"
"210407";"921"
"210408";"921"
"210409";"921"
"210410";"921"
"210420";"034"
"210430";"139"
"210440";"921"
"210450";"921"
"210455";"921"
"210460";"921"
"210462";"921"
"210465";"139"
"210467";"139"
"210470";"921"
"210480";"921"
"210490";"115"
"210500";"052"
"210510";"052"
"210515";"921"
"210520";"140"
"210530";"921"
"210535";"921"
"210540";"097"
"210542";"921"
"210545";"921"
"210547";"921"
"210550";"921"
"210560";"140"
"210565";"139"
"210570";"140"
"210580";"140"
"210590";"921"
"210592";"034"
"210594";"140"
"210596";"921"
"210598";"921"
"210600";"140"
"210610";"921"
"210620";"139"
"210630";"020"
"210632";"139"
"210635";"921"
"210637";"139"
"210640";"020"
"210650";"141"
"210660";"034"
"210663";"097"
"210667";"020"
"210670";"921"
"210675";"097"
"210680";"115"
"210690";"921"
"210700";"921"
"210710";"052"
"210720";"097"
"210725";"921"
"210730";"921"
"210735";"139"
"210740";"921"
"210745";"141"
"210750";"921"
"210760";"141"
"210770";"921"
"210780";"034"
"210790";"921"
"210800";"921"
"210805";"052"
"210810";"921"
"210820";"140"
"210825";"141"
"210830";"141"
"210840";"115"
"210845";"034"
"210850";"921"
"210860";"115"
"210870";"921"
"210880";"097"
"210890";"140"
"210900";"921"
"210905";"115"
"210910";"921"
"210920";"052"
"210923";"139"
"210927";"115"
"210930";"097"
"210940";"052"
"210945";"921"
"210950";"921"
"210955";"921"
"210960";"052"
"210970";"921"
"210975";"921"
"210980";"115"
"210990";"921"
"211000";"921"
"211003";"139"
"211010";"020"
"211020";"097"
"211023";"020"
"211027";"052"
"211030";"140"
"211040";"020"
"211050";"141"
"211060";"020"
"211065";"921"
"211070";"921"
"211080";"921"
"211085";"921"
"211090";"921"
"211100";"141"
"211102";"921"
"211105";"921"
"211107";"034"
"211110";"921"
"211120";"921"
"211125";"921"
"211130";"921"
"211140";"140"
"211150";"921"
"211153";"921"
"211157";"921"
"211160";"921"
"211163";"140"
"211167";"140"
"211170";"141"
"211172";"921"
"211174";"034"
"211176";"921"
"211178";"115"
"211180";"921"
"211190";"921"
"211195";"921"
"211200";"921"
"211210";"034"
"211220";"034"
"211223";"140"
"211227";"921"
"211230";"921"
"211240";"115"
"211245";"115"
"211250";"020"
"211260";"020"
"211270";"097"
"211280";"141"
"211285";"921"
"211290";"141"
"211300";"921"
"211400";"139"
"220000";"922"
"220005";"096"
"220010";"045"
"220020";"045"
"220025";"096"
"220027";"096"
"220030";"045"
"220040";"045"
"220045";"922"
"220050";"045"
"220060";"045"
"220070";"077"
"220080";"922"
"220090";"922"
"220095";"096"
"220100";"922"
"220105";"028"
"220110";"922"
"220115";"922"
"220117";"922"
"220120";"161"
"220130";"922"
"220140";"045"
"220150";"161"
"220155";"133"
"220157";"096"
"220160";"045"
"220170";"922"
"220173";"096"
"220177";"028"
"220180";"096"
"220190";"922"
"220191";"922"
"220192";"077"
"220194";"028"
"220196";"161"
"220198";"922"
"220200";"922"
"220202";"028"
"220205";"028"
"220207";"133"
"220208";"922"
"220209";"096"
"220210";"133"
"220211";"077"
"220213";"096"
"220217";"161"
"220220";"028"
"220225";"922"
"220230";"922"
"220240";"028"
"220245";"077"
"220250";"077"
"220253";"922"
"220255";"096"
"220260";"028"
"220265";"922"
"220270";"922"
"220271";"028"
"220272";"922"
"220273";"045"
"220275";"922"
"220277";"133"
"220280";"133"
"220285";"077"
"220290";"922"
"220300";"922"
"220310";"922"
"220320";"922"
"220323";"922"
"220325";"045"
"220327";"096"
"220330";"045"
"220335";"077"
"220340";"096"
"220342";"161"
"220345";"077"
"220350";"922"
"220360";"922"
"220370";"161"
"220375";"077"
"220380";"922"
"220385";"133"
"220390";"922"
"220400";"922"
"220410";"922"
"220415";"096"
"220420";"096"
"220430";"096"
"220435";"096"
"220440";"922"
"220450";"922"
"220455";"077"
"220460";"045"
"220465";"922"
"220470";"922"
"220480";"922"
"220490";"133"
"220500";"096"
"220510";"922"
"220515";"096"
"220520";"096"
"220525";"045"
"220527";"028"
"220530";"922"
"220535";"077"
"220540";"161"
"220545";"161"
"220550";"045"
"220551";"028"
"220552";"922"
"220553";"077"
"220554";"045"
"220555";"045"
"220556";"077"
"220557";"161"
"220558";"045"
"220559";"922"
"220560";"922"
"220570";"922"
"220580";"161"
"220585";"161"
"220590";"922"
"220595";"096"
"220600";"922"
"220605";"096"
"220610";"161"
"220620";"045"
"220630";"045"
"220635";"161"
"220640";"045"
"220650";"096"
"220660";"922"
"220665";"922"
"220667";"161"
"220669";"922"
"220670";"922"
"220672";"922"
"220675";"028"
"220680";"161"
"220690";"922"
"220695";"028"
"220700";"133"
"220710";"045"
"220720";"096"
"220730";"922"
"220735";"922"
"220740";"922"
"220750";"045"
"220755";"096"
"220760";"922"
"220770";"922"
"220775";"045"
"220777";"096"
"220779";"045"
"220780";"096"
"220785";"922"
"220790";"161"
"220793";"922"
"220795";"922"
"220800";"096"
"220810";"922"
"220820";"096"
"220830";"161"
"220840";"161"
"220850";"161"
"220855";"922"
"220860";"922"
"220865";"096"
"220870";"922"
"220880";"045"
"220885";"922"
"220887";"922"
"220890";"922"
"220900";"922"
"220910";"133"
"220915";"922"
"220920";"922"
"220930";"922"
"220935";"096"
"220937";"133"
"220940";"096"
"220945";"045"
"220950";"133"
"220955";"077"
"220960";"922"
"220965";"133"
"220970";"133"
"220975";"922"
"220980";"045"
"220985";"096"
"220987";"161"
"220990";"028"
"220995";"133"
"220997";"161"
"221000";"077"
"221005";"161"
"221010";"922"
"221020";"096"
"221030";"096"
"221035";"077"
"221037";"096"
"221038";"922"
"221039";"922"
"221040";"028"
"221050";"045"
"221060";"077"
"221062";"922"
"221063";"922"
"221065";"028"
"221070";"096"
"221080";"133"
"221090";"922"
"221093";"096"
"221095";"922"
"221097";"133"
"221100";"045"
"221110";"045"
"221120";"922"
"221130";"922"
"221135";"077"
"221140";"922"
"221150";"096"
"221160";"096"
"221170";"133"
"230000";"923"
"230010";"131"
"230015";"923"
"230020";"923"
"230030";"923"
"230040";"049"
"230050";"086"
"230060";"131"
"230070";"923"
"230075";"051"
"230080";"131"
"230090";"051"
"230100";"923"
"230110";"923"
"230120";"923"
"230125";"049"
"230130";"131"
"230140";"923"
"230150";"049"
"230160";"131"
"230170";"131"
"230180";"923"
"230185";"080"
"230190";"131"
"230195";"923"
"230200";"131"
"230205";"923"
"230210";"923"
"230220";"923"
"230230";"923"
"230240";"085"
"230250";"131"
"230260";"923"
"230270";"131"
"230280";"085"
"230290";"923"
"230300";"085"
"230310";"086"
"230320";"131"
"230330";"923"
"230340";"923"
"230350";"923"
"230360";"923"
"230365";"049"
"230370";"923"
"230380";"923"
"230390";"923"
"230393";"080"
"230395";"923"
"230400";"086"
"230410";"049"
"230420";"131"
"230423";"923"
"230425";"923"
"230426";"080"
"230427";"923"
"230428";"923"
"230430";"131"
"230435";"086"
"230440";"923"
"230445";"923"
"230450";"086"
"230460";"051"
"230465";"086"
"230470";"923"
"230480";"131"
"230490";"086"
"230495";"923"
"230500";"923"
"230510";"923"
"230520";"049"
"230523";"923"
"230526";"080"
"230530";"923"
"230533";"923"
"230535";"923"
"230540";"923"
"230550";"923"
"230560";"049"
"230565";"049"
"230570";"923"
"230580";"049"
"230590";"049"
"230600";"923"
"230610";"051"
"230620";"923"
"230625";"923"
"230630";"051"
"230640";"051"
"230650";"923"
"230655";"051"
"230660";"085"
"230670";"923"
"230680";"923"
"230690";"923"
"230700";"923"
"230710";"131"
"230720";"131"
"230725";"923"
"230730";"131"
"230740";"923"
"230750";"923"
"230760";"923"
"230763";"085"
"230765";"923"
"230770";"923"
"230780";"923"
"230790";"923"
"230800";"086"
"230810";"131"
"230820";"086"
"230830";"131"
"230835";"080"
"230837";"051"
"230840";"131"
"230850";"080"
"230860";"049"
"230870";"923"
"230880";"086"
"230890";"923"
"230900";"086"
"230910";"923"
"230920";"131"
"230930";"049"
"230940";"049"
"230945";"923"
"230950";"923"
"230960";"923"
"230970";"923"
"230980";"923"
"230990";"086"
"231000";"923"
"231010";"923"
"231020";"051"
"231025";"051"
"231030";"049"
"231040";"085"
"231050";"080"
"231060";"131"
"231070";"051"
"231080";"923"
"231085";"923"
"231090";"080"
"231095";"049"
"231100";"049"
"231110";"131"
"231120";"131"
"231123";"923"
"231126";"049"
"231130";"080"
"231135";"923"
"231140";"080"
"231150";"923"
"231160";"923"
"231170";"086"
"231180";"923"
"231190";"923"
"231195";"131"
"231200";"086"
"231210";"131"
"231220";"049"
"231230";"923"
"231240";"051"
"231250";"923"
"231260";"051"
"231270";"080"
"231280";"086"
"231290";"086"
"231300";"080"
"231310";"923"
"231320";"049"
"231325";"131"
"231330";"049"
"231335";"051"
"231340";"923"
"231350";"051"
"231355";"051"
"231360";"923"
"231370";"923"
"231375";"051"
"231380";"051"
"231390";"923"
"231395";"086"
"231400";"923"
"231410";"923"
"240000";"924"
"240010";"076"
"240020";"001"
"240030";"924"
"240040";"134"
"240050";"134"
"240060";"134"
"240070";"001"
"240080";"924"
"240090";"134"
"240100";"032"
"240110";"001"
"240120";"924"
"240130";"032"
"240140";"924"
"240145";"001"
"240150";"123"
"240160";"055"
"240165";"076"
"240170";"123"
"240180";"924"
"240185";"055"
"240190";"924"
"240200";"076"
"240210";"924"
"240220";"924"
"240230";"032"
"240240";"076"
"240250";"001"
"240260";"055"
"240270";"076"
"240280";"924"
"240290";"134"
"240300";"076"
"240310";"076"
"240320";"134"
"240325";"924"
"240330";"134"
"240340";"076"
"240350";"924"
"240360";"924"
"240370";"032"
"240375";"924"
"240380";"076"
"240390";"134"
"240400";"134"
"240410";"924"
"240420";"924"
"240430";"032"
"240440";"001"
"240450";"924"
"240460";"123"
"240470";"001"
"240480";"076"
"240485";"001"
"240490";"032"
"240500";"924"
"240510";"055"
"240520";"032"
"240530";"924"
"240540";"924"
"240550";"924"
"240560";"076"
"240570";"076"
"240580";"055"
"240590";"134"
"240600";"134"
"240610";"076"
"240615";"924"
"240620";"924"
"240630";"924"
"240640";"123"
"240650";"076"
"240660";"924"
"240670";"924"
"240680";"924"
"240690";"134"
"240700";"134"
"240710";"924"
"240720";"924"
"240725";"134"
"240730";"134"
"240740";"134"
"240750";"055"
"240760";"032"
"240770";"924"
"240780";"924"
"240790";"924"
"240800";"001"
"240810";"924"
"240820";"924"
"240830";"924"
"240840";"032"
"240850";"076"
"240860";"134"
"240870";"032"
"240880";"055"
"240890";"076"
"240895";"055"
"240910";"924"
"240920";"924"
"240930";"032"
"240933";"123"
"240940";"134"
"240950";"055"
"240960";"924"
"240970";"924"
"240980";"924"
"240990";"001"
"241000";"134"
"241010";"055"
"241020";"134"
"241025";"001"
"241030";"924"
"241040";"055"
"241050";"134"
"241060";"032"
"241070";"134"
"241080";"134"
"241090";"123"
"241100";"032"
"241105";"001"
"241110";"123"
"241120";"924"
"241140";"076"
"241142";"076"
"241150";"924"
"241160";"055"
"241170";"924"
"241180";"076"
"241190";"134"
"241200";"924"
"241210";"076"
"241220";"924"
"241230";"924"
"241240";"076"
"241250";"134"
"241255";"055"
"241260";"123"
"241270";"123"
"241280";"001"
"241290";"123"
"241300";"076"
"241310";"123"
"241320";"924"
"241330";"924"
"241335";"001"
"241340";"076"
"241350";"924"
"241355";"134"
"241360";"032"
"241370";"924"
"241380";"134"
"241390";"055"
"241400";"924"
"241410";"134"
"241415";"076"
"241420";"924"
"241430";"076"
"241440";"055"
"241445";"032"
"241450";"032"
"241460";"032"
"241470";"924"
"241475";"134"
"241480";"924"
"241490";"134"
"241500";"924"
"250000";"925"
"250010";"925"
"250020";"925"
"250030";"925"
"250040";"024"
"250050";"925"
"250053";"925"
"250057";"024"
"250060";"120"
"250070";"925"
"250073";"027"
"250077";"925"
"250080";"925"
"250090";"024"
"250100";"925"
"250110";"024"
"250115";"059"
"250120";"024"
"250130";"925"
"250135";"027"
"250140";"103"
"250150";"925"
"250153";"160"
"250157";"925"
"250160";"160"
"250170";"925"
"250180";"120"
"250190";"925"
"250200";"925"
"250205";"925"
"250210";"925"
"250215";"925"
"250220";"925"
"250230";"925"
"250240";"925"
"250250";"925"
"250260";"925"
"250270";"024"
"250280";"925"
"250290";"925"
"250300";"120"
"250310";"925"
"250320";"103"
"250330";"925"
"250340";"059"
"250350";"160"
"250355";"059"
"250360";"925"
"250370";"925"
"250375";"925"
"250380";"120"
"250390";"027"
"250400";"024"
"250403";"103"
"250407";"925"
"250410";"925"
"250415";"024"
"250420";"059"
"250430";"925"
"250435";"925"
"250440";"925"
"250450";"059"
"250460";"120"
"250470";"027"
"250480";"925"
"250485";"027"
"250490";"103"
"250500";"925"
"250510";"160"
"250520";"925"
"250523";"103"
"250527";"103"
"250530";"925"
"250535";"160"
"250540";"059"
"250550";"059"
"250560";"925"
"250570";"925"
"250580";"925"
"250590";"925"
"250600";"024"
"250610";"925"
"250620";"160"
"250625";"925"
"250630";"925"
"250640";"925"
"250650";"925"
"250660";"925"
"250670";"059"
"250680";"925"
"250690";"120"
"250700";"925"
"250710";"103"
"250720";"925"
"250730";"103"
"250740";"925"
"250750";"120"
"250760";"925"
"250770";"925"
"250780";"059"
"250790";"120"
"250800";"925"
"250810";"925"
"250820";"925"
"250830";"024"
"250840";"925"
"250850";"027"
"250855";"925"
"250860";"103"
"250870";"059"
"250880";"059"
"250890";"103"
"250900";"925"
"250905";"103"
"250910";"103"
"250915";"925"
"250920";"024"
"250930";"103"
"250933";"024"
"250937";"925"
"250939";"059"
"250940";"925"
"250950";"024"
"250960";"925"
"250970";"027"
"250980";"925"
"250990";"925"
"251000";"925"
"251010";"160"
"251020";"925"
"251030";"160"
"251040";"925"
"251050";"925"
"251060";"027"
"251065";"027"
"251070";"059"
"251080";"059"
"251090";"925"
"251100";"925"
"251110";"925"
"251120";"120"
"251130";"925"
"251140";"160"
"251150";"120"
"251160";"024"
"251170";"925"
"251180";"925"
"251190";"120"
"251200";"925"
"251203";"925"
"251207";"925"
"251210";"925"
"251220";"027"
"251230";"925"
"251240";"024"
"251250";"024"
"251260";"059"
"251270";"024"
"251272";"103"
"251274";"925"
"251275";"925"
"251276";"103"
"251278";"925"
"251280";"925"
"251290";"103"
"251300";"059"
"251310";"925"
"251315";"925"
"251320";"925"
"251330";"925"
"251335";"925"
"251340";"059"
"251350";"925"
"251360";"925"
"251365";"925"
"251370";"103"
"251380";"059"
"251385";"925"
"251390";"925"
"251392";"925"
"251394";"925"
"251396";"925"
"251398";"925"
"251400";"925"
"251410";"027"
"251420";"925"
"251430";"925"
"251440";"059"
"251445";"120"
"251450";"925"
"251455";"925"
"251460";"059"
"251465";"925"
"251470";"059"
"251480";"027"
"251490";"059"
"251500";"120"
"251510";"024"
"251520";"027"
"251530";"103"
"251540";"925"
"251550";"027"
"251560";"925"
"251570";"925"
"251580";"024"
"251590";"024"
"251593";"925"
"251597";"103"
"251600";"024"
"251610";"925"
"251615";"160"
"251620";"925"
"251630";"027"
"251640";"925"
"251650";"027"
"251660";"925"
"251670";"059"
"251675";"925"
"251680";"925"
"251690";"925"
"251700";"925"
"251710";"059"
"251720";"925"
"251740";"027"
"260000";"926"
"260005";"926"
"260010";"082"
"260020";"083"
"260030";"926"
"260040";"054"
"260050";"002"
"260060";"926"
"260070";"926"
"260080";"926"
"260090";"054"
"260100";"002"
"260105";"926"
"260110";"081"
"260120";"926"
"260130";"926"
"260140";"054"
"260150";"054"
"260160";"118"
"260170";"926"
"260180";"926"
"260190";"926"
"260200";"081"
"260210";"002"
"260220";"926"
"260230";"054"
"260240";"926"
"260250";"082"
"260260";"926"
"260270";"926"
"260280";"002"
"260290";"926"
"260300";"083"
"260310";"926"
"260320";"002"
"260330";"926"
"260340";"082"
"260345";"926"
"260350";"926"
"260360";"926"
"260370";"926"
"260380";"002"
"260390";"082"
"260392";"118"
"260400";"926"
"260410";"926"
"260415";"926"
"260420";"054"
"260430";"926"
"260440";"926"
"260450";"926"
"260460";"926"
"260470";"926"
"260480";"054"
"260490";"926"
"260500";"926"
"260510";"926"
"260515";"083"
"260520";"926"
"260530";"081"
"260540";"926"
"260545";"926"
"260550";"926"
"260560";"082"
"260570";"118"
"260580";"926"
"260590";"054"
"260600";"002"
"260610";"926"
"260620";"926"
"260630";"081"
"260640";"926"
"260650";"002"
"260660";"002"
"260670";"002"
"260680";"926"
"260690";"082"
"260700";"002"
"260710";"082"
"260720";"926"
"260730";"081"
"260740";"118"
"260750";"002"
"260760";"926"
"260765";"926"
"260770";"082"
"260775";"926"
"260780";"926"
"260790";"926"
"260795";"054"
"260800";"926"
"260805";"118"
"260810";"926"
"260820";"054"
"260825";"926"
"260830";"926"
"260840";"926"
"260845";"926"
"260850";"926"
"260860";"926"
"260870";"926"
"260875";"083"
"260880";"926"
"260890";"926"
"260900";"926"
"260910";"926"
"260915";"002"
"260920";"054"
"260930";"082"
"260940";"926"
"260950";"926"
"260960";"926"
"260970";"926"
"260980";"083"
"260990";"081"
"261000";"054"
"261010";"926"
"261020";"926"
"261030";"002"
"261040";"926"
"261050";"926"
"261060";"926"
"261070";"926"
"261080";"002"
"261090";"926"
"261100";"118"
"261110";"083"
"261120";"926"
"261130";"926"
"261140";"054"
"261150";"926"
"261153";"082"
"261160";"926"
"261170";"926"
"261180";"054"
"261190";"054"
"261200";"926"
"261210";"926"
"261220";"926"
"261230";"002"
"261240";"926"
"261245";"081"
"261247";"082"
"261250";"926"
"261255";"081"
"261260";"083"
"261270";"926"
"261280";"082"
"261290";"054"
"261300";"002"
"261310";"926"
"261320";"926"
"261330";"926"
"261340";"054"
"261350";"082"
"261360";"082"
"261370";"926"
"261380";"926"
"261390";"082"
"261400";"926"
"261410";"082"
"261420";"926"
"261430";"081"
"261440";"082"
"261450";"926"
"261460";"082"
"261470";"926"
"261480";"118"
"261485";"054"
"261500";"926"
"261510";"002"
"261520";"926"
"261530";"926"
"261540";"926"
"261550";"926"
"261560";"081"
"261570";"082"
"261580";"002"
"261590";"082"
"261600";"002"
"261610";"926"
"261618";"926"
"261620";"926"
"261630";"926"
"261640";"926"
"261650";"054"
"270000";"927"
"270010";"040"
"270020";"927"
"270030";"039"
"270040";"126"
"270050";"041"
"270060";"927"
"270070";"036"
"270080";"927"
"270090";"036"
"270100";"927"
"270110";"126"
"270120";"036"
"270130";"126"
"270135";"041"
"270140";"927"
"270150";"039"
"270160";"040"
"270170";"126"
"270180";"042"
"270190";"126"
"270200";"039"
"270210";"927"
"270220";"927"
"270230";"927"
"270235";"039"
"270240";"040"
"270250";"042"
"270255";"039"
"270260";"039"
"270270";"927"
"270280";"927"
"270290";"039"
"270300";"126"
"270310";"039"
"270320";"927"
"270330";"040"
"270340";"036"
"270350";"041"
"270360";"041"
"270370";"036"
"270375";"927"
"270380";"927"
"270390";"041"
"270400";"039"
"270410";"039"
"270420";"039"
"270430";"927"
"270440";"036"
"270450";"041"
"270460";"042"
"270470";"927"
"270480";"927"
"270490";"126"
"270500";"040"
"270510";"041"
"270520";"927"
"270530";"036"
"270540";"036"
"270550";"126"
"270560";"927"
"270570";"036"
"270580";"040"
"270590";"039"
"270600";"042"
"270610";"042"
"270620";"036"
"270630";"039"
"270640";"036"
"270642";"040"
"270644";"927"
"270650";"041"
"270660";"126"
"270670";"927"
"270680";"927"
"270690";"126"
"270700";"126"
"270710";"040"
"270720";"042"
"270730";"041"
"270740";"041"
"270750";"927"
"270760";"126"
"270770";"927"
"270780";"927"
"270790";"927"
"270800";"042"
"270810";"126"
"270820";"927"
"270830";"126"
"270840";"042"
"270850";"041"
"270860";"927"
"270870";"041"
"270880";"039"
"270890";"927"
"270895";"042"
"270900";"927"
"270910";"039"
"270915";"927"
"270920";"039"
"270930";"126"
"270940";"126"
"280000";"928"
"280010";"135"
"280020";"928"
"280030";"928"
"280040";"105"
"280050";"084"
"280060";"928"
"280067";"105"
"280070";"135"
"280100";"084"
"280110";"135"
"280120";"008"
"280130";"928"
"280140";"084"
"280150";"928"
"280160";"135"
"280170";"105"
"280190";"928"
"280200";"928"
"280210";"105"
"280220";"928"
"280230";"084"
"280240";"008"
"280250";"928"
"280260";"928"
"280270";"135"
"280280";"105"
"280290";"084"
"280300";"105"
"280310";"928"
"280320";"105"
"280330";"928"
"280340";"135"
"280350";"084"
"280360";"928"
"280370";"084"
"280380";"135"
"280390";"084"
"280400";"928"
"280410";"084"
"280420";"008"
"280430";"135"
"280440";"135"
"280445";"084"
"280450";"008"
"280460";"928"
"280470";"008"
"280480";"928"
"280490";"135"
"280500";"084"
"280510";"105"
"280520";"084"
"280530";"928"
"280540";"008"
"280550";"084"
"280560";"008"
"280570";"135"
"280580";"084"
"280590";"928"
"280600";"084"
"280610";"928"
"280620";"105"
"280630";"105"
"280640";"135"
"280650";"928"
"280660";"928"
"280670";"928"
"280680";"084"
"280690";"135"
"280700";"084"
"280710";"084"
"280720";"928"
"280730";"135"
"280740";"084"
"280750";"105"
"280760";"105"
"290000";"929"
"290010";"031"
"290020";"118"
"290030";"929"
"290035";"162"
"290040";"929"
"290050";"929"
"290060";"929"
"290070";"929"
"290080";"929"
"290090";"090"
"290100";"929"
"290110";"929"
"290115";"050"
"290120";"929"
"290130";"031"
"290135";"929"
"290140";"929"
"290150";"929"
"290160";"162"
"290170";"929"
"290180";"929"
"290190";"929"
"290195";"929"
"290200";"929"
"290205";"929"
"290210";"043"
"290220";"929"
"290225";"090"
"290230";"021"
"290240";"090"
"290250";"929"
"290260";"929"
"290265";"162"
"290270";"102"
"290280";"031"
"290290";"929"
"290300";"050"
"290310";"929"
"290320";"929"
"290323";"050"
"290327";"043"
"290330";"090"
"290340";"929"
"290350";"929"
"290360";"043"
"290370";"929"
"290380";"929"
"290390";"102"
"290395";"929"
"290400";"031"
"290405";"031"
"290410";"929"
"290420";"929"
"290430";"929"
"290440";"929"
"290450";"102"
"290460";"929"
"290470";"090"
"290475";"929"
"290480";"929"
"290485";"929"
"290490";"929"
"290500";"929"
"290510";"929"
"290515";"929"
"290520";"929"
"290530";"050"
"290540";"021"
"290550";"929"
"290560";"090"
"290570";"929"
"290580";"021"
"290590";"143"
"290600";"929"
"290610";"929"
"290620";"050"
"290630";"090"
"290640";"043"
"290650";"929"
"290660";"929"
"290670";"929"
"290680";"043"
"290682";"143"
"290685";"929"
"290687";"929"
"290689";"929"
"290690";"929"
"290700";"929"
"290710";"102"
"290720";"143"
"290730";"929"
"290740";"929"
"290750";"929"
"290755";"929"
"290760";"050"
"290770";"118"
"290780";"162"
"290790";"162"
"290800";"090"
"290810";"929"
"290820";"929"
"290830";"929"
"290840";"043"
"290850";"929"
"290860";"929"
"290870";"929"
"290880";"929"
"290890";"929"
"290900";"929"
"290910";"929"
"290920";"162"
"290930";"929"
"290940";"929"
"290950";"929"
"290960";"929"
"290970";"929"
"290980";"929"
"290990";"143"
"291000";"929"
"291005";"929"
"291010";"929"
"291020";"929"
"291030";"929"
"291040";"929"
"291050";"929"
"291060";"929"
"291070";"162"
"291072";"929"
"291075";"162"
"291077";"102"
"291080";"929"
"291085";"929"
"291090";"929"
"291100";"090"
"291110";"929"
"291120";"021"
"291125";"929"
"291130";"050"
"291140";"118"
"291150";"929"
"291160";"929"
"291165";"929"
"291170";"929"
"291180";"929"
"291185";"162"
"291190";"929"
"291200";"929"
"291210";"090"
"291220";"031"
"291230";"929"
"291240";"050"
"291250";"929"
"291260";"929"
"291270";"929"
"291280";"929"
"291290";"929"
"291300";"031"
"291310";"050"
"291320";"102"
"291330";"043"
"291340";"102"
"291345";"021"
"291350";"929"
"291360";"090"
"291370";"929"
"291380";"929"
"291390";"929"
"291400";"929"
"291410";"050"
"291420";"929"
"291430";"929"
"291440";"031"
"291450";"929"
"291460";"050"
"291465";"929"
"291470";"929"
"291480";"090"
"291490";"090"
"291500";"031"
"291510";"929"
"291520";"929"
"291530";"929"
"291535";"050"
"291540";"090"
"291550";"090"
"291560";"929"
"291570";"929"
"291580";"929"
"291590";"929"
"291600";"929"
"291610";"929"
"291620";"090"
"291630";"929"
"291640";"929"
"291650";"929"
"291660";"090"
"291670";"929"
"291680";"929"
"291685";"929"
"291690";"929"
"291700";"043"
"291710";"929"
"291720";"929"
"291730";"021"
"291733";"929"
"291735";"929"
"291740";"929"
"291750";"929"
"291760";"929"
"291770";"929"
"291780";"021"
"291790";"929"
"291800";"929"
"291810";"162"
"291820";"929"
"291830";"929"
"291835";"050"
"291840";"143"
"291845";"929"
"291850";"050"
"291855";"090"
"291860";"031"
"291870";"929"
"291875";"929"
"291880";"929"
"291890";"929"
"291900";"929"
"291905";"929"
"291910";"043"
"291915";"050"
"291920";"929"
"291930";"031"
"291940";"929"
"291950";"929"
"291955";"929"
"291960";"929"
"291970";"929"
"291980";"929"
"291990";"118"
"291992";"929"
"291995";"929"
"292000";"929"
"292010";"929"
"292020";"102"
"292030";"929"
"292040";"929"
"292045";"929"
"292050";"929"
"292060";"929"
"292070";"090"
"292080";"031"
"292090";"090"
"292100";"929"
"292105";"102"
"292110";"929"
"292120";"929"
"292130";"929"
"292140";"929"
"292145";"929"
"292150";"043"
"292160";"102"
"292170";"031"
"292180";"929"
"292190";"031"
"292200";"929"
"292205";"050"
"292210";"929"
"292220";"929"
"292225";"102"
"292230";"929"
"292240";"929"
"292250";"929"
"292260";"021"
"292265";"043"
"292270";"929"
"292273";"929"
"292275";"929"
"292280";"929"
"292285";"031"
"292290";"162"
"292300";"929"
"292303";"031"
"292305";"162"
"292310";"929"
"292320";"102"
"292330";"929"
"292335";"929"
"292340";"929"
"292350";"031"
"292360";"929"
"292370";"102"
"292380";"162"
"292390";"090"
"292400";"118"
"292405";"929"
"292410";"929"
"292420";"162"
"292430";"031"
"292440";"143"
"292450";"929"
"292460";"929"
"292465";"929"
"292467";"021"
"292470";"929"
"292480";"929"
"292490";"929"
"292500";"929"
"292510";"929"
"292520";"929"
"292525";"929"
"292530";"929"
"292540";"929"
"292550";"929"
"292560";"050"
"292570";"929"
"292575";"021"
"292580";"043"
"292590";"043"
"292593";"929"
"292595";"929"
"292600";"143"
"292610";"043"
"292620";"929"
"292630";"929"
"292640";"102"
"292650";"162"
"292660";"162"
"292665";"929"
"292670";"031"
"292680";"929"
"292690";"929"
"292700";"929"
"292710";"118"
"292720";"929"
"292730";"929"
"292740";"929"
"292750";"929"
"292760";"162"
"292770";"929"
"292780";"929"
"292790";"929"
"292800";"043"
"292805";"090"
"292810";"929"
"292820";"929"
"292830";"929"
"292840";"929"
"292850";"929"
"292860";"929"
"292870";"929"
"292880";"929"
"292890";"929"
"292895";"043"
"292900";"929"
"292905";"929"
"292910";"929"
"292920";"929"
"292925";"050"
"292930";"929"
"292935";"090"
"292937";"929"
"292940";"929"
"292950";"929"
"292960";"929"
"292970";"929"
"292975";"929"
"292980";"929"
"292990";"031"
"293000";"929"
"293010";"929"
"293015";"102"
"293020";"143"
"293030";"929"
"293040";"929"
"293050";"043"
"293060";"929"
"293070";"929"
"293075";"102"
"293076";"162"
"293077";"143"
"293080";"031"
"293090";"929"
"293100";"929"
"293105";"929"
"293110";"929"
"293120";"021"
"293130";"031"
"293135";"929"
"293140";"929"
"293150";"043"
"293160";"021"
"293170";"929"
"293180";"929"
"293190";"043"
"293200";"143"
"293210";"929"
"293220";"090"
"293230";"929"
"293240";"050"
"293245";"929"
"293250";"090"
"293260";"929"
"293270";"090"
"293280";"031"
"293290";"021"
"293300";"043"
"293305";"929"
"293310";"929"
"293315";"929"
"293317";"929"
"293320";"929"
"293325";"929"
"293330";"929"
"293340";"031"
"293345";"929"
"293350";"021"
"293360";"050"
"310000";"931"
"310010";"931"
"310020";"931"
"310030";"931"
"310040";"931"
"310050";"931"
"310060";"931"
"310070";"931"
"310080";"931"
"310090";"099"
"310100";"057"
"310110";"931"
"310120";"931"
"310130";"931"
"310140";"931"
"310150";"931"
"310160";"931"
"310163";"931"
"310170";"117"
"310180";"931"
"310190";"931"
"310200";"931"
"310205";"931"
"310210";"931"
"310220";"931"
"310230";"931"
"310240";"931"
"310250";"931"
"310260";"931"
"310270";"057"
"310280";"931"
"310285";"057"
"310290";"931"
"310300";"931"
"310310";"931"
"310320";"931"
"310330";"931"
"310340";"057"
"310350";"931"
"310360";"931"
"310370";"931"
"310375";"931"
"310380";"931"
"310390";"931"
"310400";"931"
"310410";"931"
"310420";"931"
"310430";"931"
"310440";"931"
"310445";"005"
"310450";"063"
"310460";"931"
"310470";"099"
"310480";"048"
"310490";"931"
"310500";"931"
"310510";"931"
"310520";"117"
"310530";"931"
"310540";"931"
"310550";"931"
"310560";"931"
"310570";"931"
"310590";"931"
"310600";"931"
"310610";"931"
"310620";"931"
"310630";"931"
"310640";"931"
"310650";"057"
"310660";"099"
"310665";"007"
"310670";"931"
"310680";"931"
"310690";"931"
"310700";"931"
"310710";"931"
"310720";"931"
"310730";"048"
"310740";"931"
"310750";"931"
"310760";"931"
"310770";"931"
"310780";"931"
"310790";"931"
"310800";"931"
"310810";"931"
"310820";"063"
"310825";"931"
"310830";"931"
"310840";"931"
"310850";"931"
"310855";"063"
"310860";"931"
"310870";"931"
"310880";"931"
"310890";"931"
"310900";"931"
"310910";"931"
"310920";"048"
"310925";"931"
"310930";"038"
"310940";"931"
"310945";"038"
"310950";"931"
"310960";"931"
"310970";"931"
"310980";"931"
"310990";"931"
"311000";"931"
"311010";"931"
"311020";"931"
"311030";"931"
"311040";"931"
"311050";"931"
"311060";"931"
"311070";"931"
"311080";"099"
"311090";"931"
"311100";"931"
"311110";"931"
"311115";"931"
"311120";"931"
"311130";"931"
"311140";"931"
"311150";"931"
"311160";"931"
"311170";"931"
"311180";"931"
"311190";"931"
"311200";"931"
"311205";"931"
"311210";"931"
"311220";"931"
"311230";"005"
"311240";"931"
"311250";"931"
"311260";"931"
"311265";"931"
"311270";"931"
"311280";"931"
"311290";"931"
"311300";"099"
"311310";"931"
"311320";"931"
"311330";"931"
"311340";"931"
"311350";"005"
"311360";"931"
"311370";"099"
"311380";"931"
"311390";"931"
"311400";"931"
"311410";"931"
"311420";"931"
"311430";"931"
"311440";"931"
"311450";"931"
"311455";"931"
"311460";"931"
"311470";"931"
"311480";"931"
"311490";"931"
"311500";"931"
"311510";"931"
"311520";"931"
"311530";"931"
"311535";"931"
"311540";"931"
"311545";"099"
"311547";"079"
"311550";"931"
"311560";"931"
"311570";"931"
"311580";"931"
"311590";"931"
"311600";"931"
"311610";"057"
"311615";"063"
"311620";"931"
"311630";"931"
"311640";"931"
"311650";"931"
"311660";"931"
"311670";"931"
"311680";"005"
"311690";"931"
"311700";"057"
"311710";"931"
"311720";"931"
"311730";"931"
"311740";"931"
"311750";"931"
"311760";"931"
"311770";"931"
"311780";"931"
"311783";"931"
"311787";"931"
"311790";"931"
"311800";"931"
"311810";"931"
"311820";"931"
"311830";"931"
"311840";"931"
"311850";"931"
"311860";"931"
"311870";"931"
"311880";"931"
"311890";"931"
"311900";"931"
"311910";"048"
"311920";"931"
"311930";"931"
"311940";"931"
"311950";"057"
"311960";"931"
"311970";"931"
"311980";"931"
"311990";"931"
"311995";"931"
"312000";"931"
"312010";"005"
"312015";"099"
"312020";"931"
"312030";"931"
"312040";"931"
"312050";"931"
"312060";"931"
"312070";"931"
"312080";"931"
"312083";"931"
"312087";"007"
"312090";"048"
"312100";"005"
"312110";"931"
"312120";"931"
"312125";"931"
"312130";"931"
"312140";"931"
"312150";"931"
"312160";"005"
"312170";"931"
"312180";"931"
"312190";"931"
"312200";"931"
"312210";"931"
"312220";"931"
"312230";"931"
"312235";"931"
"312240";"931"
"312245";"117"
"312247";"063"
"312250";"931"
"312260";"931"
"312270";"931"
"312280";"931"
"312290";"931"
"312300";"931"
"312310";"931"
"312320";"931"
"312330";"931"
"312340";"931"
"312350";"931"
"312352";"931"
"312360";"931"
"312370";"931"
"312380";"048"
"312385";"931"
"312390";"931"
"312400";"931"
"312410";"931"
"312420";"931"
"312430";"079"
"312440";"931"
"312450";"931"
"312460";"931"
"312470";"931"
"312480";"931"
"312490";"931"
"312500";"931"
"312510";"931"
"312520";"931"
"312530";"931"
"312540";"005"
"312550";"005"
"312560";"117"
"312570";"048"
"312580";"931"
"312590";"931"
"312595";"931"
"312600";"931"
"312610";"931"
"312620";"063"
"312630";"931"
"312640";"931"
"312650";"057"
"312660";"048"
"312670";"931"
"312675";"099"
"312680";"099"
"312690";"931"
"312695";"931"
"312700";"931"
"312705";"099"
"312707";"007"
"312710";"931"
"312720";"931"
"312730";"931"
"312733";"079"
"312735";"931"
"312737";"931"
"312738";"931"
"312740";"931"
"312750";"931"
"312760";"005"
"312770";"931"
"312780";"931"
"312790";"931"
"312800";"931"
"312810";"931"
"312820";"931"
"312825";"048"
"312830";"931"
"312840";"931"
"312850";"931"
"312860";"063"
"312870";"931"
"312880";"931"
"312890";"931"
"312900";"931"
"312910";"931"
"312920";"931"
"312930";"931"
"312940";"931"
"312950";"931"
"312960";"931"
"312965";"931"
"312970";"931"
"312980";"931"
"312990";"931"
"313000";"931"
"313005";"931"
"313010";"931"
"313020";"931"
"313030";"931"
"313040";"931"
"313050";"931"
"313055";"931"
"313060";"931"
"313065";"007"
"313070";"931"
"313080";"931"
"313090";"931"
"313100";"931"
"313110";"048"
"313115";"931"
"313120";"931"
"313130";"931"
"313140";"931"
"313150";"931"
"313160";"931"
"313170";"931"
"313180";"931"
"313190";"931"
"313200";"931"
"313210";"931"
"313220";"931"
"313230";"099"
"313240";"931"
"313250";"005"
"313260";"931"
"313270";"099"
"313280";"931"
"313290";"931"
"313300";"931"
"313310";"931"
"313320";"931"
"313330";"057"
"313340";"931"
"313350";"931"
"313360";"931"
"313370";"931"
"313375";"931"
"313380";"931"
"313390";"931"
"313400";"057"
"313410";"931"
"313420";"931"
"313430";"931"
"313440";"931"
"313450";"931"
"313460";"931"
"313470";"117"
"313480";"931"
"313490";"931"
"313500";"931"
"313505";"079"
"313507";"931"
"313510";"079"
"313520";"931"
"313530";"931"
"313535";"931"
"313540";"931"
"313545";"057"
"313550";"931"
"313560";"931"
"313570";"931"
"313580";"117"
"313590";"931"
"313600";"117"
"313610";"931"
"313620";"931"
"313630";"063"
"313640";"048"
"313650";"117"
"313652";"057"
"313655";"931"
"313657";"931"
"313660";"931"
"313665";"931"
"313670";"931"
"313680";"931"
"313690";"931"
"313695";"931"
"313700";"099"
"313710";"063"
"313720";"931"
"313730";"931"
"313740";"931"
"313750";"931"
"313753";"063"
"313760";"931"
"313770";"931"
"313780";"931"
"313790";"931"
"313800";"931"
"313810";"931"
"313820";"931"
"313830";"931"
"313835";"005"
"313840";"931"
"313850";"931"
"313860";"931"
"313862";"931"
"313865";"931"
"313867";"931"
"313868";"931"
"313870";"931"
"313880";"931"
"313890";"099"
"313900";"931"
"313910";"931"
"313920";"099"
"313925";"079"
"313930";"079"
"313940";"931"
"313950";"931"
"313960";"931"
"313970";"931"
"313980";"931"
"313990";"931"
"314000";"931"
"314010";"931"
"314015";"931"
"314020";"931"
"314030";"931"
"314040";"931"
"314050";"931"
"314053";"931"
"314055";"117"
"314060";"931"
"314070";"931"
"314080";"931"
"314085";"079"
"314090";"931"
"314100";"079"
"314110";"931"
"314120";"931"
"314130";"931"
"314140";"057"
"314150";"931"
"314160";"931"
"314170";"931"
"314180";"005"
"314190";"931"
"314200";"931"
"314210";"931"
"314220";"931"
"314225";"931"
"314230";"931"
"314240";"931"
"314250";"048"
"314260";"931"
"314270";"931"
"314280";"931"
"314290";"079"
"314300";"931"
"314310";"931"
"314315";"117"
"314320";"931"
"314330";"931"
"314340";"931"
"314345";"007"
"314350";"931"
"314360";"048"
"314370";"931"
"314380";"931"
"314390";"931"
"314400";"931"
"314410";"931"
"314420";"931"
"314430";"099"
"314435";"931"
"314437";"063"
"314440";"931"
"314450";"931"
"314460";"931"
"314465";"007"
"314467";"931"
"314470";"931"
"314480";"931"
"314490";"931"
"314500";"931"
"314505";"079"
"314510";"931"
"314520";"931"
"314530";"057"
"314535";"099"
"314537";"007"
"314540";"931"
"314545";"048"
"314550";"931"
"314560";"931"
"314570";"931"
"314580";"931"
"314585";"931"
"314587";"931"
"314590";"931"
"314600";"931"
"314610";"931"
"314620";"099"
"314625";"931"
"314630";"057"
"314640";"931"
"314650";"931"
"314655";"079"
"314660";"931"
"314670";"931"
"314675";"117"
"314690";"931"
"314700";"063"
"314710";"931"
"314720";"931"
"314730";"931"
"314740";"931"
"314750";"931"
"314760";"931"
"314770";"931"
"314780";"931"
"314790";"931"
"314795";"931"
"314800";"931"
"314810";"931"
"314820";"931"
"314830";"931"
"314840";"931"
"314850";"099"
"314860";"931"
"314870";"057"
"314875";"931"
"314880";"931"
"314890";"931"
"314900";"931"
"314910";"931"
"314915";"931"
"314920";"931"
"314930";"931"
"314940";"931"
"314950";"931"
"314960";"931"
"314970";"931"
"314980";"931"
"314990";"931"
"314995";"931"
"315000";"099"
"315010";"931"
"315015";"931"
"315020";"931"
"315030";"931"
"315040";"931"
"315050";"931"
"315053";"931"
"315057";"063"
"315060";"931"
"315070";"931"
"315080";"931"
"315090";"931"
"315100";"931"
"315110";"931"
"315120";"931"
"315130";"931"
"315140";"931"
"315150";"931"
"315160";"931"
"315170";"931"
"315180";"931"
"315190";"931"
"315200";"931"
"315210";"931"
"315213";"931"
"315217";"057"
"315220";"079"
"315230";"931"
"315240";"099"
"315250";"931"
"315260";"931"
"315270";"931"
"315280";"931"
"315290";"931"
"315300";"931"
"315310";"931"
"315320";"048"
"315330";"005"
"315340";"063"
"315350";"931"
"315360";"931"
"315370";"931"
"315380";"931"
"315390";"931"
"315400";"931"
"315410";"931"
"315415";"931"
"315420";"931"
"315430";"931"
"315440";"931"
"315445";"063"
"315450";"079"
"315460";"931"
"315470";"931"
"315480";"931"
"315490";"931"
"315500";"931"
"315510";"117"
"315520";"931"
"315530";"931"
"315540";"931"
"315550";"931"
"315560";"007"
"315570";"931"
"315580";"931"
"315590";"931"
"315600";"005"
"315610";"931"
"315620";"931"
"315630";"931"
"315640";"931"
"315645";"931"
"315650";"007"
"315660";"117"
"315670";"931"
"315680";"931"
"315690";"931"
"315700";"007"
"315710";"117"
"315720";"931"
"315725";"931"
"315727";"931"
"315730";"931"
"315733";"931"
"315737";"007"
"315740";"931"
"315750";"931"
"315760";"063"
"315765";"099"
"315770";"931"
"315780";"931"
"315790";"931"
"315800";"931"
"315810";"117"
"315820";"931"
"315830";"931"
"315840";"931"
"315850";"931"
"315860";"931"
"315870";"931"
"315880";"931"
"315890";"931"
"315895";"931"
"315900";"931"
"315910";"931"
"315920";"931"
"315930";"931"
"315935";"931"
"315940";"931"
"315950";"931"
"315960";"931"
"315970";"931"
"315980";"931"
"315990";"931"
"316000";"931"
"316010";"931"
"316020";"931"
"316030";"117"
"316040";"931"
"316045";"007"
"316050";"931"
"316060";"048"
"316070";"931"
"316080";"931"
"316090";"931"
"316095";"931"
"316100";"931"
"316105";"931"
"316110";"931"
"316120";"931"
"316130";"931"
"316140";"931"
"316150";"931"
"316160";"931"
"316165";"931"
"316170";"063"
"316180";"931"
"316190";"931"
"316200";"931"
"316210";"931"
"316220";"931"
"316225";"931"
"316230";"931"
"316240";"931"
"316245";"931"
"316250";"931"
"316255";"931"
"316257";"931"
"316260";"931"
"316265";"931"
"316270";"007"
"316280";"931"
"316290";"931"
"316292";"931"
"316294";"931"
"316295";"931"
"316300";"931"
"316310";"931"
"316320";"931"
"316330";"931"
"316340";"931"
"316350";"931"
"316360";"931"
"316370";"931"
"316380";"931"
"316390";"931"
"316400";"931"
"316410";"931"
"316420";"063"
"316430";"931"
"316440";"931"
"316443";"931"
"316447";"931"
"316450";"931"
"316460";"931"
"316470";"931"
"316480";"931"
"316490";"931"
"316500";"931"
"316510";"931"
"316520";"931"
"316530";"931"
"316540";"931"
"316550";"931"
"316553";"931"
"316555";"099"
"316556";"931"
"316557";"931"
"316560";"931"
"316570";"931"
"316580";"931"
"316590";"005"
"316600";"931"
"316610";"931"
"316620";"931"
"316630";"931"
"316640";"931"
"316650";"005"
"316660";"931"
"316670";"099"
"316680";"931"
"316690";"931"
"316695";"079"
"316700";"931"
"316710";"005"
"316720";"931"
"316730";"931"
"316740";"931"
"316750";"931"
"316760";"931"
"316770";"931"
"316780";"931"
"316790";"931"
"316800";"007"
"316805";"931"
"316810";"931"
"316820";"931"
"316830";"931"
"316840";"931"
"316850";"931"
"316860";"099"
"316870";"931"
"316880";"931"
"316890";"931"
"316900";"931"
"316905";"931"
"316910";"931"
"316920";"931"
"316930";"931"
"316935";"048"
"316940";"931"
"316950";"931"
"316960";"931"
"316970";"005"
"316980";"931"
"316990";"931"
"317000";"931"
"317005";"931"
"317010";"931"
"317020";"931"
"317030";"099"
"317040";"038"
"317043";"931"
"317047";"063"
"317050";"931"
"317052";"063"
"317057";"931"
"317060";"931"
"317065";"007"
"317070";"931"
"317075";"063"
"317080";"931"
"317090";"931"
"317100";"063"
"317103";"079"
"317107";"005"
"317110";"931"
"317115";"931"
"317120";"931"
"317130";"931"
"317140";"931"
"317150";"931"
"317160";"057"
"317170";"931"
"317180";"931"
"317190";"931"
"317200";"931"
"317210";"931"
"317220";"931"
"320000";"932"
"320010";"932"
"320013";"064"
"320016";"064"
"320020";"026"
"320030";"932"
"320035";"932"
"320040";"932"
"320050";"932"
"320060";"932"
"320070";"932"
"320080";"932"
"320090";"064"
"320100";"064"
"320110";"932"
"320115";"932"
"320120";"932"
"320130";"932"
"320140";"932"
"320150";"932"
"320160";"064"
"320170";"932"
"320180";"026"
"320190";"932"
"320200";"026"
"320210";"064"
"320220";"932"
"320225";"932"
"320230";"026"
"320240";"932"
"320245";"026"
"320250";"932"
"320255";"026"
"320260";"932"
"320265";"026"
"320270";"932"
"320280";"932"
"320290";"932"
"320300";"026"
"320305";"064"
"320310";"026"
"320313";"932"
"320316";"932"
"320320";"932"
"320330";"932"
"320332";"932"
"320334";"932"
"320335";"932"
"320340";"932"
"320350";"064"
"320360";"064"
"320370";"026"
"320380";"932"
"320390";"064"
"320400";"932"
"320405";"064"
"320410";"064"
"320420";"932"
"320425";"064"
"320430";"932"
"320435";"932"
"320440";"932"
"320450";"932"
"320455";"932"
"320460";"932"
"320465";"932"
"320470";"064"
"320480";"026"
"320490";"064"
"320495";"932"
"320500";"932"
"320501";"932"
"320503";"932"
"320506";"932"
"320510";"932"
"320515";"064"
"320517";"064"
"320520";"932"
"320530";"932"
"330000";"933"
"330010";"933"
"330015";"062"
"330020";"933"
"330022";"933"
"330023";"933"
"330025";"933"
"330030";"933"
"330040";"933"
"330045";"933"
"330050";"933"
"330060";"062"
"330070";"933"
"330080";"933"
"330090";"062"
"330093";"065"
"330095";"933"
"330100";"065"
"330110";"933"
"330115";"065"
"330120";"933"
"330130";"933"
"330140";"065"
"330150";"933"
"330160";"933"
"330170";"933"
"330180";"933"
"330185";"933"
"330187";"933"
"330190";"933"
"330200";"933"
"330205";"062"
"330210";"062"
"330220";"062"
"330225";"933"
"330227";"933"
"330230";"062"
"330240";"065"
"330245";"933"
"330250";"933"
"330260";"933"
"330270";"933"
"330280";"933"
"330285";"933"
"330290";"933"
"330300";"062"
"330310";"062"
"330320";"933"
"330330";"933"
"330340";"933"
"330350";"933"
"330360";"933"
"330370";"933"
"330380";"933"
"330385";"933"
"330390";"933"
"330395";"933"
"330400";"933"
"330410";"062"
"330411";"933"
"330412";"933"
"330414";"933"
"330415";"065"
"330420";"933"
"330430";"933"
"330440";"933"
"330450";"933"
"330452";"933"
"330455";"933"
"330460";"933"
"330470";"062"
"330475";"065"
"330480";"065"
"330490";"933"
"330500";"065"
"330510";"933"
"330513";"062"
"330515";"933"
"330520";"933"
"330530";"933"
"330540";"933"
"330550";"933"
"330555";"933"
"330560";"933"
"330570";"933"
"330575";"933"
"330580";"933"
"330590";"933"
"330600";"933"
"330610";"933"
"330615";"062"
"330620";"933"
"330630";"933"
"350000";"935"
"350010";"935"
"350020";"935"
"350030";"935"
"350040";"935"
"350050";"935"
"350055";"935"
"350060";"935"
"350070";"935"
"350075";"935"
"350080";"073"
"350090";"935"
"350100";"935"
"350110";"935"
"350115";"935"
"350120";"935"
"350130";"073"
"350140";"935"
"350150";"935"
"350160";"935"
"350170";"935"
"350180";"935"
"350190";"935"
"350200";"935"
"350210";"935"
"350220";"935"
"350230";"935"
"350240";"073"
"350250";"935"
"350260";"935"
"350270";"100"
"350275";"935"
"350280";"935"
"350290";"935"
"350300";"935"
"350310";"935"
"350315";"935"
"350320";"935"
"350330";"935"
"350335";"935"
"350340";"935"
"350350";"935"
"350360";"935"
"350370";"935"
"350380";"935"
"350390";"935"
"350395";"935"
"350400";"935"
"350410";"935"
"350420";"935"
"350430";"935"
"350440";"935"
"350450";"935"
"350460";"935"
"350470";"935"
"350480";"935"
"350490";"935"
"350500";"089"
"350510";"935"
"350520";"935"
"350530";"935"
"350535";"100"
"350540";"100"
"350550";"935"
"350560";"935"
"350570";"935"
"350580";"935"
"350590";"935"
"350600";"935"
"350610";"935"
"350620";"935"
"350630";"935"
"350635";"935"
"350640";"935"
"350650";"935"
"350660";"935"
"350670";"935"
"350680";"935"
"350690";"935"
"350700";"935"
"350710";"935"
"350715";"089"
"350720";"935"
"350730";"935"
"350740";"935"
"350745";"935"
"350750";"935"
"350760";"935"
"350770";"935"
"350775";"935"
"350780";"935"
"350790";"935"
"350800";"089"
"350810";"935"
"350820";"935"
"350830";"935"
"350840";"935"
"350850";"935"
"350860";"935"
"350870";"935"
"350880";"935"
"350890";"073"
"350900";"935"
"350910";"073"
"350920";"935"
"350925";"100"
"350930";"935"
"350940";"935"
"350945";"935"
"350950";"935"
"350960";"935"
"350970";"935"
"350980";"935"
"350990";"100"
"350995";"935"
"351000";"935"
"351010";"935"
"351015";"935"
"351020";"089"
"351030";"935"
"351040";"935"
"351050";"935"
"351060";"935"
"351070";"935"
"351080";"935"
"351090";"935"
"351100";"935"
"351110";"935"
"351120";"935"
"351130";"935"
"351140";"935"
"351150";"935"
"351160";"935"
"351170";"935"
"351190";"935"
"351200";"935"
"351210";"935"
"351220";"935"
"351230";"935"
"351240";"935"
"351250";"935"
"351260";"089"
"351270";"935"
"351280";"935"
"351290";"935"
"351300";"935"
"351310";"935"
"351320";"935"
"351330";"935"
"351340";"935"
"351350";"935"
"351360";"935"
"351370";"935"
"351380";"935"
"351385";"935"
"351390";"935"
"351400";"935"
"351410";"935"
"351420";"935"
"351430";"935"
"351440";"935"
"351450";"935"
"351460";"935"
"351470";"935"
"351480";"100"
"351490";"935"
"351492";"935"
"351495";"935"
"351500";"935"
"351510";"935"
"351512";"073"
"351515";"935"
"351518";"935"
"351519";"935"
"351520";"935"
"351530";"073"
"351535";"073"
"351540";"935"
"351550";"935"
"351560";"935"
"351565";"935"
"351570";"935"
"351580";"935"
"351590";"935"
"351600";"935"
"351610";"935"
"351620";"935"
"351630";"935"
"351640";"935"
"351650";"935"
"351660";"935"
"351670";"935"
"351680";"935"
"351685";"935"
"351690";"935"
"351700";"935"
"351710";"935"
"351720";"935"
"351730";"935"
"351740";"935"
"351750";"935"
"351760";"089"
"351770";"935"
"351780";"935"
"351790";"935"
"351800";"935"
"351810";"935"
"351820";"935"
"351830";"935"
"351840";"935"
"351850";"935"
"351860";"935"
"351870";"935"
"351880";"935"
"351885";"935"
"351890";"935"
"351900";"935"
"351905";"935"
"351907";"935"
"351910";"935"
"351920";"935"
"351925";"935"
"351930";"935"
"351940";"935"
"351950";"935"
"351960";"935"
"351970";"935"
"351980";"935"
"351990";"073"
"352000";"935"
"352010";"935"
"352020";"935"
"352030";"100"
"352040";"935"
"352042";"100"
"352044";"935"
"352050";"935"
"352060";"073"
"352070";"935"
"352080";"935"
"352090";"935"
"352100";"935"
"352110";"935"
"352115";"935"
"352120";"100"
"352130";"935"
"352140";"935"
"352150";"935"
"352160";"935"
"352170";"089"
"352180";"935"
"352190";"935"
"352200";"935"
"352210";"935"
"352215";"100"
"352220";"935"
"352230";"935"
"352240";"089"
"352250";"935"
"352260";"935"
"352265";"100"
"352270";"935"
"352280";"089"
"352290";"935"
"352300";"935"
"352310";"935"
"352320";"089"
"352330";"100"
"352340";"935"
"352350";"935"
"352360";"935"
"352370";"935"
"352380";"935"
"352390";"935"
"352400";"935"
"352410";"935"
"352420";"935"
"352430";"935"
"352440";"935"
"352450";"935"
"352460";"100"
"352470";"935"
"352480";"935"
"352490";"935"
"352500";"935"
"352510";"935"
"352520";"935"
"352530";"935"
"352540";"935"
"352550";"935"
"352560";"073"
"352570";"935"
"352580";"935"
"352585";"935"
"352590";"935"
"352600";"935"
"352610";"100"
"352620";"100"
"352630";"935"
"352640";"935"
"352650";"935"
"352660";"935"
"352670";"935"
"352680";"935"
"352690";"935"
"352700";"935"
"352710";"935"
"352720";"935"
"352725";"935"
"352730";"935"
"352740";"935"
"352750";"935"
"352760";"935"
"352770";"935"
"352780";"935"
"352790";"935"
"352800";"935"
"352810";"935"
"352820";"935"
"352830";"935"
"352840";"935"
"352850";"935"
"352860";"935"
"352870";"073"
"352880";"935"
"352885";"935"
"352890";"935"
"352900";"935"
"352910";"935"
"352920";"073"
"352930";"935"
"352940";"935"
"352950";"935"
"352960";"935"
"352965";"935"
"352970";"935"
"352980";"935"
"352990";"100"
"353000";"935"
"353010";"935"
"353020";"073"
"353030";"935"
"353040";"935"
"353050";"935"
"353060";"935"
"353070";"935"
"353080";"935"
"353090";"935"
"353100";"935"
"353110";"935"
"353120";"935"
"353130";"935"
"353140";"935"
"353150";"935"
"353160";"935"
"353170";"935"
"353180";"935"
"353190";"935"
"353200";"935"
"353205";"935"
"353210";"935"
"353215";"073"
"353220";"073"
"353230";"935"
"353240";"935"
"353250";"935"
"353260";"935"
"353270";"935"
"353280";"935"
"353282";"089"
"353284";"935"
"353286";"935"
"353290";"935"
"353300";"935"
"353310";"935"
"353320";"935"
"353325";"935"
"353330";"935"
"353340";"935"
"353350";"935"
"353360";"935"
"353370";"935"
"353380";"935"
"353390";"935"
"353400";"935"
"353410";"935"
"353420";"935"
"353430";"935"
"353440";"935"
"353450";"935"
"353460";"935"
"353470";"935"
"353475";"935"
"353480";"935"
"353490";"935"
"353500";"935"
"353510";"935"
"353520";"935"
"353530";"935"
"353540";"935"
"353550";"935"
"353560";"935"
"353570";"935"
"353580";"935"
"353590";"935"
"353600";"935"
"353610";"935"
"353620";"100"
"353625";"935"
"353630";"935"
"353640";"935"
"353650";"935"
"353657";"935"
"353660";"935"
"353670";"935"
"353680";"935"
"353690";"935"
"353700";"935"
"353710";"935"
"353715";"935"
"353720";"100"
"353730";"935"
"353740";"935"
"353750";"935"
"353760";"100"
"353770";"935"
"353780";"935"
"353790";"935"
"353800";"935"
"353810";"935"
"353820";"935"
"353830";"073"
"353850";"935"
"353860";"935"
"353870";"935"
"353880";"935"
"353890";"935"
"353900";"935"
"353910";"935"
"353920";"073"
"353930";"935"
"353940";"935"
"353950";"935"
"353960";"935"
"353970";"935"
"353980";"935"
"353990";"935"
"354000";"935"
"354010";"935"
"354020";"935"
"354025";"935"
"354030";"935"
"354040";"935"
"354050";"935"
"354060";"935"
"354070";"935"
"354075";"935"
"354080";"935"
"354085";"935"
"354090";"935"
"354100";"935"
"354105";"935"
"354110";"935"
"354120";"073"
"354130";"073"
"354140";"073"
"354150";"073"
"354160";"935"
"354165";"935"
"354170";"935"
"354180";"935"
"354190";"935"
"354200";"935"
"354210";"935"
"354220";"073"
"354230";"935"
"354240";"073"
"354250";"935"
"354260";"100"
"354270";"935"
"354280";"100"
"354290";"935"
"354300";"100"
"354310";"935"
"354320";"935"
"354323";"073"
"354325";"089"
"354330";"935"
"354340";"935"
"354350";"089"
"354360";"935"
"354370";"935"
"354380";"935"
"354390";"935"
"354400";"935"
"354410";"935"
"354420";"935"
"354425";"073"
"354430";"935"
"354440";"935"
"354450";"935"
"354460";"935"
"354470";"935"
"354480";"935"
"354490";"935"
"354500";"935"
"354510";"935"
"354515";"935"
"354520";"935"
"354530";"935"
"354540";"935"
"354550";"073"
"354560";"935"
"354570";"935"
"354580";"935"
"354600";"935"
"354610";"935"
"354620";"935"
"354625";"935"
"354630";"935"
"354640";"935"
"354650";"935"
"354660";"935"
"354670";"935"
"354680";"935"
"354690";"935"
"354700";"935"
"354710";"935"
"354720";"935"
"354730";"935"
"354740";"935"
"354750";"935"
"354760";"935"
"354765";"935"
"354770";"073"
"354780";"935"
"354790";"935"
"354800";"935"
"354805";"935"
"354810";"935"
"354820";"935"
"354830";"073"
"354840";"935"
"354850";"935"
"354860";"935"
"354870";"935"
"354880";"935"
"354890";"935"
"354900";"935"
"354910";"935"
"354920";"935"
"354925";"935"
"354930";"935"
"354940";"935"
"354950";"935"
"354960";"935"
"354970";"935"
"354980";"935"
"354990";"935"
"354995";"100"
"355000";"935"
"355010";"935"
"355020";"935"
"355030";"935"
"355040";"935"
"355050";"935"
"355060";"935"
"355070";"935"
"355080";"935"
"355090";"935"
"355100";"935"
"355110";"935"
"355120";"935"
"355130";"935"
"355140";"935"
"355150";"935"
"355160";"935"
"355170";"935"
"355180";"100"
"355190";"935"
"355200";"935"
"355210";"935"
"355220";"935"
"355230";"935"
"355240";"935"
"355250";"935"
"355255";"935"
"355260";"935"
"355270";"935"
"355280";"935"
"355290";"073"
"355300";"935"
"355310";"935"
"355320";"935"
"355330";"935"
"355340";"935"
"355350";"100"
"355360";"935"
"355365";"935"
"355370";"935"
"355380";"089"
"355385";"089"
"355390";"073"
"355395";"935"
"355400";"935"
"355410";"935"
"355420";"935"
"355430";"073"
"355440";"935"
"355450";"935"
"355460";"935"
"355465";"935"
"355470";"935"
"355475";"935"
"355480";"935"
"355490";"935"
"355495";"935"
"355500";"935"
"355510";"935"
"355520";"935"
"355530";"935"
"355535";"935"
"355540";"935"
"355550";"935"
"355560";"935"
"355570";"935"
"355580";"935"
"355590";"935"
"355600";"935"
"355610";"935"
"355620";"935"
"355630";"935"
"355635";"935"
"355640";"935"
"355645";"935"
"355650";"935"
"355660";"935"
"355670";"935"
"355680";"935"
"355690";"935"
"355695";"935"
"355700";"935"
"355710";"935"
"355715";"935"
"355720";"935"
"355730";"935"
"410000";"941"
"410010";"146"
"410020";"101"
"410030";"941"
"410040";"941"
"410045";"068"
"410050";"941"
"410060";"941"
"410070";"941"
"410080";"941"
"410090";"941"
"410100";"941"
"410105";"941"
"410110";"941"
"410115";"941"
"410120";"941"
"410130";"941"
"410140";"941"
"410150";"941"
"410160";"941"
"410165";"941"
"410170";"941"
"410180";"941"
"410185";"941"
"410190";"941"
"410200";"941"
"410210";"941"
"410220";"941"
"410230";"941"
"410240";"941"
"410250";"941"
"410260";"941"
"410270";"941"
"410275";"941"
"410280";"941"
"410290";"941"
"410300";"941"
"410302";"941"
"410304";"068"
"410305";"941"
"410310";"101"
"410315";"941"
"410320";"941"
"410322";"941"
"410330";"941"
"410335";"941"
"410337";"941"
"410340";"941"
"410345";"941"
"410347";"941"
"410350";"941"
"410360";"941"
"410370";"941"
"410380";"941"
"410390";"941"
"410395";"068"
"410400";"941"
"410405";"025"
"410410";"941"
"410420";"941"
"410425";"941"
"410430";"941"
"410440";"068"
"410442";"025"
"410445";"025"
"410450";"941"
"410460";"941"
"410465";"941"
"410470";"146"
"410480";"941"
"410490";"941"
"410500";"025"
"410510";"941"
"410520";"101"
"410530";"941"
"410540";"941"
"410550";"941"
"410560";"941"
"410570";"941"
"410580";"941"
"410590";"941"
"410600";"146"
"410610";"146"
"410620";"941"
"410630";"941"
"410640";"941"
"410645";"941"
"410650";"941"
"410655";"941"
"410657";"941"
"410660";"941"
"410670";"941"
"410680";"941"
"410685";"941"
"410690";"941"
"410700";"941"
"410710";"941"
"410712";"025"
"410715";"941"
"410720";"941"
"410725";"941"
"410730";"941"
"410740";"941"
"410750";"941"
"410752";"941"
"410753";"941"
"410754";"025"
"410755";"941"
"410760";"941"
"410765";"941"
"410770";"941"
"410773";"941"
"410775";"941"
"410780";"941"
"410785";"941"
"410790";"941"
"410800";"941"
"410810";"941"
"410820";"941"
"410830";"941"
"410832";"941"
"410840";"941"
"410845";"025"
"410850";"941"
"410855";"941"
"410860";"941"
"410865";"025"
"410870";"941"
"410880";"941"
"410890";"941"
"410895";"941"
"410900";"146"
"410910";"941"
"410920";"941"
"410930";"025"
"410940";"068"
"410950";"941"
"410960";"941"
"410965";"941"
"410970";"146"
"410975";"025"
"410980";"941"
"410990";"941"
"411000";"941"
"411005";"941"
"411007";"941"
"411010";"941"
"411020";"941"
"411030";"941"
"411040";"941"
"411050";"941"
"411060";"941"
"411065";"941"
"411070";"941"
"411080";"068"
"411090";"941"
"411095";"941"
"411100";"941"
"411110";"941"
"411120";"941"
"411125";"101"
"411130";"941"
"411140";"941"
"411150";"941"
"411155";"941"
"411160";"941"
"411170";"146"
"411180";"146"
"411190";"941"
"411200";"941"
"411210";"941"
"411220";"941"
"411230";"146"
"411240";"941"
"411250";"941"
"411260";"941"
"411270";"941"
"411275";"941"
"411280";"146"
"411290";"146"
"411295";"941"
"411300";"941"
"411310";"941"
"411320";"941"
"411325";"068"
"411330";"025"
"411340";"941"
"411342";"941"
"411345";"941"
"411350";"941"
"411360";"941"
"411370";"941"
"411373";"941"
"411375";"941"
"411380";"941"
"411390";"941"
"411400";"941"
"411410";"941"
"411420";"941"
"411430";"941"
"411435";"941"
"411440";"941"
"411450";"068"
"411460";"941"
"411470";"941"
"411480";"941"
"411490";"941"
"411500";"941"
"411510";"941"
"411520";"941"
"411530";"941"
"411535";"941"
"411540";"941"
"411545";"025"
"411550";"941"
"411560";"941"
"411570";"941"
"411573";"068"
"411575";"941"
"411580";"941"
"411585";"941"
"411590";"941"
"411600";"941"
"411605";"941"
"411610";"941"
"411620";"941"
"411630";"941"
"411640";"941"
"411650";"941"
"411660";"941"
"411670";"941"
"411680";"068"
"411690";"941"
"411695";"941"
"411700";"146"
"411705";"025"
"411710";"941"
"411720";"941"
"411721";"146"
"411722";"941"
"411725";"941"
"411727";"068"
"411729";"941"
"411730";"941"
"411740";"941"
"411745";"941"
"411750";"941"
"411760";"941"
"411770";"941"
"411780";"068"
"411790";"941"
"411800";"941"
"411810";"941"
"411820";"941"
"411830";"941"
"411840";"941"
"411845";"941"
"411850";"941"
"411860";"941"
"411870";"941"
"411880";"941"
"411885";"941"
"411890";"941"
"411900";"941"
"411910";"941"
"411915";"941"
"411920";"146"
"411925";"941"
"411930";"025"
"411940";"941"
"411950";"941"
"411960";"068"
"411965";"941"
"411970";"941"
"411980";"941"
"411990";"941"
"411995";"941"
"412000";"941"
"412010";"941"
"412015";"025"
"412020";"941"
"412030";"941"
"412033";"941"
"412035";"941"
"412040";"941"
"412050";"941"
"412060";"941"
"412065";"941"
"412070";"146"
"412080";"941"
"412085";"941"
"412090";"025"
"412100";"941"
"412110";"941"
"412120";"941"
"412125";"941"
"412130";"941"
"412135";"941"
"412140";"941"
"412150";"941"
"412160";"941"
"412170";"941"
"412175";"025"
"412180";"146"
"412190";"146"
"412200";"941"
"412210";"941"
"412215";"025"
"412217";"068"
"412220";"101"
"412230";"941"
"412240";"941"
"412250";"068"
"412260";"941"
"412265";"068"
"412270";"941"
"412280";"941"
"412290";"146"
"412300";"941"
"412310";"146"
"412320";"146"
"412330";"941"
"412340";"941"
"412350";"941"
"412360";"941"
"412370";"941"
"412380";"941"
"412382";"941"
"412385";"068"
"412390";"941"
"412395";"941"
"412400";"146"
"412402";"941"
"412405";"941"
"412410";"146"
"412420";"941"
"412430";"146"
"412440";"941"
"412450";"941"
"412460";"941"
"412470";"146"
"412480";"941"
"412490";"941"
"412500";"941"
"412510";"941"
"412520";"941"
"412530";"941"
"412535";"941"
"412540";"146"
"412545";"941"
"412550";"941"
"412555";"941"
"412560";"941"
"412570";"941"
"412575";"941"
"412580";"941"
"412590";"941"
"412600";"941"
"412610";"941"
"412620";"146"
"412625";"941"
"412627";"941"
"412630";"941"
"412635";"941"
"412640";"941"
"412650";"941"
"412660";"146"
"412665";"941"
"412667";"941"
"412670";"941"
"412680";"941"
"412690";"941"
"412700";"941"
"412710";"941"
"412720";"941"
"412730";"941"
"412740";"941"
"412750";"941"
"412760";"941"
"412770";"941"
"412780";"146"
"412785";"025"
"412788";"101"
"412790";"941"
"412795";"941"
"412796";"068"
"412800";"941"
"412810";"941"
"412820";"941"
"412830";"941"
"412840";"941"
"412850";"146"
"412853";"941"
"412855";"941"
"412860";"941"
"412862";"941"
"412863";"101"
"412865";"025"
"412870";"941"
"412880";"941"
"420000";"942"
"420005";"942"
"420010";"033"
"420020";"942"
"420030";"942"
"420040";"033"
"420050";"942"
"420055";"942"
"420060";"942"
"420070";"942"
"420075";"942"
"420080";"942"
"420090";"942"
"420100";"942"
"420110";"942"
"420120";"942"
"420125";"942"
"420127";"942"
"420130";"942"
"420140";"942"
"420150";"942"
"420160";"942"
"420165";"942"
"420170";"942"
"420180";"942"
"420190";"942"
"420195";"942"
"420200";"942"
"420205";"942"
"420207";"942"
"420208";"942"
"420209";"942"
"420210";"942"
"420213";"070"
"420215";"942"
"420220";"942"
"420230";"942"
"420240";"942"
"420243";"942"
"420245";"942"
"420250";"942"
"420253";"033"
"420257";"942"
"420260";"942"
"420270";"942"
"420280";"942"
"420285";"942"
"420287";"942"
"420290";"942"
"420300";"942"
"420310";"942"
"420315";"942"
"420320";"942"
"420325";"942"
"420330";"070"
"420340";"942"
"420350";"942"
"420360";"942"
"420370";"942"
"420380";"070"
"420390";"033"
"420395";"942"
"420400";"033"
"420410";"942"
"420415";"942"
"420417";"942"
"420419";"942"
"420420";"942"
"420425";"942"
"420430";"942"
"420435";"942"
"420440";"942"
"420445";"033"
"420450";"942"
"420455";"942"
"420460";"942"
"420470";"942"
"420475";"942"
"420480";"942"
"420490";"942"
"420500";"942"
"420510";"942"
"420515";"942"
"420517";"033"
"420519";"942"
"420520";"033"
"420530";"033"
"420535";"942"
"420540";"942"
"420543";"942"
"420545";"942"
"420550";"942"
"420555";"942"
"420560";"033"
"420570";"942"
"420580";"942"
"420590";"942"
"420600";"942"
"420610";"942"
"420620";"942"
"420630";"942"
"420640";"942"
"420650";"942"
"420660";"942"
"420665";"942"
"420670";"033"
"420675";"942"
"420680";"033"
"420690";"942"
"420700";"942"
"420710";"942"
"420720";"942"
"420730";"942"
"420740";"942"
"420750";"942"
"420757";"942"
"420760";"942"
"420765";"942"
"420768";"033"
"420770";"942"
"420775";"942"
"420780";"942"
"420785";"942"
"420790";"070"
"420800";"942"
"420810";"070"
"420820";"942"
"420830";"942"
"420840";"942"
"420845";"942"
"420850";"942"
"420860";"942"
"420870";"942"
"420880";"942"
"420890";"942"
"420895";"942"
"420900";"033"
"420910";"942"
"420915";"942"
"420917";"033"
"420920";"033"
"420930";"942"
"420940";"942"
"420945";"033"
"420950";"942"
"420960";"942"
"420970";"942"
"420980";"942"
"420985";"942"
"420990";"942"
"421000";"942"
"421003";"033"
"421005";"942"
"421010";"070"
"421020";"942"
"421030";"070"
"421040";"942"
"421050";"942"
"421055";"033"
"421060";"942"
"421070";"070"
"421080";"942"
"421085";"942"
"421090";"942"
"421100";"942"
"421105";"942"
"421110";"070"
"421120";"942"
"421125";"942"
"421130";"942"
"421140";"942"
"421145";"942"
"421150";"942"
"421160";"942"
"421165";"942"
"421170";"942"
"421175";"942"
"421180";"033"
"421185";"033"
"421187";"942"
"421189";"942"
"421190";"942"
"421200";"942"
"421205";"942"
"421210";"942"
"421220";"070"
"421223";"942"
"421225";"942"
"421227";"033"
"421230";"942"
"421240";"942"
"421250";"942"
"421260";"942"
"421265";"942"
"421270";"942"
"421280";"942"
"421290";"942"
"421300";"942"
"421310";"942"
"421315";"942"
"421320";"942"
"421330";"942"
"421335";"942"
"421340";"033"
"421350";"942"
"421360";"070"
"421370";"942"
"421380";"942"
"421390";"942"
"421400";"942"
"421410";"942"
"421415";"942"
"421420";"942"
"421430";"942"
"421440";"942"
"421450";"942"
"421460";"942"
"421470";"942"
"421480";"942"
"421490";"942"
"421500";"070"
"421505";"942"
"421507";"942"
"421510";"942"
"421520";"942"
"421530";"942"
"421535";"942"
"421540";"942"
"421545";"942"
"421550";"942"
"421555";"942"
"421560";"942"
"421565";"942"
"421567";"942"
"421568";"942"
"421569";"942"
"421570";"942"
"421575";"942"
"421580";"070"
"421590";"942"
"421600";"942"
"421605";"942"
"421610";"033"
"421620";"942"
"421625";"942"
"421630";"942"
"421635";"942"
"421640";"942"
"421650";"942"
"421660";"942"
"421670";"942"
"421680";"942"
"421690";"942"
"421700";"942"
"421710";"942"
"421715";"942"
"421720";"942"
"421725";"942"
"421730";"942"
"421740";"942"
"421750";"942"
"421755";"942"
"421760";"942"
"421770";"942"
"421775";"942"
"421780";"942"
"421790";"942"
"421795";"942"
"421800";"942"
"421810";"942"
"421820";"942"
"421825";"942"
"421830";"070"
"421835";"942"
"421840";"942"
"421850";"033"
"421860";"942"
"421870";"942"
"421875";"942"
"421880";"942"
"421885";"942"
"421890";"942"
"421895";"942"
"421900";"942"
"421910";"033"
"421915";"942"
"421917";"033"
"421920";"942"
"421930";"942"
"421935";"942"
"421940";"942"
"421950";"033"
"421960";"942"
"421970";"033"
"421985";"942"
"422000";"942"
"430000";"943"
"430003";"104"
"430005";"943"
"430010";"075"
"430020";"147"
"430030";"943"
"430040";"943"
"430045";"943"
"430047";"943"
"430050";"056"
"430055";"943"
"430057";"943"
"430060";"943"
"430063";"104"
"430064";"056"
"430066";"943"
"430070";"943"
"430080";"943"
"430085";"943"
"430087";"943"
"430090";"943"
"430100";"943"
"430105";"943"
"430107";"104"
"430110";"943"
"430120";"943"
"430130";"104"
"430140";"943"
"430150";"147"
"430155";"943"
"430160";"943"
"430163";"943"
"430165";"943"
"430170";"943"
"430175";"943"
"430180";"943"
"430185";"147"
"430187";"943"
"430190";"943"
"430192";"943"
"430195";"943"
"430200";"943"
"430205";"943"
"430210";"943"
"430215";"056"
"430220";"943"
"430222";"147"
"430223";"943"
"430225";"943"
"430230";"943"
"430235";"943"
"430237";"147"
"430240";"943"
"430245";"943"
"430250";"943"
"430258";"147"
"430260";"147"
"430265";"943"
"430270";"943"
"430280";"943"
"430290";"075"
"430300";"075"
"430310";"943"
"430320";"943"
"430330";"943"
"430340";"056"
"430350";"943"
"430355";"943"
"430360";"943"
"430367";"943"
"430370";"943"
"430380";"943"
"430390";"943"
"430400";"147"
"430410";"943"
"430420";"943"
"430430";"943"
"430435";"104"
"430440";"943"
"430450";"104"
"430460";"943"
"430461";"943"
"430462";"943"
"430463";"943"
"430465";"075"
"430466";"104"
"430467";"943"
"430468";"943"
"430469";"943"
"430470";"943"
"430471";"943"
"430480";"943"
"430485";"943"
"430490";"943"
"430495";"943"
"430500";"147"
"430510";"943"
"430511";"943"
"430512";"104"
"430513";"943"
"430515";"056"
"430517";"943"
"430520";"943"
"430530";"943"
"430535";"943"
"430537";"943"
"430540";"147"
"430543";"104"
"430544";"943"
"430545";"943"
"430550";"943"
"430558";"943"
"430560";"943"
"430570";"147"
"430580";"056"
"430583";"943"
"430585";"943"
"430587";"147"
"430590";"147"
"430593";"943"
"430595";"943"
"430597";"943"
"430600";"147"
"430605";"104"
"430607";"056"
"430610";"147"
"430613";"943"
"430620";"943"
"430630";"943"
"430632";"147"
"430635";"943"
"430637";"075"
"430640";"943"
"430642";"056"
"430645";"943"
"430650";"943"
"430655";"943"
"430660";"943"
"430670";"075"
"430673";"943"
"430675";"943"
"430676";"943"
"430680";"943"
"430690";"943"
"430692";"056"
"430693";"943"
"430695";"943"
"430697";"943"
"430700";"943"
"430705";"943"
"430710";"104"
"430720";"943"
"430730";"056"
"430740";"943"
"430745";"147"
"430750";"943"
"430755";"943"
"430760";"943"
"430770";"943"
"430780";"943"
"430781";"943"
"430783";"943"
"430786";"943"
"430790";"943"
"430800";"075"
"430805";"943"
"430807";"943"
"430810";"943"
"430820";"943"
"430825";"943"
"430830";"943"
"430840";"075"
"430843";"943"
"430845";"943"
"430850";"056"
"430860";"943"
"430865";"943"
"430870";"943"
"430880";"943"
"430885";"943"
"430890";"943"
"430900";"943"
"430905";"943"
"430910";"943"
"430912";"056"
"430915";"943"
"430920";"943"
"430925";"943"
"430930";"943"
"430940";"943"
"430950";"943"
"430955";"943"
"430957";"943"
"430960";"943"
"430965";"104"
"430970";"147"
"430975";"943"
"430980";"943"
"430990";"943"
"430995";"943"
"431000";"943"
"431010";"943"
"431020";"147"
"431030";"943"
"431033";"943"
"431036";"943"
"431040";"943"
"431041";"147"
"431043";"943"
"431046";"943"
"431050";"056"
"431053";"075"
"431055";"943"
"431057";"943"
"431060";"943"
"431065";"943"
"431070";"943"
"431075";"075"
"431080";"943"
"431085";"056"
"431087";"943"
"431090";"943"
"431100";"104"
"431110";"075"
"431112";"943"
"431113";"075"
"431115";"147"
"431120";"075"
"431123";"943"
"431125";"943"
"431127";"943"
"431130";"943"
"431140";"943"
"431142";"056"
"431150";"943"
"431160";"056"
"431162";"943"
"431164";"943"
"431170";"943"
"431171";"943"
"431173";"943"
"431175";"943"
"431177";"943"
"431179";"943"
"431180";"943"
"431190";"943"
"431198";"943"
"431200";"943"
"431205";"943"
"431210";"075"
"431213";"943"
"431215";"943"
"431217";"943"
"431220";"943"
"431225";"943"
"431230";"147"
"431235";"943"
"431237";"943"
"431238";"943"
"431240";"943"
"431242";"943"
"431244";"943"
"431245";"104"
"431247";"943"
"431250";"943"
"431260";"943"
"431261";"943"
"431262";"943"
"431265";"943"
"431267";"943"
"431270";"056"
"431275";"943"
"431280";"943"
"431290";"943"
"431295";"943"
"431300";"943"
"431301";"943"
"431303";"075"
"431306";"943"
"431308";"943"
"431310";"075"
"431320";"943"
"431330";"943"
"431333";"147"
"431335";"943"
"431337";"943"
"431339";"075"
"431340";"943"
"431342";"943"
"431344";"056"
"431346";"056"
"431349";"943"
"431350";"943"
"431360";"943"
"431365";"943"
"431370";"943"
"431380";"056"
"431390";"147"
"431395";"943"
"431400";"943"
"431402";"075"
"431403";"943"
"431405";"943"
"431406";"943"
"431407";"943"
"431410";"943"
"431413";"943"
"431415";"943"
"431417";"104"
"431420";"104"
"431430";"147"
"431440";"104"
"431442";"943"
"431445";"056"
"431446";"943"
"431447";"075"
"431449";"056"
"431450";"104"
"431453";"943"
"431454";"943"
"431455";"943"
"431460";"104"
"431470";"056"
"431475";"943"
"431477";"943"
"431478";"943"
"431480";"943"
"431490";"943"
"431500";"943"
"431505";"943"
"431507";"943"
"431510";"943"
"431513";"943"
"431514";"943"
"431515";"943"
"431517";"943"
"431520";"943"
"431530";"943"
"431531";"943"
"431532";"075"
"431535";"943"
"431540";"147"
"431545";"943"
"431550";"075"
"431555";"056"
"431560";"104"
"431570";"943"
"431575";"943"
"431580";"943"
"431590";"056"
"431595";"943"
"431600";"943"
"431610";"943"
"431620";"943"
"431630";"943"
"431640";"943"
"431642";"056"
"431643";"943"
"431645";"943"
"431647";"943"
"431650";"943"
"431660";"943"
"431670";"943"
"431673";"943"
"431675";"943"
"431680";"943"
"431690";"075"
"431695";"943"
"431697";"943"
"431700";"104"
"431710";"943"
"431720";"943"
"431725";"943"
"431730";"104"
"431740";"075"
"431750";"943"
"431755";"943"
"431760";"943"
"431770";"943"
"431775";"943"
"431780";"147"
"431790";"943"
"431795";"943"
"431800";"943"
"431805";"943"
"431810";"075"
"431820";"943"
"431830";"943"
"431840";"943"
"431842";"943"
"431843";"075"
"431844";"943"
"431845";"056"
"431846";"943"
"431848";"943"
"431849";"943"
"431850";"104"
"431860";"943"
"431861";"943"
"431862";"943"
"431870";"943"
"431880";"104"
"431890";"943"
"431900";"943"
"431910";"147"
"431912";"075"
"431915";"943"
"431920";"943"
"431930";"943"
"431935";"943"
"431936";"056"
"431937";"943"
"431940";"075"
"431950";"943"
"431960";"075"
"431970";"943"
"431971";"943"
"431973";"147"
"431975";"943"
"431980";"075"
"431990";"943"
"432000";"943"
"432010";"943"
"432020";"056"
"432023";"147"
"432026";"943"
"432030";"943"
"432032";"943"
"432035";"943"
"432040";"943"
"432045";"943"
"432050";"943"
"432055";"943"
"432057";"943"
"432060";"943"
"432065";"075"
"432067";"943"
"432070";"943"
"432080";"943"
"432085";"943"
"432090";"943"
"432100";"943"
"432110";"943"
"432120";"943"
"432130";"943"
"432132";"056"
"432135";"943"
"432140";"147"
"432143";"943"
"432145";"943"
"432146";"943"
"432147";"147"
"432149";"075"
"432150";"943"
"432160";"943"
"432162";"943"
"432163";"943"
"432166";"943"
"432170";"943"
"432180";"943"
"432183";"943"
"432185";"056"
"432190";"147"
"432195";"056"
"432200";"943"
"432210";"943"
"432215";"943"
"432218";"943"
"432220";"075"
"432225";"943"
"432230";"943"
"432232";"104"
"432234";"943"
"432235";"943"
"432237";"075"
"432240";"943"
"432250";"943"
"432252";"943"
"432253";"943"
"432254";"943"
"432255";"943"
"432260";"943"
"432270";"943"
"432280";"943"
"432285";"943"
"432290";"943"
"432300";"943"
"432310";"056"
"432320";"943"
"432330";"943"
"432335";"943"
"432340";"943"
"432345";"075"
"432350";"056"
"432360";"943"
"432370";"147"
"432375";"943"
"432377";"943"
"432380";"943"
"500000";"950"
"500020";"950"
"500025";"950"
"500060";"950"
"500070";"037"
"500080";"127"
"500085";"127"
"500090";"950"
"500100";"950"
"500110";"950"
"500124";"950"
"500150";"950"
"500190";"127"
"500200";"127"
"500210";"037"
"500215";"037"
"500220";"037"
"500230";"127"
"500240";"047"
"500260";"950"
"500270";"950"
"500280";"950"
"500290";"950"
"500295";"950"
"500310";"950"
"500315";"950"
"500320";"950"
"500325";"950"
"500330";"950"
"500345";"047"
"500348";"037"
"500350";"047"
"500370";"047"
"500375";"035"
"500380";"047"
"500390";"950"
"500400";"047"
"500410";"037"
"500430";"035"
"500440";"950"
"500450";"047"
"500460";"035"
"500470";"127"
"500480";"035"
"500490";"950"
"500500";"037"
"500510";"047"
"500515";"047"
"500520";"950"
"500525";"950"
"500540";"037"
"500560";"950"
"500568";"035"
"500570";"035"
"500580";"037"
"500600";"047"
"500620";"127"
"500625";"127"
"500627";"950"
"500630";"950"
"500635";"950"
"500640";"950"
"500660";"950"
"500690";"950"
"500710";"950"
"500720";"047"
"500730";"950"
"500740";"950"
"500750";"950"
"500755";"127"
"500769";"950"
"500770";"035"
"500780";"950"
"500790";"037"
"500793";"950"
"500795";"035"
"500797";"127"
"500800";"037"
"500830";"950"
"500840";"047"
"510000";"951"
"510010";"016"
"510020";"951"
"510025";"074"
"510030";"951"
"510035";"019"
"510040";"951"
"510050";"951"
"510060";"951"
"510080";"074"
"510100";"951"
"510120";"951"
"510125";"951"
"510130";"951"
"510140";"163"
"510160";"016"
"510170";"951"
"510180";"951"
"510185";"019"
"510190";"951"
"510250";"951"
"510260";"951"
"510263";"951"
"510267";"016"
"510268";"951"
"510269";"019"
"510270";"951"
"510279";"074"
"510285";"163"
"510300";"016"
"510305";"951"
"510310";"951"
"510320";"074"
"510325";"163"
"510330";"951"
"510335";"019"
"510336";"951"
"510337";"163"
"510340";"016"
"510343";"951"
"510345";"951"
"510350";"951"
"510360";"951"
"510370";"951"
"510380";"951"
"510385";"951"
"510390";"951"
"510395";"951"
"510410";"074"
"510420";"951"
"510450";"951"
"510452";"951"
"510454";"951"
"510455";"951"
"510460";"951"
"510480";"951"
"510490";"016"
"510500";"951"
"510510";"951"
"510515";"163"
"510517";"163"
"510520";"951"
"510523";"951"
"510525";"951"
"510530";"019"
"510550";"951"
"510558";"074"
"510560";"074"
"510562";"951"
"510590";"016"
"510600";"951"
"510610";"016"
"510615";"074"
"510617";"951"
"510618";"951"
"510619";"074"
"510620";"016"
"510621";"074"
"510622";"951"
"510623";"951"
"510624";"951"
"510625";"951"
"510626";"074"
"510627";"951"
"510628";"951"
"510629";"074"
"510630";"951"
"510631";"019"
"510637";"951"
"510642";"074"
"510645";"016"
"510650";"016"
"510665";"951"
"510670";"951"
"510675";"951"
"510677";"019"
"510680";"951"
"510682";"951"
"510685";"951"
"510700";"951"
"510704";"951"
"510706";"019"
"510710";"951"
"510715";"951"
"510718";"019"
"510719";"951"
"510720";"951"
"510724";"951"
"510726";"951"
"510729";"951"
"510730";"951"
"510735";"019"
"510740";"951"
"510757";"163"
"510760";"951"
"510770";"016"
"510774";"019"
"510775";"951"
"510776";"951"
"510777";"019"
"510779";"951"
"510780";"016"
"510785";"019"
"510787";"951"
"510788";"019"
"510790";"951"
"510792";"951"
"510794";"951"
"510795";"951"
"510800";"951"
"510805";"074"
"510810";"951"
"510820";"951"
"510830";"951"
"510835";"951"
"510840";"016"
"510850";"951"
"510860";"019"
"510880";"074"
"510885";"951"
"510890";"951"
"510895";"074"
"520000";"952"
"520005";"952"
"520010";"952"
"520013";"952"
"520015";"952"
"520017";"038"
"520020";"952"
"520025";"952"
"520030";"952"
"520040";"952"
"520050";"952"
"520055";"952"
"520060";"121"
"520070";"952"
"520080";"125"
"520082";"952"
"520085";"952"
"520090";"952"
"520100";"952"
"520110";"952"
"520120";"952"
"520130";"952"
"520140";"952"
"520145";"952"
"520150";"952"
"520160";"952"
"520170";"952"
"520180";"952"
"520190";"952"
"520200";"952"
"520210";"952"
"520215";"952"
"520220";"952"
"520230";"952"
"520235";"952"
"520240";"952"
"520250";"952"
"520255";"952"
"520260";"952"
"520270";"952"
"520280";"952"
"520290";"952"
"520300";"952"
"520310";"952"
"520320";"952"
"520330";"952"
"520340";"952"
"520350";"952"
"520355";"952"
"520357";"952"
"520360";"952"
"520370";"952"
"520380";"952"
"520390";"952"
"520393";"067"
"520396";"125"
"520400";"038"
"520410";"952"
"520420";"952"
"520425";"952"
"520430";"952"
"520440";"952"
"520450";"952"
"520455";"952"
"520460";"952"
"520465";"952"
"520470";"952"
"520480";"952"
"520485";"952"
"520490";"121"
"520495";"952"
"520500";"067"
"520505";"952"
"520510";"952"
"520520";"952"
"520530";"121"
"520540";"952"
"520545";"952"
"520547";"952"
"520549";"952"
"520550";"952"
"520551";"952"
"520552";"121"
"520560";"952"
"520570";"067"
"520580";"952"
"520590";"952"
"520600";"952"
"520610";"952"
"520620";"952"
"520630";"952"
"520640";"952"
"520650";"952"
"520660";"952"
"520670";"125"
"520680";"952"
"520690";"952"
"520700";"952"
"520710";"952"
"520720";"952"
"520725";"952"
"520730";"952"
"520735";"952"
"520740";"952"
"520750";"952"
"520753";"952"
"520755";"952"
"520760";"952"
"520765";"952"
"520770";"952"
"520780";"952"
"520790";"125"
"520800";"038"
"520810";"952"
"520815";"952"
"520820";"952"
"520830";"125"
"520840";"952"
"520850";"952"
"520860";"952"
"520870";"952"
"520880";"952"
"520890";"067"
"520900";"952"
"520910";"952"
"520915";"952"
"520920";"952"
"520929";"067"
"520930";"952"
"520940";"125"
"520945";"952"
"520950";"952"
"520960";"067"
"520970";"952"
"520980";"952"
"520990";"125"
"520993";"952"
"520995";"952"
"521000";"952"
"521010";"952"
"521015";"952"
"521020";"952"
"521030";"952"
"521040";"067"
"521050";"952"
"521056";"067"
"521060";"067"
"521070";"952"
"521080";"952"
"521090";"952"
"521100";"067"
"521110";"952"
"521120";"067"
"521130";"952"
"521140";"952"
"521150";"952"
"521160";"952"
"521170";"952"
"521180";"952"
"521190";"952"
"521200";"952"
"521205";"952"
"521210";"952"
"521220";"952"
"521225";"952"
"521230";"952"
"521240";"952"
"521250";"952"
"521260";"952"
"521270";"125"
"521280";"952"
"521290";"952"
"521295";"952"
"521300";"952"
"521305";"038"
"521308";"952"
"521310";"952"
"521320";"952"
"521330";"952"
"521340";"952"
"521350";"121"
"521360";"952"
"521370";"952"
"521375";"952"
"521377";"952"
"521380";"952"
"521385";"067"
"521390";"067"
"521400";"952"
"521405";"952"
"521410";"952"
"521420";"952"
"521430";"952"
"521440";"952"
"521450";"952"
"521460";"952"
"521470";"952"
"521480";"952"
"521483";"952"
"521486";"952"
"521487";"952"
"521488";"952"
"521490";"121"
"521500";"952"
"521510";"952"
"521520";"952"
"521523";"952"
"521525";"952"
"521530";"952"
"521540";"952"
"521550";"952"
"521560";"038"
"521565";"952"
"521570";"952"
"521575";"952"
"521580";"952"
"521590";"952"
"521600";"952"
"521610";"952"
"521620";"952"
"521630";"952"
"521640";"952"
"521645";"952"
"521650";"952"
"521660";"952"
"521670";"952"
"521680";"952"
"521690";"952"
"521700";"952"
"521710";"952"
"521720";"952"
"521730";"952"
"521740";"952"
"521750";"952"
"521760";"038"
"521770";"952"
"521780";"952"
"521790";"952"
"521800";"952"
"521805";"952"
"521810";"952"
"521820";"952"
"521830";"125"
"521839";"952"
"521840";"952"
"521850";"952"
"521860";"952"
"521870";"952"
"521875";"952"
"521878";"952"
"521880";"952"
"521890";"952"
"521900";"067"
"521910";"952"
"521920";"952"
"521925";"952"
"521930";"952"
"521935";"952"
"521940";"952"
"521945";"952"
"521950";"952"
"521960";"952"
"521970";"952"
"521971";"952"
"521973";"952"
"521975";"952"
"521980";"125"
"521990";"952"
"522000";"121"
"522005";"952"
"522010";"952"
"522015";"952"
"522020";"952"
"522026";"952"
"522028";"952"
"522030";"952"
"522040";"952"
"522045";"952"
"522050";"952"
"522060";"952"
"522065";"952"
"522068";"125"
"522070";"125"
"522080";"952"
"522090";"952"
"522100";"067"
"522108";"121"
"522110";"952"
"522119";"952"
"522120";"952"
"522130";"952"
"522140";"952"
"522145";"952"
"522150";"952"
"522155";"952"
"522157";"952"
"522160";"952"
"522170";"067"
"522180";"952"
"522185";"952"
"522190";"952"
"522200";"952"
"522205";"952"
"522208";"952"
"522210";"952"
"522220";"038"
"522230";"952"
"530010";"038"
