"000000";"0000"
"110000";"1100"
"110001";"1102"
"110002";"1104"
"110003";"1103"
"110004";"1102"
"110005";"1103"
"110006";"1103"
"110007";"1103"
"110008";"1101"
"110009";"1102"
"110010";"1104"
"110011";"1101"
"110012";"1101"
"110013";"1104"
"110014";"1102"
"110015";"1101"
"110018";"1102"
"110020";"1104"
"110025";"1101"
"110026";"1104"
"110028";"1102"
"110029";"1102"
"110030";"1103"
"110032";"1101"
"110033";"1104"
"110034";"1101"
"110037";"1102"
"110040";"1104"
"110045";"1104"
"110050";"1102"
"110060";"1104"
"110070";"1104"
"110080";"1104"
"110090";"1102"
"110092";"1103"
"110094";"1104"
"110100";"1101"
"110110";"1104"
"110120";"1102"
"110130";"1101"
"110140";"1104"
"110143";"1101"
"110145";"1102"
"110146";"1103"
"110147";"1102"
"110148";"1102"
"110149";"1101"
"110150";"1101"
"110155";"1101"
"110160";"1101"
"110170";"1101"
"110175";"1104"
"110180";"1101"
"120000";"1200"
"120001";"1290"
"120005";"1290"
"120010";"1290"
"120013";"1290"
"120017";"1290"
"120020";"1290"
"120025";"1290"
"120030";"1290"
"120032";"1290"
"120033";"1290"
"120034";"1290"
"120035";"1290"
"120038";"1290"
"120039";"1290"
"120040";"1290"
"120042";"1290"
"120043";"1290"
"120045";"1290"
"120050";"1290"
"120060";"1290"
"120070";"1290"
"120080";"1290"
"130000";"1300"
"130002";"1390"
"130006";"1390"
"130008";"1390"
"130010";"1390"
"130014";"1390"
"130020";"1390"
"130030";"1390"
"130040";"1390"
"130050";"1390"
"130060";"1390"
"130063";"1390"
"130068";"1390"
"130070";"1390"
"130080";"1390"
"130083";"1390"
"130090";"1390"
"130100";"1390"
"130110";"1390"
"130115";"1390"
"130120";"1390"
"130130";"1390"
"130140";"1390"
"130150";"1390"
"130160";"1390"
"130165";"1390"
"130170";"1390"
"130180";"1390"
"130185";"1390"
"130190";"1390"
"130195";"1390"
"130200";"1390"
"130210";"1390"
"130220";"1390"
"130230";"1390"
"130240";"1390"
"130250";"1390"
"130255";"1390"
"130260";"1390"
"130270";"1390"
"130280";"1390"
"130290";"1390"
"130300";"1390"
"130310";"1390"
"130320";"1390"
"130330";"1390"
"130340";"1390"
"130350";"1390"
"130353";"1390"
"130356";"1390"
"130360";"1390"
"130370";"1390"
"130380";"1390"
"130390";"1390"
"130395";"1390"
"130400";"1390"
"130406";"1390"
"130410";"1390"
"130420";"1390"
"130423";"1390"
"130426";"1390"
"130430";"1390"
"130440";"1390"
"140000";"1400"
"140002";"1490"
"140005";"1490"
"140010";"1490"
"140015";"1490"
"140017";"1490"
"140020";"1490"
"140023";"1490"
"140028";"1490"
"140030";"1490"
"140040";"1490"
"140045";"1490"
"140047";"1490"
"140050";"1490"
"140060";"1490"
"140070";"1490"
"150000";"1500"
"150010";"1590"
"150013";"1590"
"150020";"1590"
"150030";"1590"
"150034";"1590"
"150040";"1590"
"150050";"1590"
"150060";"1590"
"150070";"1590"
"150080";"1590"
"150085";"1590"
"150090";"1590"
"150095";"1590"
"150100";"1590"
"150110";"1590"
"150120";"1590"
"150125";"1590"
"150130";"1590"
"150140";"1590"
"150145";"1590"
"150150";"1590"
"150157";"1590"
"150160";"1590"
"150170";"1590"
"150172";"1590"
"150175";"1590"
"150178";"1590"
"150180";"1590"
"150190";"1590"
"150195";"1590"
"150200";"1590"
"150210";"1590"
"150215";"1590"
"150220";"1590"
"150230";"1590"
"150240";"1590"
"150250";"1590"
"150260";"1590"
"150270";"1590"
"150275";"1590"
"150276";"1590"
"150277";"1590"
"150280";"1590"
"150285";"1590"
"150290";"1590"
"150293";"1590"
"150295";"1590"
"150300";"1590"
"150304";"1590"
"150307";"1590"
"150309";"1590"
"150310";"1590"
"150320";"1590"
"150330";"1590"
"150340";"1590"
"150345";"1590"
"150350";"1590"
"150360";"1590"
"150370";"1590"
"150375";"1590"
"150380";"1590"
"150390";"1590"
"150400";"1590"
"150405";"1590"
"150410";"1590"
"150420";"1590"
"150430";"1590"
"150440";"1590"
"150442";"1590"
"150445";"1590"
"150450";"1590"
"150460";"1590"
"150470";"1590"
"150475";"1590"
"150480";"1590"
"150490";"1590"
"150495";"1590"
"150497";"1590"
"150500";"1590"
"150503";"1590"
"150506";"1590"
"150510";"1590"
"150520";"1590"
"150530";"1590"
"150540";"1590"
"150543";"1590"
"150548";"1590"
"150549";"1590"
"150550";"1590"
"150553";"1590"
"150555";"1590"
"150560";"1590"
"150563";"1590"
"150565";"1590"
"150570";"1590"
"150580";"1590"
"150590";"1590"
"150600";"1590"
"150610";"1590"
"150611";"1590"
"150613";"1590"
"150616";"1590"
"150618";"1590"
"150619";"1590"
"150620";"1590"
"150630";"1590"
"150635";"1590"
"150640";"1590"
"150650";"1590"
"150655";"1590"
"150658";"1590"
"150660";"1590"
"150670";"1590"
"150680";"1590"
"150690";"1590"
"150700";"1590"
"150710";"1590"
"150715";"1590"
"150720";"1590"
"150730";"1590"
"150740";"1590"
"150745";"1590"
"150746";"1590"
"150747";"1590"
"150750";"1590"
"150760";"1590"
"150770";"1590"
"150775";"1590"
"150780";"1590"
"150790";"1590"
"150795";"1590"
"150796";"1590"
"150797";"1590"
"150800";"1590"
"150803";"1590"
"150805";"1590"
"150808";"1590"
"150810";"1590"
"150812";"1590"
"150815";"1590"
"150820";"1590"
"150830";"1590"
"150835";"1590"
"150840";"1590"
"160000";"1600"
"160005";"1601"
"160010";"1602"
"160015";"1601"
"160020";"1602"
"160021";"1601"
"160023";"1601"
"160025";"1601"
"160027";"1601"
"160030";"1601"
"160040";"1601"
"160050";"1601"
"160053";"1601"
"160055";"1602"
"160060";"1601"
"160070";"1602"
"160080";"1601"
"170000";"1700"
"170025";"1790"
"170030";"1790"
"170035";"1790"
"170040";"1790"
"170070";"1790"
"170100";"1790"
"170105";"1790"
"170110";"1790"
"170130";"1790"
"170190";"1790"
"170200";"1790"
"170210";"1790"
"170215";"1790"
"170220";"1790"
"170230";"1790"
"170240";"1790"
"170255";"1790"
"170270";"1790"
"170290";"1790"
"170300";"1790"
"170305";"1790"
"170307";"1790"
"170310";"1790"
"170320";"1790"
"170330";"1790"
"170360";"1790"
"170370";"1790"
"170380";"1790"
"170382";"1790"
"170384";"1790"
"170386";"1790"
"170388";"1790"
"170389";"1790"
"170390";"1790"
"170410";"1790"
"170460";"1790"
"170510";"1790"
"170550";"1790"
"170555";"1790"
"170560";"1790"
"170600";"1790"
"170610";"1790"
"170625";"1790"
"170650";"1790"
"170700";"1790"
"170710";"1790"
"170720";"1790"
"170730";"1790"
"170740";"1790"
"170755";"1790"
"170765";"1790"
"170770";"1790"
"170820";"1790"
"170825";"1790"
"170830";"1790"
"170900";"1790"
"170930";"1790"
"170950";"1790"
"170980";"1790"
"171050";"1790"
"171070";"1790"
"171090";"1790"
"171110";"1790"
"171150";"1790"
"171180";"1790"
"171190";"1790"
"171195";"1790"
"171200";"1790"
"171215";"1790"
"171240";"1790"
"171245";"1790"
"171250";"1790"
"171270";"1790"
"171280";"1790"
"171320";"1790"
"171330";"1790"
"171360";"1790"
"171370";"1790"
"171380";"1790"
"171395";"1790"
"171420";"1790"
"171430";"1790"
"171488";"1790"
"171500";"1790"
"171510";"1790"
"171515";"1790"
"171525";"1790"
"171550";"1790"
"171570";"1790"
"171575";"1790"
"171610";"1790"
"171620";"1790"
"171630";"1790"
"171650";"1790"
"171660";"1790"
"171665";"1790"
"171670";"1790"
"171700";"1790"
"171720";"1790"
"171750";"1790"
"171780";"1790"
"171790";"1790"
"171800";"1790"
"171820";"1790"
"171830";"1790"
"171840";"1790"
"171845";"1790"
"171850";"1790"
"171855";"1790"
"171865";"1790"
"171870";"1790"
"171875";"1790"
"171880";"1790"
"171884";"1790"
"171886";"1790"
"171888";"1790"
"171889";"1790"
"171890";"1790"
"171900";"1790"
"172000";"1790"
"172010";"1790"
"172015";"1790"
"172020";"1790"
"172025";"1790"
"172030";"1790"
"172049";"1790"
"172065";"1790"
"172080";"1790"
"172085";"1790"
"172090";"1790"
"172093";"1790"
"172097";"1790"
"172100";"1790"
"172110";"1790"
"172120";"1790"
"172125";"1790"
"172130";"1790"
"172208";"1790"
"172210";"1790"
"210000";"2100"
"210005";"2190"
"210010";"2190"
"210015";"2190"
"210020";"2190"
"210030";"2190"
"210040";"2190"
"210043";"2190"
"210047";"2190"
"210050";"2190"
"210055";"2190"
"210060";"2190"
"210070";"2190"
"210080";"2190"
"210083";"2190"
"210087";"2190"
"210090";"2190"
"210095";"2190"
"210100";"2190"
"210110";"2190"
"210120";"2190"
"210125";"2190"
"210130";"2190"
"210135";"2190"
"210140";"2190"
"210150";"2190"
"210160";"2190"
"210170";"2190"
"210173";"2190"
"210177";"2190"
"210180";"2190"
"210190";"2190"
"210193";"2190"
"210197";"2190"
"210200";"2190"
"210203";"2190"
"210207";"2190"
"210210";"2190"
"210215";"2190"
"210220";"2190"
"210230";"2190"
"210232";"2190"
"210235";"2190"
"210237";"2190"
"210240";"2190"
"210250";"2190"
"210255";"2190"
"210260";"2190"
"210270";"2190"
"210275";"2190"
"210280";"2190"
"210290";"2190"
"210300";"2190"
"210310";"2190"
"210312";"2190"
"210315";"2190"
"210317";"2190"
"210320";"2190"
"210325";"2190"
"210330";"2190"
"210340";"2190"
"210350";"2190"
"210355";"2190"
"210360";"2190"
"210370";"2190"
"210375";"2190"
"210380";"2190"
"210390";"2190"
"210400";"2190"
"210405";"2190"
"210407";"2190"
"210408";"2190"
"210409";"2190"
"210410";"2190"
"210420";"2190"
"210430";"2190"
"210440";"2190"
"210450";"2190"
"210455";"2190"
"210460";"2190"
"210462";"2190"
"210465";"2190"
"210467";"2190"
"210470";"2190"
"210480";"2190"
"210490";"2190"
"210500";"2190"
"210510";"2190"
"210515";"2190"
"210520";"2190"
"210530";"2190"
"210535";"2190"
"210540";"2190"
"210542";"2190"
"210545";"2190"
"210547";"2190"
"210550";"2190"
"210560";"2190"
"210565";"2190"
"210570";"2190"
"210580";"2190"
"210590";"2190"
"210592";"2190"
"210594";"2190"
"210596";"2190"
"210598";"2190"
"210600";"2190"
"210610";"2190"
"210620";"2190"
"210630";"2190"
"210632";"2190"
"210635";"2190"
"210637";"2190"
"210640";"2190"
"210650";"2190"
"210660";"2190"
"210663";"2190"
"210667";"2190"
"210670";"2190"
"210675";"2190"
"210680";"2190"
"210690";"2190"
"210700";"2190"
"210710";"2190"
"210720";"2190"
"210725";"2190"
"210730";"2190"
"210735";"2190"
"210740";"2190"
"210745";"2190"
"210750";"2190"
"210760";"2190"
"210770";"2190"
"210780";"2190"
"210790";"2190"
"210800";"2190"
"210805";"2190"
"210810";"2190"
"210820";"2190"
"210825";"2190"
"210830";"2190"
"210840";"2190"
"210845";"2190"
"210850";"2190"
"210860";"2190"
"210870";"2190"
"210880";"2190"
"210890";"2190"
"210900";"2190"
"210905";"2190"
"210910";"2190"
"210920";"2190"
"210923";"2190"
"210927";"2190"
"210930";"2190"
"210940";"2190"
"210945";"2190"
"210950";"2190"
"210955";"2190"
"210960";"2190"
"210970";"2190"
"210975";"2190"
"210980";"2190"
"210990";"2190"
"211000";"2190"
"211003";"2190"
"211010";"2190"
"211020";"2190"
"211023";"2190"
"211027";"2190"
"211030";"2190"
"211040";"2190"
"211050";"2190"
"211060";"2190"
"211065";"2190"
"211070";"2190"
"211080";"2190"
"211085";"2190"
"211090";"2190"
"211100";"2190"
"211102";"2190"
"211105";"2190"
"211107";"2190"
"211110";"2190"
"211120";"2190"
"211125";"2190"
"211130";"2190"
"211140";"2190"
"211150";"2190"
"211153";"2190"
"211157";"2190"
"211160";"2190"
"211163";"2190"
"211167";"2190"
"211170";"2190"
"211172";"2190"
"211174";"2190"
"211176";"2190"
"211178";"2190"
"211180";"2190"
"211190";"2190"
"211195";"2190"
"211200";"2190"
"211210";"2190"
"211220";"2190"
"211223";"2190"
"211227";"2190"
"211230";"2190"
"211240";"2190"
"211245";"2190"
"211250";"2190"
"211260";"2190"
"211270";"2190"
"211280";"2190"
"211285";"2190"
"211290";"2190"
"211300";"2190"
"211400";"2190"
"220000";"2200"
"220005";"2209"
"220010";"2204"
"220020";"2204"
"220025";"2209"
"220027";"2209"
"220030";"2204"
"220040";"2204"
"220045";"2213"
"220050";"2204"
"220060";"2204"
"220070";"2212"
"220080";"2215"
"220090";"2207"
"220095";"2209"
"220100";"2210"
"220105";"2205"
"220110";"2213"
"220115";"2215"
"220117";"2207"
"220120";"2203"
"220130";"2213"
"220140";"2204"
"220150";"2203"
"220155";"2208"
"220157";"2209"
"220160";"2204"
"220170";"2210"
"220173";"2209"
"220177";"2205"
"220180";"2209"
"220190";"2213"
"220191";"2201"
"220192";"2212"
"220194";"2205"
"220196";"2203"
"220198";"2210"
"220200";"2201"
"220202";"2205"
"220205";"2205"
"220207";"2208"
"220208";"2201"
"220209";"2209"
"220210";"2208"
"220211";"2212"
"220213";"2209"
"220217";"2203"
"220220";"2205"
"220225";"2210"
"220230";"2210"
"220240";"2205"
"220245";"2212"
"220250";"2212"
"220253";"2201"
"220255";"2209"
"220260";"2205"
"220265";"2201"
"220270";"2201"
"220271";"2205"
"220272";"2201"
"220273";"2204"
"220275";"2213"
"220277";"2208"
"220280";"2208"
"220285";"2212"
"220290";"2213"
"220300";"2213"
"220310";"2213"
"220320";"2213"
"220323";"2213"
"220325";"2204"
"220327";"2209"
"220330";"2204"
"220335";"2212"
"220340";"2209"
"220342";"2203"
"220345";"2212"
"220350";"2207"
"220360";"2213"
"220370";"2203"
"220375";"2212"
"220380";"2210"
"220385";"2208"
"220390";"2210"
"220400";"2207"
"220410";"2210"
"220415";"2209"
"220420";"2209"
"220430";"2209"
"220435";"2209"
"220440";"2213"
"220450";"2210"
"220455";"2212"
"220460";"2204"
"220465";"2201"
"220470";"2207"
"220480";"2209"
"220490";"2208"
"220500";"2209"
"220510";"2210"
"220515";"2209"
"220520";"2209"
"220525";"2204"
"220527";"2205"
"220530";"2210"
"220535";"2212"
"220540";"2203"
"220545";"2203"
"220550";"2204"
"220551";"2205"
"220552";"2213"
"220553";"2212"
"220554";"2204"
"220555";"2204"
"220556";"2212"
"220557";"2203"
"220558";"2204"
"220559";"2207"
"220560";"2210"
"220570";"2201"
"220580";"2203"
"220585";"2203"
"220590";"2210"
"220595";"2209"
"220600";"2210"
"220605";"2209"
"220610";"2203"
"220620";"2204"
"220630";"2204"
"220635";"2203"
"220640";"2204"
"220650";"2209"
"220660";"2213"
"220665";"2213"
"220667";"2203"
"220669";"2201"
"220670";"2210"
"220672";"2204"
"220675";"2205"
"220680";"2203"
"220690";"2207"
"220695";"2205"
"220700";"2208"
"220710";"2204"
"220720";"2209"
"220730";"2210"
"220735";"2210"
"220740";"2213"
"220750";"2204"
"220755";"2209"
"220760";"2213"
"220770";"2201"
"220775";"2204"
"220777";"2209"
"220779";"2204"
"220780";"2209"
"220785";"2210"
"220790";"2203"
"220793";"2210"
"220795";"2210"
"220800";"2209"
"220810";"2207"
"220820";"2209"
"220830";"2203"
"220840";"2203"
"220850";"2203"
"220855";"2210"
"220860";"2207"
"220865";"2209"
"220870";"2213"
"220880";"2204"
"220885";"2213"
"220887";"2210"
"220890";"2215"
"220900";"2210"
"220910";"2209"
"220915";"2207"
"220920";"2213"
"220930";"2213"
"220935";"2209"
"220937";"2208"
"220940";"2209"
"220945";"2204"
"220950";"2208"
"220955";"2212"
"220960";"2207"
"220965";"2208"
"220970";"2210"
"220975";"2213"
"220980";"2204"
"220985";"2209"
"220987";"2203"
"220990";"2205"
"220995";"2208"
"220997";"2203"
"221000";"2212"
"221005";"2203"
"221010";"2210"
"221020";"2209"
"221030";"2209"
"221035";"2212"
"221037";"2209"
"221038";"2207"
"221039";"2210"
"221040";"2205"
"221050";"2204"
"221060";"2212"
"221062";"2213"
"221063";"2215"
"221065";"2205"
"221070";"2209"
"221080";"2208"
"221090";"2210"
"221093";"2209"
"221095";"2210"
"221097";"2208"
"221100";"2204"
"221110";"2204"
"221120";"2215"
"221130";"2207"
"221135";"2212"
"221140";"2207"
"221150";"2209"
"221160";"2209"
"221170";"2209"
"230000";"2300"
"230010";"2319"
"230015";"2303"
"230020";"2312"
"230030";"2318"
"230040";"2314"
"230050";"2311"
"230060";"2320"
"230070";"2310"
"230075";"2306"
"230080";"2320"
"230090";"2302"
"230100";"2301"
"230110";"2307"
"230120";"2304"
"230125";"2315"
"230130";"2320"
"230140";"2304"
"230150";"2314"
"230160";"2320"
"230170";"2319"
"230180";"2317"
"230185";"2308"
"230190";"2321"
"230195";"2303"
"230200";"2319"
"230205";"2316"
"230210";"2304"
"230220";"2301"
"230230";"2312"
"230240";"2305"
"230250";"2319"
"230260";"2316"
"230270";"2320"
"230280";"2305"
"230290";"2304"
"230300";"2305"
"230310";"2311"
"230320";"2321"
"230330";"2318"
"230340";"2313"
"230350";"2301"
"230360";"2318"
"230365";"2311"
"230370";"2302"
"230380";"2317"
"230390";"2316"
"230393";"2308"
"230395";"2301"
"230400";"2311"
"230410";"2315"
"230420";"2320"
"230423";"2313"
"230425";"2312"
"230426";"2318"
"230427";"2310"
"230428";"2301"
"230430";"2320"
"230435";"2311"
"230440";"2301"
"230445";"2307"
"230450";"2311"
"230460";"2302"
"230465";"2311"
"230470";"2316"
"230480";"2321"
"230490";"2311"
"230495";"2303"
"230500";"2313"
"230510";"2304"
"230520";"2311"
"230523";"2301"
"230526";"2308"
"230530";"2313"
"230533";"2308"
"230535";"2307"
"230540";"2317"
"230550";"2318"
"230560";"2315"
"230565";"2315"
"230570";"2317"
"230580";"2311"
"230590";"2315"
"230600";"2310"
"230610";"2311"
"230620";"2307"
"230625";"2301"
"230630";"2302"
"230640";"2306"
"230650";"2304"
"230655";"2312"
"230660";"2305"
"230670";"2309"
"230680";"2310"
"230690";"2310"
"230700";"2309"
"230710";"2321"
"230720";"2319"
"230725";"2312"
"230730";"2321"
"230740";"2318"
"230750";"2317"
"230760";"2310"
"230763";"2305"
"230765";"2303"
"230770";"2303"
"230780";"2312"
"230790";"2316"
"230800";"2311"
"230810";"2319"
"230820";"2311"
"230830";"2319"
"230835";"2308"
"230837";"2306"
"230840";"2321"
"230850";"2318"
"230860";"2315"
"230870";"2309"
"230880";"2311"
"230890";"2312"
"230900";"2311"
"230910";"2304"
"230920";"2320"
"230930";"2315"
"230940";"2315"
"230945";"2301"
"230950";"2317"
"230960";"2301"
"230970";"2303"
"230980";"2304"
"230990";"2311"
"231000";"2309"
"231010";"2303"
"231020";"2302"
"231025";"2302"
"231030";"2314"
"231040";"2305"
"231050";"2308"
"231060";"2319"
"231070";"2302"
"231080";"2310"
"231085";"2301"
"231090";"2318"
"231095";"2311"
"231100";"2315"
"231110";"2319"
"231120";"2320"
"231123";"2310"
"231126";"2315"
"231130";"2308"
"231135";"2318"
"231140";"2308"
"231150";"2310"
"231160";"2303"
"231170";"2311"
"231180";"2309"
"231190";"2318"
"231195";"2320"
"231200";"2311"
"231210";"2320"
"231220";"2311"
"231230";"2313"
"231240";"2302"
"231250";"2310"
"231260";"2302"
"231270";"2308"
"231280";"2311"
"231290";"2311"
"231300";"2308"
"231310";"2310"
"231320";"2315"
"231325";"2320"
"231330";"2314"
"231335";"2302"
"231340";"2313"
"231350";"2306"
"231355";"2306"
"231360";"2313"
"231370";"2317"
"231375";"2306"
"231380";"2306"
"231390";"2311"
"231395";"2311"
"231400";"2320"
"231410";"2313"
"240000";"2400"
"240010";"2490"
"240020";"2490"
"240030";"2490"
"240040";"2490"
"240050";"2490"
"240060";"2490"
"240070";"2490"
"240080";"2490"
"240090";"2490"
"240100";"2490"
"240110";"2490"
"240120";"2490"
"240130";"2490"
"240140";"2490"
"240145";"2490"
"240150";"2490"
"240160";"2490"
"240165";"2490"
"240170";"2490"
"240180";"2490"
"240185";"2490"
"240190";"2490"
"240200";"2490"
"240210";"2490"
"240220";"2490"
"240230";"2490"
"240240";"2490"
"240250";"2490"
"240260";"2490"
"240270";"2490"
"240280";"2490"
"240290";"2490"
"240300";"2490"
"240310";"2490"
"240320";"2490"
"240325";"2490"
"240330";"2490"
"240340";"2490"
"240350";"2490"
"240360";"2490"
"240370";"2490"
"240375";"2490"
"240380";"2490"
"240390";"2490"
"240400";"2490"
"240410";"2490"
"240420";"2490"
"240430";"2490"
"240440";"2490"
"240450";"2490"
"240460";"2490"
"240470";"2490"
"240480";"2490"
"240485";"2490"
"240490";"2490"
"240500";"2490"
"240510";"2490"
"240520";"2490"
"240530";"2490"
"240540";"2490"
"240550";"2490"
"240560";"2490"
"240570";"2490"
"240580";"2490"
"240590";"2490"
"240600";"2490"
"240610";"2490"
"240615";"2490"
"240620";"2490"
"240630";"2490"
"240640";"2490"
"240650";"2490"
"240660";"2490"
"240670";"2490"
"240680";"2490"
"240690";"2490"
"240700";"2490"
"240710";"2490"
"240720";"2490"
"240725";"2490"
"240730";"2490"
"240740";"2490"
"240750";"2490"
"240760";"2490"
"240770";"2490"
"240780";"2490"
"240790";"2490"
"240800";"2490"
"240810";"2490"
"240820";"2490"
"240830";"2490"
"240840";"2490"
"240850";"2490"
"240860";"2490"
"240870";"2490"
"240880";"2490"
"240890";"2490"
"240895";"2490"
"240910";"2490"
"240920";"2490"
"240930";"2490"
"240933";"2490"
"240940";"2490"
"240950";"2490"
"240960";"2490"
"240970";"2490"
"240980";"2490"
"240990";"2490"
"241000";"2490"
"241010";"2490"
"241020";"2490"
"241025";"2490"
"241030";"2490"
"241040";"2490"
"241050";"2490"
"241060";"2490"
"241070";"2490"
"241080";"2490"
"241090";"2490"
"241100";"2490"
"241105";"2490"
"241110";"2490"
"241120";"2490"
"241140";"2490"
"241142";"2490"
"241150";"2490"
"241160";"2490"
"241170";"2490"
"241180";"2490"
"241190";"2490"
"241200";"2490"
"241210";"2490"
"241220";"2490"
"241230";"2490"
"241240";"2490"
"241250";"2490"
"241255";"2490"
"241260";"2490"
"241270";"2490"
"241280";"2490"
"241290";"2490"
"241300";"2490"
"241310";"2490"
"241320";"2490"
"241330";"2490"
"241335";"2490"
"241340";"2490"
"241350";"2490"
"241355";"2490"
"241360";"2490"
"241370";"2490"
"241380";"2490"
"241390";"2490"
"241400";"2490"
"241410";"2490"
"241415";"2490"
"241420";"2490"
"241430";"2490"
"241440";"2490"
"241445";"2490"
"241450";"2490"
"241460";"2490"
"241470";"2490"
"241475";"2490"
"241480";"2490"
"241490";"2490"
"241500";"2490"
"250000";"2500"
"250010";"2511"
"250020";"2507"
"250030";"2503"
"250040";"2503"
"250050";"2502"
"250053";"2503"
"250057";"2503"
"250060";"2501"
"250070";"2509"
"250073";"2505"
"250077";"2510"
"250080";"2502"
"250090";"2503"
"250100";"2502"
"250110";"2503"
"250115";"2506"
"250120";"2503"
"250130";"2503"
"250135";"2503"
"250140";"2501"
"250150";"2502"
"250153";"2504"
"250157";"2503"
"250160";"2504"
"250170";"2503"
"250180";"2501"
"250190";"2502"
"250200";"2508"
"250205";"2509"
"250210";"2507"
"250215";"2503"
"250220";"2509"
"250230";"2508"
"250240";"2509"
"250250";"2503"
"250260";"2507"
"250270";"2502"
"250280";"2508"
"250290";"2508"
"250300";"2501"
"250310";"2503"
"250320";"2501"
"250330";"2509"
"250340";"2506"
"250350";"2502"
"250355";"2506"
"250360";"2502"
"250370";"2509"
"250375";"2510"
"250380";"2512"
"250390";"2505"
"250400";"2503"
"250403";"2501"
"250407";"2505"
"250410";"2509"
"250415";"2502"
"250420";"2506"
"250430";"2508"
"250435";"2503"
"250440";"2507"
"250450";"2506"
"250460";"2501"
"250470";"2505"
"250480";"2507"
"250485";"2505"
"250490";"2501"
"250500";"2504"
"250510";"2504"
"250520";"2502"
"250523";"2501"
"250527";"2501"
"250530";"2507"
"250535";"2504"
"250540";"2506"
"250550";"2506"
"250560";"2507"
"250570";"2502"
"250580";"2502"
"250590";"2506"
"250600";"2503"
"250610";"2503"
"250620";"2504"
"250625";"2503"
"250630";"2502"
"250640";"2512"
"250650";"2503"
"250660";"2507"
"250670";"2511"
"250680";"2512"
"250690";"2512"
"250700";"2507"
"250710";"2501"
"250720";"2512"
"250730";"2501"
"250740";"2508"
"250750";"2501"
"250760";"2512"
"250770";"2503"
"250780";"2506"
"250790";"2512"
"250800";"2511"
"250810";"2510"
"250820";"2502"
"250830";"2503"
"250840";"2510"
"250850";"2503"
"250855";"2502"
"250860";"2501"
"250870";"2506"
"250880";"2506"
"250890";"2501"
"250900";"2511"
"250905";"2501"
"250910";"2501"
"250915";"2510"
"250920";"2503"
"250930";"2501"
"250933";"2503"
"250937";"2508"
"250939";"2506"
"250940";"2512"
"250950";"2503"
"250960";"2509"
"250970";"2505"
"250980";"2502"
"250990";"2503"
"251000";"2510"
"251010";"2504"
"251020";"2507"
"251030";"2504"
"251040";"2507"
"251050";"2503"
"251060";"2505"
"251065";"2505"
"251070";"2506"
"251080";"2506"
"251090";"2510"
"251100";"2507"
"251110";"2504"
"251120";"2512"
"251130";"2507"
"251140";"2504"
"251150";"2512"
"251160";"2502"
"251170";"2502"
"251180";"2502"
"251190";"2501"
"251200";"2503"
"251203";"2509"
"251207";"2509"
"251210";"2510"
"251220";"2505"
"251230";"2511"
"251240";"2503"
"251250";"2503"
"251260";"2506"
"251270";"2503"
"251272";"2501"
"251274";"2502"
"251275";"2512"
"251276";"2501"
"251278";"2503"
"251280";"2508"
"251290";"2501"
"251300";"2506"
"251310";"2512"
"251315";"2503"
"251320";"2510"
"251330";"2509"
"251335";"2507"
"251340";"2506"
"251350";"2507"
"251360";"2507"
"251365";"2509"
"251370";"2501"
"251380";"2506"
"251385";"2503"
"251390";"2508"
"251392";"2510"
"251394";"2503"
"251396";"2510"
"251398";"2510"
"251400";"2505"
"251410";"2505"
"251420";"2510"
"251430";"2507"
"251440";"2506"
"251445";"2512"
"251450";"2509"
"251455";"2511"
"251460";"2506"
"251465";"2508"
"251470";"2506"
"251480";"2505"
"251490";"2506"
"251500";"2512"
"251510";"2503"
"251520";"2505"
"251530";"2501"
"251540";"2504"
"251550";"2505"
"251560";"2502"
"251570";"2507"
"251580";"2503"
"251590";"2502"
"251593";"2502"
"251597";"2501"
"251600";"2502"
"251610";"2503"
"251615";"2504"
"251620";"2510"
"251630";"2505"
"251640";"2502"
"251650";"2503"
"251660";"2511"
"251670";"2506"
"251675";"2503"
"251680";"2509"
"251690";"2509"
"251700";"2503"
"251710";"2506"
"251720";"2510"
"251740";"2505"
"260000";"2600"
"260005";"2601"
"260010";"2610"
"260020";"2608"
"260030";"2604"
"260040";"2603"
"260050";"2605"
"260060";"2604"
"260070";"2612"
"260080";"2604"
"260090";"2603"
"260100";"2605"
"260105";"2601"
"260110";"2609"
"260120";"2606"
"260130";"2604"
"260140";"2603"
"260150";"2603"
"260160";"2607"
"260170";"2604"
"260180";"2611"
"260190";"2604"
"260200";"2609"
"260210";"2605"
"260220";"2602"
"260230";"2604"
"260240";"2605"
"260250";"2610"
"260260";"2604"
"260270";"2602"
"260280";"2606"
"260290";"2601"
"260300";"2608"
"260310";"2604"
"260320";"2605"
"260330";"2605"
"260340";"2611"
"260345";"2601"
"260350";"2604"
"260360";"2612"
"260370";"2605"
"260380";"2605"
"260390";"2610"
"260392";"2611"
"260400";"2602"
"260410";"2604"
"260415";"2602"
"260420";"2603"
"260430";"2607"
"260440";"2601"
"260450";"2601"
"260460";"2612"
"260470";"2605"
"260480";"2603"
"260490";"2602"
"260500";"2604"
"260510";"2606"
"260515";"2608"
"260520";"2603"
"260530";"2609"
"260540";"2602"
"260545";"2601"
"260550";"2612"
"260560";"2611"
"260570";"2611"
"260580";"2604"
"260590";"2603"
"260600";"2605"
"260610";"2601"
"260620";"2612"
"260630";"2609"
"260640";"2604"
"260650";"2605"
"260660";"2606"
"260670";"2604"
"260680";"2601"
"260690";"2610"
"260700";"2606"
"260710";"2610"
"260720";"2601"
"260730";"2609"
"260740";"2611"
"260750";"2605"
"260760";"2601"
"260765";"2612"
"260770";"2610"
"260775";"2601"
"260780";"2612"
"260790";"2601"
"260795";"2603"
"260800";"2604"
"260805";"2606"
"260810";"2602"
"260820";"2603"
"260825";"2605"
"260830";"2605"
"260840";"2604"
"260845";"2602"
"260850";"2602"
"260860";"2605"
"260870";"2603"
"260875";"2608"
"260880";"2605"
"260890";"2602"
"260900";"2612"
"260910";"2602"
"260915";"2606"
"260920";"2603"
"260930";"2607"
"260940";"2601"
"260950";"2602"
"260960";"2601"
"260970";"2602"
"260980";"2608"
"260990";"2609"
"261000";"2603"
"261010";"2605"
"261020";"2604"
"261030";"2605"
"261040";"2609"
"261050";"2602"
"261060";"2602"
"261070";"2601"
"261080";"2606"
"261090";"2604"
"261100";"2606"
"261110";"2608"
"261120";"2604"
"261130";"2601"
"261140";"2603"
"261150";"2603"
"261153";"2610"
"261160";"2601"
"261170";"2604"
"261180";"2603"
"261190";"2603"
"261200";"2604"
"261210";"2602"
"261220";"2607"
"261230";"2605"
"261240";"2604"
"261245";"2609"
"261247";"2611"
"261250";"2604"
"261255";"2609"
"261260";"2608"
"261270";"2604"
"261280";"2610"
"261290";"2603"
"261300";"2604"
"261310";"2604"
"261320";"2605"
"261330";"2604"
"261340";"2603"
"261350";"2611"
"261360";"2610"
"261370";"2601"
"261380";"2612"
"261390";"2611"
"261400";"2607"
"261410";"2606"
"261420";"2603"
"261430";"2609"
"261440";"2610"
"261450";"2602"
"261460";"2610"
"261470";"2604"
"261480";"2606"
"261485";"2603"
"261500";"2604"
"261510";"2605"
"261520";"2607"
"261530";"2612"
"261540";"2604"
"261550";"2602"
"261560";"2609"
"261570";"2611"
"261580";"2606"
"261590";"2610"
"261600";"2606"
"261610";"2607"
"261618";"2602"
"261620";"2604"
"261630";"2602"
"261640";"2601"
"261650";"2603"
"270000";"2700"
"270010";"2790"
"270020";"2790"
"270030";"2790"
"270040";"2790"
"270050";"2790"
"270060";"2790"
"270070";"2790"
"270080";"2790"
"270090";"2790"
"270100";"2790"
"270110";"2790"
"270120";"2790"
"270130";"2790"
"270135";"2790"
"270140";"2790"
"270150";"2790"
"270160";"2790"
"270170";"2790"
"270180";"2790"
"270190";"2790"
"270200";"2790"
"270210";"2790"
"270220";"2790"
"270230";"2790"
"270235";"2790"
"270240";"2790"
"270250";"2790"
"270255";"2790"
"270260";"2790"
"270270";"2790"
"270280";"2790"
"270290";"2790"
"270300";"2790"
"270310";"2790"
"270320";"2790"
"270330";"2790"
"270340";"2790"
"270350";"2790"
"270360";"2790"
"270370";"2790"
"270375";"2790"
"270380";"2790"
"270390";"2790"
"270400";"2790"
"270410";"2790"
"270420";"2790"
"270430";"2790"
"270440";"2790"
"270450";"2790"
"270460";"2790"
"270470";"2790"
"270480";"2790"
"270490";"2790"
"270500";"2790"
"270510";"2790"
"270520";"2790"
"270530";"2790"
"270540";"2790"
"270550";"2790"
"270560";"2790"
"270570";"2790"
"270580";"2790"
"270590";"2790"
"270600";"2790"
"270610";"2790"
"270620";"2790"
"270630";"2790"
"270640";"2790"
"270642";"2790"
"270644";"2790"
"270650";"2790"
"270660";"2790"
"270670";"2790"
"270680";"2790"
"270690";"2790"
"270700";"2790"
"270710";"2790"
"270720";"2790"
"270730";"2790"
"270740";"2790"
"270750";"2790"
"270760";"2790"
"270770";"2790"
"270780";"2790"
"270790";"2790"
"270800";"2790"
"270810";"2790"
"270820";"2790"
"270830";"2790"
"270840";"2790"
"270850";"2790"
"270860";"2790"
"270870";"2790"
"270880";"2790"
"270890";"2790"
"270895";"2790"
"270900";"2790"
"270910";"2790"
"270915";"2790"
"270920";"2790"
"270930";"2790"
"270940";"2790"
"280000";"2800"
"280010";"2890"
"280020";"2890"
"280030";"2890"
"280040";"2890"
"280050";"2890"
"280060";"2890"
"280067";"2890"
"280070";"2890"
"280100";"2890"
"280110";"2890"
"280120";"2890"
"280130";"2890"
"280140";"2890"
"280150";"2890"
"280160";"2890"
"280170";"2890"
"280190";"2890"
"280200";"2890"
"280210";"2890"
"280220";"2890"
"280230";"2890"
"280240";"2890"
"280250";"2890"
"280260";"2890"
"280270";"2890"
"280280";"2890"
"280290";"2890"
"280300";"2890"
"280310";"2890"
"280320";"2890"
"280330";"2890"
"280340";"2890"
"280350";"2890"
"280360";"2890"
"280370";"2890"
"280380";"2890"
"280390";"2890"
"280400";"2890"
"280410";"2890"
"280420";"2890"
"280430";"2890"
"280440";"2890"
"280445";"2890"
"280450";"2890"
"280460";"2890"
"280470";"2890"
"280480";"2890"
"280490";"2890"
"280500";"2890"
"280510";"2890"
"280520";"2890"
"280530";"2890"
"280540";"2890"
"280550";"2890"
"280560";"2890"
"280570";"2890"
"280580";"2890"
"280590";"2890"
"280600";"2890"
"280610";"2890"
"280620";"2890"
"280630";"2890"
"280640";"2890"
"280650";"2890"
"280660";"2890"
"280670";"2890"
"280680";"2890"
"280690";"2890"
"280700";"2890"
"280710";"2890"
"280720";"2890"
"280730";"2890"
"280740";"2890"
"280750";"2890"
"280760";"2890"
"290000";"2900"
"290010";"2927"
"290020";"2910"
"290030";"2903"
"290035";"2911"
"290040";"2912"
"290050";"2923"
"290060";"2913"
"290070";"2903"
"290080";"2909"
"290090";"2907"
"290100";"2929"
"290110";"2902"
"290115";"2921"
"290120";"2920"
"290130";"2918"
"290135";"2928"
"290140";"2925"
"290150";"2902"
"290160";"2911"
"290170";"2902"
"290180";"2928"
"290190";"2903"
"290195";"2913"
"290200";"2919"
"290205";"2903"
"290210";"2912"
"290220";"2903"
"290225";"2906"
"290230";"2904"
"290240";"2907"
"290250";"2925"
"290260";"2917"
"290265";"2911"
"290270";"2922"
"290280";"2919"
"290290";"2920"
"290300";"2921"
"290310";"2913"
"290320";"2925"
"290323";"2921"
"290327";"2912"
"290330";"2907"
"290340";"2908"
"290350";"2920"
"290360";"2912"
"290370";"2913"
"290380";"2918"
"290390";"2926"
"290395";"2920"
"290400";"2927"
"290405";"2918"
"290410";"2923"
"290420";"2923"
"290430";"2913"
"290440";"2925"
"290450";"2922"
"290460";"2919"
"290470";"2907"
"290475";"2922"
"290480";"2914"
"290485";"2931"
"290490";"2931"
"290500";"2924"
"290510";"2916"
"290515";"2920"
"290520";"2924"
"290530";"2921"
"290540";"2905"
"290550";"2916"
"290560";"2907"
"290570";"2901"
"290580";"2905"
"290590";"2915"
"290600";"2928"
"290610";"2926"
"290620";"2921"
"290630";"2906"
"290640";"2902"
"290650";"2901"
"290660";"2930"
"290670";"2920"
"290680";"2912"
"290682";"2915"
"290685";"2917"
"290687";"2916"
"290689";"2920"
"290690";"2909"
"290700";"2903"
"290710";"2930"
"290720";"2915"
"290730";"2904"
"290740";"2925"
"290750";"2903"
"290755";"2923"
"290760";"2921"
"290770";"2910"
"290780";"2911"
"290790";"2911"
"290800";"2907"
"290810";"2926"
"290820";"2931"
"290830";"2904"
"290840";"2912"
"290850";"2902"
"290860";"2901"
"290870";"2920"
"290880";"2919"
"290890";"2902"
"290900";"2920"
"290910";"2926"
"290920";"2911"
"290930";"2926"
"290940";"2925"
"290950";"2913"
"290960";"2903"
"290970";"2925"
"290980";"2931"
"290990";"2915"
"291000";"2913"
"291005";"2901"
"291010";"2919"
"291020";"2904"
"291030";"2929"
"291040";"2920"
"291050";"2903"
"291060";"2903"
"291070";"2912"
"291072";"2908"
"291075";"2911"
"291077";"2926"
"291080";"2902"
"291085";"2928"
"291090";"2914"
"291100";"2907"
"291110";"2925"
"291120";"2905"
"291125";"2917"
"291130";"2921"
"291140";"2910"
"291150";"2907"
"291160";"2931"
"291165";"2919"
"291170";"2930"
"291180";"2908"
"291185";"2911"
"291190";"2918"
"291200";"2924"
"291210";"2907"
"291220";"2919"
"291230";"2914"
"291240";"2921"
"291250";"2923"
"291260";"2918"
"291270";"2907"
"291280";"2909"
"291290";"2913"
"291300";"2927"
"291310";"2921"
"291320";"2922"
"291330";"2902"
"291340";"2924"
"291345";"2905"
"291350";"2914"
"291360";"2906"
"291370";"2903"
"291380";"2902"
"291390";"2913"
"291400";"2902"
"291410";"2922"
"291420";"2913"
"291430";"2913"
"291440";"2927"
"291450";"2902"
"291460";"2921"
"291465";"2908"
"291470";"2918"
"291480";"2907"
"291490";"2906"
"291500";"2918"
"291510";"2913"
"291520";"2913"
"291530";"2908"
"291535";"2921"
"291540";"2907"
"291550";"2907"
"291560";"2909"
"291570";"2913"
"291580";"2914"
"291590";"2903"
"291600";"2909"
"291610";"2901"
"291620";"2907"
"291630";"2908"
"291640";"2914"
"291650";"2903"
"291660";"2907"
"291670";"2913"
"291680";"2914"
"291685";"2929"
"291690";"2913"
"291700";"2928"
"291710";"2914"
"291720";"2919"
"291730";"2905"
"291733";"2930"
"291735";"2926"
"291740";"2924"
"291750";"2916"
"291760";"2913"
"291770";"2928"
"291780";"2904"
"291790";"2903"
"291800";"2913"
"291810";"2910"
"291820";"2929"
"291830";"2913"
"291835";"2921"
"291840";"2915"
"291845";"2909"
"291850";"2921"
"291855";"2907"
"291860";"2919"
"291870";"2913"
"291875";"2924"
"291880";"2929"
"291890";"2909"
"291900";"2918"
"291905";"2913"
"291910";"2912"
"291915";"2921"
"291920";"2901"
"291930";"2927"
"291940";"2924"
"291950";"2919"
"291955";"2925"
"291960";"2918"
"291970";"2914"
"291980";"2923"
"291990";"2910"
"291992";"2901"
"291995";"2920"
"292000";"2914"
"292010";"2916"
"292020";"2930"
"292030";"2919"
"292040";"2913"
"292045";"2925"
"292050";"2913"
"292060";"2931"
"292070";"2907"
"292080";"2918"
"292090";"2906"
"292100";"2901"
"292105";"2930"
"292110";"2909"
"292120";"2916"
"292130";"2929"
"292140";"2916"
"292145";"2920"
"292150";"2912"
"292160";"2922"
"292170";"2916"
"292180";"2924"
"292190";"2927"
"292200";"2909"
"292205";"2921"
"292210";"2917"
"292220";"2904"
"292225";"2922"
"292230";"2931"
"292240";"2929"
"292250";"2904"
"292260";"2905"
"292265";"2912"
"292270";"2914"
"292273";"2917"
"292275";"2905"
"292280";"2929"
"292285";"2918"
"292290";"2911"
"292300";"2909"
"292303";"2927"
"292305";"2911"
"292310";"2911"
"292320";"2922"
"292330";"2903"
"292335";"2916"
"292340";"2930"
"292350";"2927"
"292360";"2923"
"292370";"2922"
"292380";"2911"
"292390";"2907"
"292400";"2910"
"292405";"2917"
"292410";"2903"
"292420";"2910"
"292430";"2927"
"292440";"2915"
"292450";"2930"
"292460";"2928"
"292465";"2902"
"292467";"2905"
"292470";"2920"
"292480";"2916"
"292490";"2913"
"292500";"2920"
"292510";"2920"
"292520";"2901"
"292525";"2928"
"292530";"2908"
"292540";"2914"
"292550";"2909"
"292560";"2921"
"292570";"2920"
"292575";"2904"
"292580";"2912"
"292590";"2912"
"292593";"2916"
"292595";"2902"
"292600";"2915"
"292610";"2912"
"292620";"2925"
"292630";"2902"
"292640";"2924"
"292650";"2911"
"292660";"2911"
"292665";"2920"
"292670";"2919"
"292680";"2924"
"292690";"2923"
"292700";"2903"
"292710";"2910"
"292720";"2918"
"292730";"2904"
"292740";"2901"
"292750";"2902"
"292760";"2910"
"292770";"2908"
"292780";"2907"
"292790";"2913"
"292800";"2912"
"292805";"2906"
"292810";"2926"
"292820";"2926"
"292830";"2902"
"292840";"2925"
"292850";"2904"
"292860";"2901"
"292870";"2904"
"292880";"2902"
"292890";"2925"
"292895";"2912"
"292900";"2931"
"292905";"2926"
"292910";"2904"
"292920";"2901"
"292925";"2921"
"292930";"2902"
"292935";"2907"
"292937";"2916"
"292940";"2929"
"292950";"2901"
"292960";"2931"
"292970";"2903"
"292975";"2901"
"292980";"2916"
"292990";"2927"
"293000";"2930"
"293010";"2928"
"293015";"2926"
"293020";"2915"
"293030";"2926"
"293040";"2902"
"293050";"2912"
"293060";"2916"
"293070";"2901"
"293075";"2926"
"293076";"2911"
"293077";"2915"
"293080";"2927"
"293090";"2925"
"293100";"2919"
"293105";"2924"
"293110";"2902"
"293120";"2905"
"293130";"2916"
"293135";"2909"
"293140";"2902"
"293150";"2912"
"293160";"2905"
"293170";"2902"
"293180";"2920"
"293190";"2912"
"293200";"2915"
"293210";"2929"
"293220";"2907"
"293230";"2907"
"293240";"2921"
"293245";"2916"
"293250";"2906"
"293260";"2930"
"293270";"2906"
"293280";"2918"
"293290";"2905"
"293300";"2912"
"293305";"2916"
"293310";"2916"
"293315";"2916"
"293317";"2904"
"293320";"2901"
"293325";"2909"
"293330";"2920"
"293340";"2918"
"293345";"2925"
"293350";"2905"
"293360";"2921"
"310000";"3100"
"310010";"3112"
"310020";"3114"
"310030";"3124"
"310040";"3108"
"310050";"3123"
"310060";"3116"
"310070";"3113"
"310080";"3115"
"310090";"3117"
"310100";"3119"
"310110";"3116"
"310120";"3111"
"310130";"3111"
"310140";"3110"
"310150";"3127"
"310160";"3121"
"310163";"3103"
"310170";"3119"
"310180";"3116"
"310190";"3122"
"310200";"3121"
"310205";"3124"
"310210";"3103"
"310220";"3116"
"310230";"3108"
"310240";"3104"
"310250";"3108"
"310260";"3110"
"310270";"3119"
"310280";"3105"
"310285";"3117"
"310290";"3103"
"310300";"3123"
"310310";"3118"
"310320";"3114"
"310330";"3105"
"310340";"3104"
"310350";"3112"
"310360";"3105"
"310370";"3108"
"310375";"3112"
"310380";"3107"
"310390";"3115"
"310400";"3113"
"310410";"3121"
"310420";"3115"
"310430";"3121"
"310440";"3127"
"310445";"3104"
"310450";"3126"
"310460";"3127"
"310470";"3117"
"310480";"3114"
"310490";"3111"
"310500";"3114"
"310510";"3115"
"310520";"3119"
"310530";"3121"
"310540";"3109"
"310550";"3118"
"310560";"3103"
"310570";"3108"
"310590";"3120"
"310600";"3109"
"310610";"3105"
"310620";"3101"
"310630";"3123"
"310640";"3101"
"310650";"3104"
"310660";"3117"
"310665";"3106"
"310670";"3101"
"310680";"3105"
"310690";"3105"
"310700";"3114"
"310710";"3111"
"310720";"3105"
"310730";"3106"
"310740";"3115"
"310750";"3105"
"310760";"3122"
"310770";"3109"
"310780";"3123"
"310790";"3110"
"310800";"3120"
"310810";"3101"
"310820";"3126"
"310825";"3129"
"310830";"3110"
"310840";"3121"
"310850";"3106"
"310855";"3107"
"310860";"3129"
"310870";"3118"
"310880";"3123"
"310890";"3110"
"310900";"3101"
"310910";"3110"
"310920";"3114"
"310925";"3123"
"310930";"3126"
"310940";"3128"
"310945";"3126"
"310950";"3121"
"310960";"3114"
"310970";"3110"
"310980";"3125"
"310990";"3114"
"311000";"3101"
"311010";"3124"
"311020";"3108"
"311030";"3110"
"311040";"3115"
"311050";"3110"
"311060";"3110"
"311070";"3111"
"311080";"3117"
"311090";"3111"
"311100";"3121"
"311110";"3125"
"311115";"3129"
"311120";"3115"
"311130";"3121"
"311140";"3113"
"311150";"3113"
"311160";"3121"
"311170";"3108"
"311180";"3125"
"311190";"3115"
"311200";"3115"
"311205";"3116"
"311210";"3124"
"311220";"3103"
"311230";"3104"
"311240";"3122"
"311250";"3114"
"311260";"3125"
"311265";"3116"
"311270";"3106"
"311280";"3122"
"311290";"3124"
"311300";"3117"
"311310";"3103"
"311320";"3103"
"311330";"3124"
"311340";"3123"
"311350";"3104"
"311360";"3110"
"311370";"3117"
"311380";"3109"
"311390";"3111"
"311400";"3115"
"311410";"3111"
"311420";"3115"
"311430";"3107"
"311440";"3121"
"311450";"3115"
"311455";"3113"
"311460";"3111"
"311470";"3121"
"311480";"3111"
"311490";"3103"
"311500";"3112"
"311510";"3122"
"311520";"3120"
"311530";"3127"
"311535";"3109"
"311540";"3103"
"311545";"3117"
"311547";"3106"
"311550";"3111"
"311560";"3114"
"311570";"3116"
"311580";"3125"
"311590";"3105"
"311600";"3124"
"311610";"3104"
"311615";"3126"
"311620";"3105"
"311630";"3103"
"311640";"3122"
"311650";"3106"
"311660";"3115"
"311670";"3118"
"311680";"3104"
"311690";"3113"
"311700";"3119"
"311710";"3121"
"311720";"3110"
"311730";"3113"
"311740";"3124"
"311750";"3101"
"311760";"3115"
"311770";"3111"
"311780";"3110"
"311783";"3129"
"311787";"3101"
"311790";"3110"
"311800";"3103"
"311810";"3104"
"311820";"3113"
"311830";"3103"
"311840";"3116"
"311850";"3110"
"311860";"3101"
"311870";"3111"
"311880";"3106"
"311890";"3114"
"311900";"3111"
"311910";"3114"
"311920";"3116"
"311930";"3112"
"311940";"3123"
"311950";"3104"
"311960";"3105"
"311970";"3120"
"311980";"3115"
"311990";"3110"
"311995";"3115"
"312000";"3123"
"312010";"3104"
"312015";"3117"
"312020";"3115"
"312030";"3106"
"312040";"3103"
"312050";"3111"
"312060";"3101"
"312070";"3107"
"312080";"3111"
"312083";"3116"
"312087";"3106"
"312090";"3114"
"312100";"3104"
"312110";"3110"
"312120";"3122"
"312125";"3113"
"312130";"3105"
"312140";"3120"
"312150";"3103"
"312160";"3104"
"312170";"3108"
"312180";"3123"
"312190";"3118"
"312200";"3124"
"312210";"3116"
"312220";"3116"
"312230";"3115"
"312235";"3119"
"312240";"3121"
"312245";"3119"
"312247";"3126"
"312250";"3123"
"312260";"3109"
"312270";"3108"
"312280";"3111"
"312290";"3127"
"312300";"3120"
"312310";"3109"
"312320";"3115"
"312330";"3118"
"312340";"3122"
"312350";"3112"
"312352";"3124"
"312360";"3111"
"312370";"3116"
"312380";"3106"
"312385";"3123"
"312390";"3120"
"312400";"3118"
"312410";"3101"
"312420";"3124"
"312430";"3106"
"312440";"3110"
"312450";"3110"
"312460";"3127"
"312470";"3115"
"312480";"3112"
"312490";"3118"
"312500";"3105"
"312510";"3110"
"312520";"3121"
"312530";"3124"
"312540";"3104"
"312550";"3104"
"312560";"3119"
"312570";"3114"
"312580";"3116"
"312590";"3109"
"312595";"3124"
"312600";"3101"
"312610";"3115"
"312620";"3126"
"312630";"3122"
"312640";"3114"
"312650";"3104"
"312660";"3106"
"312670";"3106"
"312675";"3117"
"312680";"3117"
"312690";"3116"
"312695";"3116"
"312700";"3113"
"312705";"3117"
"312707";"3106"
"312710";"3113"
"312720";"3114"
"312730";"3116"
"312733";"3106"
"312735";"3106"
"312737";"3116"
"312738";"3105"
"312740";"3110"
"312750";"3116"
"312760";"3104"
"312770";"3116"
"312780";"3106"
"312790";"3112"
"312800";"3109"
"312810";"3122"
"312820";"3108"
"312825";"3106"
"312830";"3121"
"312840";"3118"
"312850";"3105"
"312860";"3107"
"312870";"3121"
"312880";"3118"
"312890";"3107"
"312900";"3118"
"312910";"3125"
"312920";"3110"
"312930";"3123"
"312940";"3103"
"312950";"3113"
"312960";"3128"
"312965";"3129"
"312970";"3122"
"312980";"3101"
"312990";"3110"
"313000";"3120"
"313005";"3129"
"313010";"3101"
"313020";"3115"
"313030";"3115"
"313040";"3111"
"313050";"3111"
"313055";"3123"
"313060";"3110"
"313065";"3106"
"313070";"3112"
"313080";"3111"
"313090";"3123"
"313100";"3114"
"313110";"3114"
"313115";"3123"
"313120";"3124"
"313130";"3123"
"313140";"3125"
"313150";"3110"
"313160";"3112"
"313170";"3109"
"313180";"3116"
"313190";"3101"
"313200";"3106"
"313210";"3129"
"313220";"3115"
"313230";"3117"
"313240";"3110"
"313250";"3104"
"313260";"3127"
"313270";"3117"
"313280";"3109"
"313290";"3122"
"313300";"3111"
"313310";"3111"
"313320";"3116"
"313330";"3119"
"313340";"3113"
"313350";"3115"
"313360";"3110"
"313370";"3115"
"313375";"3122"
"313380";"3115"
"313390";"3103"
"313400";"3119"
"313410";"3116"
"313420";"3125"
"313430";"3111"
"313440";"3113"
"313450";"3111"
"313460";"3101"
"313470";"3119"
"313480";"3122"
"313490";"3110"
"313500";"3123"
"313505";"3106"
"313507";"3116"
"313510";"3106"
"313520";"3129"
"313530";"3115"
"313535";"3129"
"313540";"3103"
"313545";"3104"
"313550";"3108"
"313560";"3106"
"313570";"3114"
"313580";"3119"
"313590";"3111"
"313600";"3119"
"313610";"3123"
"313620";"3109"
"313630";"3107"
"313640";"3106"
"313650";"3119"
"313652";"3104"
"313655";"3116"
"313657";"3106"
"313660";"3101"
"313665";"3101"
"313670";"3105"
"313680";"3106"
"313690";"3121"
"313695";"3129"
"313700";"3117"
"313710";"3107"
"313720";"3115"
"313730";"3106"
"313740";"3120"
"313750";"3107"
"313753";"3107"
"313760";"3101"
"313770";"3124"
"313780";"3111"
"313790";"3103"
"313800";"3127"
"313810";"3128"
"313820";"3111"
"313830";"3115"
"313835";"3104"
"313840";"3127"
"313850";"3105"
"313860";"3105"
"313862";"3113"
"313865";"3129"
"313867";"3124"
"313868";"3129"
"313870";"3111"
"313880";"3115"
"313890";"3117"
"313900";"3121"
"313910";"3120"
"313920";"3117"
"313925";"3106"
"313930";"3129"
"313940";"3124"
"313950";"3124"
"313960";"3116"
"313970";"3114"
"313980";"3105"
"313990";"3110"
"314000";"3101"
"314010";"3116"
"314015";"3101"
"314020";"3105"
"314030";"3123"
"314040";"3110"
"314050";"3115"
"314053";"3124"
"314055";"3119"
"314060";"3104"
"314070";"3101"
"314080";"3105"
"314085";"3106"
"314090";"3124"
"314100";"3106"
"314110";"3101"
"314120";"3107"
"314130";"3115"
"314140";"3119"
"314150";"3116"
"314160";"3118"
"314170";"3123"
"314180";"3104"
"314190";"3111"
"314200";"3129"
"314210";"3118"
"314220";"3118"
"314225";"3129"
"314230";"3101"
"314240";"3115"
"314250";"3114"
"314260";"3111"
"314270";"3129"
"314280";"3112"
"314290";"3106"
"314300";"3121"
"314310";"3112"
"314315";"3119"
"314320";"3122"
"314330";"3106"
"314340";"3110"
"314345";"3106"
"314350";"3114"
"314360";"3114"
"314370";"3109"
"314380";"3110"
"314390";"3118"
"314400";"3124"
"314410";"3121"
"314420";"3116"
"314430";"3117"
"314435";"3123"
"314437";"3126"
"314440";"3110"
"314450";"3120"
"314460";"3111"
"314465";"3106"
"314467";"3116"
"314470";"3109"
"314480";"3101"
"314490";"3117"
"314500";"3112"
"314505";"3106"
"314510";"3121"
"314520";"3115"
"314530";"3117"
"314535";"3117"
"314537";"3106"
"314540";"3105"
"314545";"3106"
"314550";"3111"
"314560";"3115"
"314570";"3105"
"314580";"3115"
"314585";"3108"
"314587";"3124"
"314590";"3103"
"314600";"3110"
"314610";"3101"
"314620";"3117"
"314625";"3106"
"314630";"3117"
"314640";"3114"
"314650";"3115"
"314655";"3106"
"314660";"3103"
"314670";"3127"
"314675";"3119"
"314690";"3114"
"314700";"3126"
"314710";"3115"
"314720";"3121"
"314730";"3110"
"314740";"3114"
"314750";"3109"
"314760";"3111"
"314770";"3115"
"314780";"3105"
"314790";"3122"
"314795";"3129"
"314800";"3107"
"314810";"3112"
"314820";"3118"
"314830";"3108"
"314840";"3116"
"314850";"3117"
"314860";"3116"
"314870";"3119"
"314875";"3124"
"314880";"3108"
"314890";"3115"
"314900";"3124"
"314910";"3110"
"314915";"3129"
"314920";"3113"
"314930";"3101"
"314940";"3105"
"314950";"3105"
"314960";"3114"
"314970";"3115"
"314980";"3113"
"314990";"3111"
"314995";"3123"
"315000";"3117"
"315010";"3105"
"315015";"3123"
"315020";"3108"
"315030";"3120"
"315040";"3101"
"315050";"3115"
"315053";"3123"
"315057";"3129"
"315060";"3115"
"315070";"3113"
"315080";"3103"
"315090";"3110"
"315100";"3110"
"315110";"3127"
"315120";"3128"
"315130";"3118"
"315140";"3115"
"315150";"3122"
"315160";"3113"
"315170";"3121"
"315180";"3110"
"315190";"3124"
"315200";"3114"
"315210";"3108"
"315213";"3128"
"315217";"3119"
"315220";"3106"
"315230";"3108"
"315240";"3117"
"315250";"3110"
"315260";"3111"
"315270";"3120"
"315280";"3112"
"315290";"3122"
"315300";"3113"
"315310";"3118"
"315320";"3114"
"315330";"3104"
"315340";"3107"
"315350";"3124"
"315360";"3114"
"315370";"3114"
"315380";"3103"
"315390";"3101"
"315400";"3108"
"315410";"3127"
"315415";"3124"
"315420";"3120"
"315430";"3116"
"315440";"3103"
"315445";"3126"
"315450";"3106"
"315460";"3101"
"315470";"3111"
"315480";"3101"
"315490";"3108"
"315500";"3108"
"315510";"3119"
"315520";"3103"
"315530";"3101"
"315540";"3105"
"315550";"3107"
"315560";"3106"
"315570";"3109"
"315580";"3118"
"315590";"3105"
"315600";"3104"
"315610";"3120"
"315620";"3105"
"315630";"3118"
"315640";"3112"
"315645";"3118"
"315650";"3106"
"315660";"3119"
"315670";"3101"
"315680";"3104"
"315690";"3113"
"315700";"3106"
"315710";"3119"
"315720";"3109"
"315725";"3123"
"315727";"3105"
"315730";"3103"
"315733";"3120"
"315737";"3106"
"315740";"3108"
"315750";"3116"
"315760";"3128"
"315765";"3117"
"315770";"3113"
"315780";"3101"
"315790";"3124"
"315800";"3109"
"315810";"3119"
"315820";"3116"
"315830";"3111"
"315840";"3127"
"315850";"3114"
"315860";"3105"
"315870";"3103"
"315880";"3115"
"315890";"3124"
"315895";"3123"
"315900";"3101"
"315910";"3103"
"315920";"3110"
"315930";"3105"
"315935";"3123"
"315940";"3103"
"315950";"3116"
"315960";"3110"
"315970";"3107"
"315980";"3125"
"315990";"3115"
"316000";"3127"
"316010";"3108"
"316020";"3104"
"316030";"3119"
"316040";"3115"
"316045";"3106"
"316050";"3109"
"316060";"3114"
"316070";"3105"
"316080";"3111"
"316090";"3103"
"316095";"3123"
"316100";"3109"
"316105";"3116"
"316110";"3129"
"316120";"3115"
"316130";"3113"
"316140";"3118"
"316150";"3118"
"316160";"3116"
"316165";"3116"
"316170";"3107"
"316180";"3115"
"316190";"3109"
"316200";"3110"
"316210";"3107"
"316220";"3122"
"316225";"3106"
"316230";"3110"
"316240";"3129"
"316245";"3129"
"316250";"3120"
"316255";"3124"
"316257";"3116"
"316260";"3123"
"316265";"3106"
"316270";"3106"
"316280";"3116"
"316290";"3105"
"316292";"3101"
"316294";"3122"
"316295";"3101"
"316300";"3116"
"316310";"3115"
"316320";"3110"
"316330";"3117"
"316340";"3108"
"316350";"3116"
"316360";"3124"
"316370";"3111"
"316380";"3108"
"316390";"3121"
"316400";"3108"
"316410";"3116"
"316420";"3129"
"316430";"3122"
"316440";"3110"
"316443";"3118"
"316447";"3123"
"316450";"3116"
"316460";"3115"
"316470";"3122"
"316480";"3109"
"316490";"3111"
"316500";"3120"
"316510";"3122"
"316520";"3111"
"316530";"3120"
"316540";"3110"
"316550";"3116"
"316553";"3101"
"316555";"3117"
"316556";"3108"
"316557";"3110"
"316560";"3105"
"316570";"3118"
"316580";"3110"
"316590";"3104"
"316600";"3103"
"316610";"3109"
"316620";"3103"
"316630";"3108"
"316640";"3111"
"316650";"3104"
"316660";"3115"
"316670";"3117"
"316680";"3107"
"316690";"3121"
"316695";"3106"
"316700";"3111"
"316710";"3104"
"316720";"3114"
"316730";"3118"
"316740";"3110"
"316750";"3105"
"316760";"3124"
"316770";"3116"
"316780";"3111"
"316790";"3118"
"316800";"3106"
"316805";"3124"
"316810";"3113"
"316820";"3115"
"316830";"3101"
"316840";"3116"
"316850";"3108"
"316860";"3117"
"316870";"3123"
"316880";"3120"
"316890";"3107"
"316900";"3118"
"316905";"3110"
"316910";"3110"
"316920";"3124"
"316930";"3111"
"316935";"3114"
"316940";"3111"
"316950";"3116"
"316960";"3112"
"316970";"3104"
"316980";"3110"
"316990";"3118"
"317000";"3129"
"317005";"3123"
"317010";"3113"
"317020";"3112"
"317030";"3117"
"317040";"3126"
"317043";"3113"
"317047";"3126"
"317050";"3108"
"317052";"3129"
"317057";"3123"
"317060";"3122"
"317065";"3106"
"317070";"3111"
"317075";"3107"
"317080";"3128"
"317090";"3129"
"317100";"3107"
"317103";"3106"
"317107";"3104"
"317110";"3113"
"317115";"3123"
"317120";"3101"
"317130";"3108"
"317140";"3118"
"317150";"3116"
"317160";"3104"
"317170";"3111"
"317180";"3109"
"317190";"3116"
"317200";"3118"
"317210";"3127"
"317220";"3110"
"320000";"3200"
"320010";"3290"
"320013";"3290"
"320016";"3290"
"320020";"3290"
"320030";"3290"
"320035";"3290"
"320040";"3290"
"320050";"3290"
"320060";"3290"
"320070";"3290"
"320080";"3290"
"320090";"3290"
"320100";"3290"
"320110";"3290"
"320115";"3290"
"320120";"3290"
"320130";"3290"
"320140";"3290"
"320150";"3290"
"320160";"3290"
"320170";"3290"
"320180";"3290"
"320190";"3290"
"320200";"3290"
"320210";"3290"
"320220";"3290"
"320225";"3290"
"320230";"3290"
"320240";"3290"
"320245";"3290"
"320250";"3290"
"320255";"3290"
"320260";"3290"
"320265";"3290"
"320270";"3290"
"320280";"3290"
"320290";"3290"
"320300";"3290"
"320305";"3290"
"320310";"3290"
"320313";"3290"
"320316";"3290"
"320320";"3290"
"320330";"3290"
"320332";"3290"
"320334";"3290"
"320335";"3290"
"320340";"3290"
"320350";"3290"
"320360";"3290"
"320370";"3290"
"320380";"3290"
"320390";"3290"
"320400";"3290"
"320405";"3290"
"320410";"3290"
"320420";"3290"
"320425";"3290"
"320430";"3290"
"320435";"3290"
"320440";"3290"
"320450";"3290"
"320455";"3290"
"320460";"3290"
"320465";"3290"
"320470";"3290"
"320480";"3290"
"320490";"3290"
"320495";"3290"
"320500";"3290"
"320501";"3290"
"320503";"3290"
"320506";"3290"
"320510";"3290"
"320515";"3290"
"320517";"3290"
"320520";"3290"
"320530";"3290"
"330000";"3300"
"330010";"3308"
"330015";"3302"
"330020";"3305"
"330022";"3307"
"330023";"3305"
"330025";"3305"
"330030";"3306"
"330040";"3306"
"330045";"3301"
"330050";"3304"
"330060";"3302"
"330070";"3305"
"330080";"3305"
"330090";"3302"
"330093";"3303"
"330095";"3307"
"330100";"3303"
"330110";"3304"
"330115";"3303"
"330120";"3304"
"330130";"3305"
"330140";"3303"
"330150";"3304"
"330160";"3304"
"330170";"3301"
"330180";"3307"
"330185";"3301"
"330187";"3305"
"330190";"3301"
"330200";"3301"
"330205";"3302"
"330210";"3302"
"330220";"3302"
"330225";"3306"
"330227";"3301"
"330230";"3302"
"330240";"3303"
"330245";"3304"
"330250";"3301"
"330260";"3308"
"330270";"3301"
"330280";"3307"
"330285";"3301"
"330290";"3307"
"330300";"3302"
"330310";"3302"
"330320";"3301"
"330330";"3301"
"330340";"3304"
"330350";"3301"
"330360";"3301"
"330370";"3307"
"330380";"3308"
"330385";"3307"
"330390";"3304"
"330395";"3306"
"330400";"3306"
"330410";"3302"
"330411";"3306"
"330412";"3306"
"330414";"3301"
"330415";"3303"
"330420";"3306"
"330430";"3305"
"330440";"3306"
"330450";"3306"
"330452";"3305"
"330455";"3301"
"330460";"3304"
"330470";"3302"
"330475";"3303"
"330480";"3303"
"330490";"3301"
"330500";"3303"
"330510";"3301"
"330513";"3302"
"330515";"3304"
"330520";"3305"
"330530";"3304"
"330540";"3307"
"330550";"3305"
"330555";"3301"
"330560";"3305"
"330570";"3304"
"330575";"3301"
"330580";"3304"
"330590";"3304"
"330600";"3307"
"330610";"3306"
"330615";"3302"
"330620";"3307"
"330630";"3306"
"350000";"3500"
"350010";"3509"
"350020";"3515"
"350030";"3514"
"350040";"3514"
"350050";"3507"
"350055";"3506"
"350060";"3510"
"350070";"3506"
"350075";"3516"
"350080";"3511"
"350090";"3505"
"350100";"3513"
"350110";"3502"
"350115";"3516"
"350120";"3515"
"350130";"3511"
"350140";"3509"
"350150";"3509"
"350160";"3507"
"350170";"3503"
"350180";"3515"
"350190";"3507"
"350200";"3510"
"350210";"3502"
"350220";"3516"
"350230";"3506"
"350240";"3511"
"350250";"3517"
"350260";"3515"
"350270";"3516"
"350275";"3516"
"350280";"3502"
"350290";"3516"
"350300";"3508"
"350310";"3506"
"350315";"3517"
"350320";"3503"
"350330";"3510"
"350335";"3509"
"350340";"3506"
"350350";"3517"
"350360";"3506"
"350370";"3515"
"350380";"3507"
"350390";"3501"
"350395";"3515"
"350400";"3509"
"350410";"3507"
"350420";"3502"
"350430";"3506"
"350440";"3502"
"350450";"3506"
"350460";"3515"
"350470";"3506"
"350480";"3515"
"350490";"3517"
"350500";"3506"
"350510";"3502"
"350520";"3506"
"350530";"3506"
"350535";"3516"
"350540";"3512"
"350550";"3505"
"350560";"3513"
"350570";"3501"
"350580";"3509"
"350590";"3513"
"350600";"3506"
"350610";"3505"
"350620";"3502"
"350630";"3509"
"350635";"3504"
"350640";"3502"
"350650";"3502"
"350660";"3501"
"350670";"3503"
"350680";"3506"
"350690";"3506"
"350700";"3516"
"350710";"3507"
"350715";"3516"
"350720";"3509"
"350730";"3506"
"350740";"3503"
"350745";"3506"
"350750";"3506"
"350760";"3507"
"350770";"3502"
"350775";"3502"
"350780";"3513"
"350790";"3506"
"350800";"3516"
"350810";"3502"
"350820";"3508"
"350830";"3506"
"350840";"3507"
"350850";"3517"
"350860";"3517"
"350870";"3514"
"350880";"3506"
"350890";"3511"
"350900";"3501"
"350910";"3511"
"350920";"3501"
"350925";"3512"
"350930";"3505"
"350940";"3513"
"350945";"3516"
"350950";"3507"
"350960";"3507"
"350970";"3517"
"350980";"3509"
"350990";"3512"
"350995";"3517"
"351000";"3509"
"351010";"3503"
"351015";"3509"
"351020";"3516"
"351030";"3516"
"351040";"3510"
"351050";"3517"
"351060";"3501"
"351070";"3515"
"351080";"3514"
"351090";"3513"
"351100";"3502"
"351110";"3515"
"351120";"3515"
"351130";"3515"
"351140";"3506"
"351150";"3516"
"351160";"3516"
"351170";"3510"
"351190";"3502"
"351200";"3505"
"351210";"3505"
"351220";"3510"
"351230";"3506"
"351240";"3510"
"351250";"3502"
"351260";"3506"
"351270";"3510"
"351280";"3507"
"351290";"3515"
"351300";"3501"
"351310";"3513"
"351320";"3508"
"351330";"3509"
"351340";"3517"
"351350";"3504"
"351360";"3517"
"351370";"3503"
"351380";"3501"
"351385";"3515"
"351390";"3514"
"351400";"3503"
"351410";"3506"
"351420";"3515"
"351430";"3503"
"351440";"3511"
"351450";"3506"
"351460";"3513"
"351470";"3509"
"351480";"3512"
"351490";"3510"
"351492";"3515"
"351495";"3515"
"351500";"3501"
"351510";"3501"
"351512";"3511"
"351515";"3510"
"351518";"3514"
"351519";"3509"
"351520";"3515"
"351530";"3511"
"351535";"3511"
"351540";"3506"
"351550";"3515"
"351560";"3515"
"351565";"3509"
"351570";"3501"
"351580";"3511"
"351590";"3515"
"351600";"3509"
"351610";"3509"
"351620";"3508"
"351630";"3501"
"351640";"3501"
"351650";"3502"
"351660";"3509"
"351670";"3509"
"351680";"3515"
"351685";"3503"
"351690";"3515"
"351700";"3506"
"351710";"3502"
"351720";"3506"
"351730";"3509"
"351740";"3505"
"351750";"3515"
"351760";"3516"
"351770";"3508"
"351780";"3502"
"351790";"3505"
"351800";"3515"
"351810";"3509"
"351820";"3502"
"351830";"3501"
"351840";"3517"
"351850";"3516"
"351860";"3513"
"351870";"3504"
"351880";"3501"
"351885";"3513"
"351890";"3502"
"351900";"3509"
"351905";"3507"
"351907";"3507"
"351910";"3506"
"351920";"3509"
"351925";"3506"
"351930";"3503"
"351940";"3515"
"351950";"3509"
"351960";"3503"
"351970";"3516"
"351980";"3515"
"351990";"3511"
"352000";"3506"
"352010";"3508"
"352020";"3517"
"352030";"3512"
"352040";"3517"
"352042";"3512"
"352044";"3502"
"352050";"3507"
"352060";"3511"
"352070";"3515"
"352080";"3509"
"352090";"3509"
"352100";"3516"
"352110";"3510"
"352115";"3515"
"352120";"3512"
"352130";"3508"
"352140";"3510"
"352150";"3515"
"352160";"3511"
"352170";"3516"
"352180";"3506"
"352190";"3515"
"352200";"3506"
"352210";"3504"
"352215";"3516"
"352220";"3501"
"352230";"3516"
"352240";"3516"
"352250";"3501"
"352260";"3514"
"352265";"3516"
"352270";"3503"
"352280";"3506"
"352290";"3506"
"352300";"3502"
"352310";"3501"
"352320";"3516"
"352330";"3512"
"352340";"3507"
"352350";"3506"
"352360";"3510"
"352370";"3508"
"352380";"3514"
"352390";"3516"
"352400";"3507"
"352410";"3508"
"352420";"3505"
"352430";"3513"
"352440";"3517"
"352450";"3515"
"352460";"3512"
"352470";"3507"
"352480";"3515"
"352490";"3517"
"352500";"3501"
"352510";"3513"
"352520";"3507"
"352530";"3506"
"352540";"3508"
"352550";"3507"
"352560";"3511"
"352570";"3515"
"352580";"3509"
"352585";"3516"
"352590";"3507"
"352600";"3511"
"352610";"3512"
"352620";"3501"
"352630";"3517"
"352640";"3506"
"352650";"3502"
"352660";"3517"
"352670";"3510"
"352680";"3506"
"352690";"3510"
"352700";"3507"
"352710";"3506"
"352720";"3517"
"352725";"3502"
"352730";"3507"
"352740";"3509"
"352750";"3506"
"352760";"3513"
"352770";"3502"
"352780";"3509"
"352790";"3509"
"352800";"3506"
"352810";"3515"
"352820";"3515"
"352830";"3515"
"352840";"3516"
"352850";"3501"
"352860";"3506"
"352870";"3511"
"352880";"3509"
"352885";"3515"
"352890";"3509"
"352900";"3509"
"352910";"3515"
"352920";"3511"
"352930";"3503"
"352940";"3501"
"352950";"3515"
"352960";"3515"
"352965";"3515"
"352970";"3508"
"352980";"3506"
"352990";"3512"
"353000";"3515"
"353010";"3502"
"353020";"3511"
"353030";"3515"
"353040";"3515"
"353050";"3514"
"353060";"3501"
"353070";"3514"
"353080";"3514"
"353090";"3510"
"353100";"3515"
"353110";"3504"
"353120";"3507"
"353130";"3513"
"353140";"3515"
"353150";"3505"
"353160";"3511"
"353170";"3517"
"353180";"3507"
"353190";"3508"
"353200";"3507"
"353205";"3503"
"353210";"3502"
"353215";"3511"
"353220";"3511"
"353230";"3517"
"353240";"3507"
"353250";"3515"
"353260";"3515"
"353270";"3515"
"353280";"3515"
"353282";"3516"
"353284";"3515"
"353286";"3502"
"353290";"3503"
"353300";"3515"
"353310";"3511"
"353320";"3502"
"353325";"3515"
"353330";"3502"
"353340";"3507"
"353350";"3515"
"353360";"3508"
"353370";"3509"
"353380";"3509"
"353390";"3505"
"353400";"3515"
"353410";"3509"
"353420";"3515"
"353430";"3508"
"353440";"3501"
"353450";"3509"
"353460";"3509"
"353470";"3509"
"353475";"3515"
"353480";"3511"
"353490";"3509"
"353500";"3515"
"353510";"3515"
"353520";"3515"
"353530";"3509"
"353540";"3511"
"353550";"3509"
"353560";"3517"
"353570";"3515"
"353580";"3506"
"353590";"3515"
"353600";"3509"
"353610";"3506"
"353620";"3512"
"353625";"3515"
"353630";"3508"
"353640";"3511"
"353650";"3507"
"353657";"3506"
"353660";"3515"
"353670";"3506"
"353680";"3507"
"353690";"3515"
"353700";"3508"
"353710";"3507"
"353715";"3509"
"353720";"3512"
"353730";"3502"
"353740";"3502"
"353750";"3506"
"353760";"3504"
"353770";"3502"
"353780";"3516"
"353790";"3516"
"353800";"3517"
"353810";"3515"
"353820";"3507"
"353830";"3511"
"353850";"3517"
"353860";"3507"
"353870";"3510"
"353880";"3506"
"353890";"3506"
"353900";"3515"
"353910";"3501"
"353920";"3511"
"353930";"3510"
"353940";"3506"
"353950";"3513"
"353960";"3515"
"353970";"3509"
"353980";"3501"
"353990";"3515"
"354000";"3509"
"354010";"3506"
"354020";"3513"
"354025";"3515"
"354030";"3515"
"354040";"3515"
"354050";"3506"
"354060";"3516"
"354070";"3503"
"354075";"3517"
"354080";"3515"
"354085";"3509"
"354090";"3513"
"354100";"3504"
"354105";"3506"
"354110";"3506"
"354120";"3511"
"354130";"3511"
"354140";"3511"
"354150";"3511"
"354160";"3506"
"354165";"3516"
"354170";"3511"
"354180";"3509"
"354190";"3517"
"354200";"3509"
"354210";"3510"
"354220";"3511"
"354230";"3517"
"354240";"3511"
"354250";"3506"
"354260";"3512"
"354270";"3508"
"354280";"3516"
"354290";"3503"
"354300";"3516"
"354310";"3508"
"354320";"3509"
"354323";"3511"
"354325";"3516"
"354330";"3501"
"354340";"3513"
"354350";"3516"
"354360";"3508"
"354370";"3503"
"354380";"3509"
"354390";"3510"
"354400";"3510"
"354410";"3501"
"354420";"3515"
"354425";"3511"
"354430";"3517"
"354440";"3502"
"354450";"3515"
"354460";"3506"
"354470";"3509"
"354480";"3515"
"354490";"3508"
"354500";"3501"
"354510";"3509"
"354515";"3510"
"354520";"3516"
"354530";"3516"
"354540";"3509"
"354550";"3511"
"354560";"3515"
"354570";"3515"
"354580";"3507"
"354600";"3517"
"354610";"3515"
"354620";"3510"
"354625";"3513"
"354630";"3514"
"354640";"3509"
"354650";"3503"
"354660";"3515"
"354670";"3510"
"354680";"3501"
"354690";"3503"
"354700";"3510"
"354710";"3511"
"354720";"3515"
"354730";"3501"
"354740";"3515"
"354750";"3513"
"354760";"3513"
"354765";"3515"
"354770";"3511"
"354780";"3501"
"354790";"3513"
"354800";"3507"
"354805";"3502"
"354810";"3514"
"354820";"3517"
"354830";"3511"
"354840";"3502"
"354850";"3504"
"354860";"3517"
"354870";"3501"
"354880";"3501"
"354890";"3503"
"354900";"3515"
"354910";"3514"
"354920";"3515"
"354925";"3515"
"354930";"3511"
"354940";"3508"
"354950";"3508"
"354960";"3517"
"354970";"3514"
"354980";"3515"
"354990";"3517"
"354995";"3501"
"355000";"3517"
"355010";"3506"
"355020";"3516"
"355030";"3501"
"355040";"3510"
"355050";"3509"
"355060";"3516"
"355070";"3517"
"355080";"3514"
"355090";"3513"
"355100";"3504"
"355110";"3516"
"355120";"3506"
"355130";"3515"
"355140";"3513"
"355150";"3513"
"355160";"3507"
"355170";"3513"
"355180";"3512"
"355190";"3505"
"355200";"3517"
"355210";"3507"
"355220";"3516"
"355230";"3502"
"355240";"3507"
"355250";"3501"
"355255";"3502"
"355260";"3515"
"355270";"3503"
"355280";"3501"
"355290";"3511"
"355300";"3506"
"355310";"3505"
"355320";"3505"
"355330";"3514"
"355340";"3515"
"355350";"3516"
"355360";"3514"
"355365";"3505"
"355370";"3503"
"355380";"3506"
"355385";"3516"
"355390";"3511"
"355395";"3509"
"355400";"3516"
"355410";"3517"
"355420";"3506"
"355430";"3511"
"355440";"3505"
"355450";"3516"
"355460";"3509"
"355465";"3506"
"355470";"3506"
"355475";"3503"
"355480";"3517"
"355490";"3515"
"355495";"3507"
"355500";"3509"
"355510";"3511"
"355520";"3502"
"355530";"3515"
"355535";"3515"
"355540";"3517"
"355550";"3509"
"355560";"3515"
"355570";"3515"
"355580";"3515"
"355590";"3506"
"355600";"3515"
"355610";"3515"
"355620";"3507"
"355630";"3502"
"355635";"3507"
"355640";"3514"
"355645";"3501"
"355650";"3507"
"355660";"3509"
"355670";"3507"
"355680";"3505"
"355690";"3505"
"355695";"3515"
"355700";"3516"
"355710";"3515"
"355715";"3515"
"355720";"3509"
"355730";"3514"
"410000";"4100"
"410010";"4190"
"410020";"4190"
"410030";"4190"
"410040";"4190"
"410045";"4190"
"410050";"4190"
"410060";"4190"
"410070";"4190"
"410080";"4190"
"410090";"4190"
"410100";"4190"
"410105";"4190"
"410110";"4190"
"410115";"4190"
"410120";"4190"
"410130";"4190"
"410140";"4190"
"410150";"4190"
"410160";"4190"
"410165";"4190"
"410170";"4190"
"410180";"4190"
"410185";"4190"
"410190";"4190"
"410200";"4190"
"410210";"4190"
"410220";"4190"
"410230";"4190"
"410240";"4190"
"410250";"4190"
"410260";"4190"
"410270";"4190"
"410275";"4190"
"410280";"4190"
"410290";"4190"
"410300";"4190"
"410302";"4190"
"410304";"4190"
"410305";"4190"
"410310";"4190"
"410315";"4190"
"410320";"4190"
"410322";"4190"
"410330";"4190"
"410335";"4190"
"410337";"4190"
"410340";"4190"
"410345";"4190"
"410347";"4190"
"410350";"4190"
"410360";"4190"
"410370";"4190"
"410380";"4190"
"410390";"4190"
"410395";"4190"
"410400";"4190"
"410405";"4190"
"410410";"4190"
"410420";"4190"
"410425";"4190"
"410430";"4190"
"410440";"4190"
"410442";"4190"
"410445";"4190"
"410450";"4190"
"410460";"4190"
"410465";"4190"
"410470";"4190"
"410480";"4190"
"410490";"4190"
"410500";"4190"
"410510";"4190"
"410520";"4190"
"410530";"4190"
"410540";"4190"
"410550";"4190"
"410560";"4190"
"410570";"4190"
"410580";"4190"
"410590";"4190"
"410600";"4190"
"410610";"4190"
"410620";"4190"
"410630";"4190"
"410640";"4190"
"410645";"4190"
"410650";"4190"
"410655";"4190"
"410657";"4190"
"410660";"4190"
"410670";"4190"
"410680";"4190"
"410685";"4190"
"410690";"4190"
"410700";"4190"
"410710";"4190"
"410712";"4190"
"410715";"4190"
"410720";"4190"
"410725";"4190"
"410730";"4190"
"410740";"4190"
"410750";"4190"
"410752";"4190"
"410753";"4190"
"410754";"4190"
"410755";"4190"
"410760";"4190"
"410765";"4190"
"410770";"4190"
"410773";"4190"
"410775";"4190"
"410780";"4190"
"410785";"4190"
"410790";"4190"
"410800";"4190"
"410810";"4190"
"410820";"4190"
"410830";"4190"
"410832";"4190"
"410840";"4190"
"410845";"4190"
"410850";"4190"
"410855";"4190"
"410860";"4190"
"410865";"4190"
"410870";"4190"
"410880";"4190"
"410890";"4190"
"410895";"4190"
"410900";"4190"
"410910";"4190"
"410920";"4190"
"410930";"4190"
"410940";"4190"
"410950";"4190"
"410960";"4190"
"410965";"4190"
"410970";"4190"
"410975";"4190"
"410980";"4190"
"410990";"4190"
"411000";"4190"
"411005";"4190"
"411007";"4190"
"411010";"4190"
"411020";"4190"
"411030";"4190"
"411040";"4190"
"411050";"4190"
"411060";"4190"
"411065";"4190"
"411070";"4190"
"411080";"4190"
"411090";"4190"
"411095";"4190"
"411100";"4190"
"411110";"4190"
"411120";"4190"
"411125";"4190"
"411130";"4190"
"411140";"4190"
"411150";"4190"
"411155";"4190"
"411160";"4190"
"411170";"4190"
"411180";"4190"
"411190";"4190"
"411200";"4190"
"411210";"4190"
"411220";"4190"
"411230";"4190"
"411240";"4190"
"411250";"4190"
"411260";"4190"
"411270";"4190"
"411275";"4190"
"411280";"4190"
"411290";"4190"
"411295";"4190"
"411300";"4190"
"411310";"4190"
"411320";"4190"
"411325";"4190"
"411330";"4190"
"411340";"4190"
"411342";"4190"
"411345";"4190"
"411350";"4190"
"411360";"4190"
"411370";"4190"
"411373";"4190"
"411375";"4190"
"411380";"4190"
"411390";"4190"
"411400";"4190"
"411410";"4190"
"411420";"4190"
"411430";"4190"
"411435";"4190"
"411440";"4190"
"411450";"4190"
"411460";"4190"
"411470";"4190"
"411480";"4190"
"411490";"4190"
"411500";"4190"
"411510";"4190"
"411520";"4190"
"411530";"4190"
"411535";"4190"
"411540";"4190"
"411545";"4190"
"411550";"4190"
"411560";"4190"
"411570";"4190"
"411573";"4190"
"411575";"4190"
"411580";"4190"
"411585";"4190"
"411590";"4190"
"411600";"4190"
"411605";"4190"
"411610";"4190"
"411620";"4190"
"411630";"4190"
"411640";"4190"
"411650";"4190"
"411660";"4190"
"411670";"4190"
"411680";"4190"
"411690";"4190"
"411695";"4190"
"411700";"4190"
"411705";"4190"
"411710";"4190"
"411720";"4190"
"411721";"4190"
"411722";"4190"
"411725";"4190"
"411727";"4190"
"411729";"4190"
"411730";"4190"
"411740";"4190"
"411745";"4190"
"411750";"4190"
"411760";"4190"
"411770";"4190"
"411780";"4190"
"411790";"4190"
"411800";"4190"
"411810";"4190"
"411820";"4190"
"411830";"4190"
"411840";"4190"
"411845";"4190"
"411850";"4190"
"411860";"4190"
"411870";"4190"
"411880";"4190"
"411885";"4190"
"411890";"4190"
"411900";"4190"
"411910";"4190"
"411915";"4190"
"411920";"4190"
"411925";"4190"
"411930";"4190"
"411940";"4190"
"411950";"4190"
"411960";"4190"
"411965";"4190"
"411970";"4190"
"411980";"4190"
"411990";"4190"
"411995";"4190"
"412000";"4190"
"412010";"4190"
"412015";"4190"
"412020";"4190"
"412030";"4190"
"412033";"4190"
"412035";"4190"
"412040";"4190"
"412050";"4190"
"412060";"4190"
"412065";"4190"
"412070";"4190"
"412080";"4190"
"412085";"4190"
"412090";"4190"
"412100";"4190"
"412110";"4190"
"412120";"4190"
"412125";"4190"
"412130";"4190"
"412135";"4190"
"412140";"4190"
"412150";"4190"
"412160";"4190"
"412170";"4190"
"412175";"4190"
"412180";"4190"
"412190";"4190"
"412200";"4190"
"412210";"4190"
"412215";"4190"
"412217";"4190"
"412220";"4190"
"412230";"4190"
"412240";"4190"
"412250";"4190"
"412260";"4190"
"412265";"4190"
"412270";"4190"
"412280";"4190"
"412290";"4190"
"412300";"4190"
"412310";"4190"
"412320";"4190"
"412330";"4190"
"412340";"4190"
"412350";"4190"
"412360";"4190"
"412370";"4190"
"412380";"4190"
"412382";"4190"
"412385";"4190"
"412390";"4190"
"412395";"4190"
"412400";"4190"
"412402";"4190"
"412405";"4190"
"412410";"4190"
"412420";"4190"
"412430";"4190"
"412440";"4190"
"412450";"4190"
"412460";"4190"
"412470";"4190"
"412480";"4190"
"412490";"4190"
"412500";"4190"
"412510";"4190"
"412520";"4190"
"412530";"4190"
"412535";"4190"
"412540";"4190"
"412545";"4190"
"412550";"4190"
"412555";"4190"
"412560";"4190"
"412570";"4190"
"412575";"4190"
"412580";"4190"
"412590";"4190"
"412600";"4190"
"412610";"4190"
"412620";"4190"
"412625";"4190"
"412627";"4190"
"412630";"4190"
"412635";"4190"
"412640";"4190"
"412650";"4190"
"412660";"4190"
"412665";"4190"
"412667";"4190"
"412670";"4190"
"412680";"4190"
"412690";"4190"
"412700";"4190"
"412710";"4190"
"412720";"4190"
"412730";"4190"
"412740";"4190"
"412750";"4190"
"412760";"4190"
"412770";"4190"
"412780";"4190"
"412785";"4190"
"412788";"4190"
"412790";"4190"
"412795";"4190"
"412796";"4190"
"412800";"4190"
"412810";"4190"
"412820";"4190"
"412830";"4190"
"412840";"4190"
"412850";"4190"
"412853";"4190"
"412855";"4190"
"412860";"4190"
"412862";"4190"
"412863";"4190"
"412865";"4190"
"412870";"4190"
"412880";"4190"
"420000";"4200"
"420005";"4208"
"420010";"4205"
"420020";"4212"
"420030";"4212"
"420040";"4207"
"420050";"4229"
"420055";"4204"
"420060";"4218"
"420070";"4213"
"420075";"4206"
"420080";"4230"
"420090";"4218"
"420100";"4227"
"420110";"4218"
"420120";"4218"
"420125";"4214"
"420127";"4233"
"420130";"4223"
"420140";"4222"
"420150";"4236"
"420160";"4209"
"420165";"4233"
"420170";"4235"
"420180";"4213"
"420190";"4213"
"420195";"4222"
"420200";"4217"
"420205";"4223"
"420207";"4222"
"420208";"4201"
"420209";"4201"
"420210";"4223"
"420213";"4226"
"420215";"4201"
"420220";"4235"
"420230";"4218"
"420240";"4215"
"420243";"4227"
"420245";"4217"
"420250";"4228"
"420253";"4205"
"420257";"4202"
"420260";"4228"
"420270";"4216"
"420280";"4236"
"420285";"4212"
"420287";"4208"
"420290";"4216"
"420300";"4210"
"420310";"4229"
"420315";"4210"
"420320";"4217"
"420325";"4227"
"420330";"4225"
"420340";"4227"
"420350";"4203"
"420360";"4208"
"420370";"4216"
"420380";"4226"
"420390";"4207"
"420395";"4220"
"420400";"4207"
"420410";"4204"
"420415";"4208"
"420417";"4227"
"420419";"4213"
"420420";"4204"
"420425";"4221"
"420430";"4206"
"420435";"4204"
"420440";"4204"
"420445";"4203"
"420450";"4224"
"420455";"4227"
"420460";"4221"
"420470";"4229"
"420475";"4229"
"420480";"4211"
"420490";"4201"
"420500";"4230"
"420510";"4214"
"420515";"4235"
"420517";"4205"
"420519";"4222"
"420520";"4207"
"420530";"4205"
"420535";"4202"
"420540";"4218"
"420543";"4232"
"420545";"4221"
"420550";"4209"
"420555";"4211"
"420560";"4203"
"420570";"4219"
"420580";"4223"
"420590";"4215"
"420600";"4218"
"420610";"4236"
"420620";"4220"
"420630";"4216"
"420640";"4201"
"420650";"4224"
"420660";"4230"
"420665";"4204"
"420670";"4207"
"420675";"4208"
"420680";"4207"
"420690";"4214"
"420700";"4221"
"420710";"4215"
"420720";"4219"
"420730";"4219"
"420740";"4213"
"420750";"4235"
"420757";"4209"
"420760";"4206"
"420765";"4231"
"420768";"4205"
"420770";"4233"
"420775";"4202"
"420780";"4206"
"420785";"4232"
"420790";"4226"
"420800";"4233"
"420810";"4225"
"420820";"4217"
"420830";"4217"
"420840";"4231"
"420845";"4223"
"420850";"4213"
"420860";"4207"
"420870";"4222"
"420880";"4220"
"420890";"4224"
"420895";"4232"
"420900";"4207"
"420910";"4223"
"420915";"4214"
"420917";"4203"
"420920";"4207"
"420930";"4227"
"420940";"4219"
"420945";"4205"
"420950";"4212"
"420960";"4221"
"420970";"4210"
"420980";"4213"
"420985";"4233"
"420990";"4214"
"421000";"4215"
"421003";"4207"
"421005";"4210"
"421010";"4225"
"421020";"4216"
"421030";"4226"
"421040";"4222"
"421050";"4202"
"421055";"4205"
"421060";"4224"
"421070";"4210"
"421080";"4222"
"421085";"4234"
"421090";"4202"
"421100";"4229"
"421105";"4208"
"421110";"4225"
"421120";"4221"
"421125";"4222"
"421130";"4217"
"421140";"4204"
"421145";"4204"
"421150";"4216"
"421160";"4221"
"421165";"4203"
"421170";"4221"
"421175";"4227"
"421180";"4207"
"421185";"4205"
"421187";"4233"
"421189";"4227"
"421190";"4218"
"421200";"4230"
"421205";"4227"
"421210";"4229"
"421220";"4225"
"421223";"4201"
"421225";"4222"
"421227";"4205"
"421230";"4219"
"421240";"4220"
"421250";"4217"
"421260";"4206"
"421265";"4219"
"421270";"4213"
"421280";"4217"
"421290";"4202"
"421300";"4209"
"421310";"4206"
"421315";"4204"
"421320";"4215"
"421330";"4227"
"421335";"4211"
"421340";"4205"
"421350";"4217"
"421360";"4226"
"421370";"4234"
"421380";"4222"
"421390";"4206"
"421400";"4214"
"421410";"4214"
"421415";"4230"
"421420";"4232"
"421430";"4218"
"421440";"4210"
"421450";"4234"
"421460";"4212"
"421470";"4235"
"421480";"4212"
"421490";"4236"
"421500";"4225"
"421505";"4228"
"421507";"4229"
"421510";"4235"
"421520";"4202"
"421530";"4234"
"421535";"4202"
"421540";"4209"
"421545";"4220"
"421550";"4211"
"421555";"4231"
"421560";"4236"
"421565";"4222"
"421567";"4234"
"421568";"4202"
"421569";"4232"
"421570";"4218"
"421575";"4203"
"421580";"4225"
"421590";"4218"
"421600";"4229"
"421605";"4211"
"421610";"4205"
"421620";"4223"
"421625";"4231"
"421630";"4216"
"421635";"4223"
"421640";"4222"
"421650";"4228"
"421660";"4218"
"421670";"4230"
"421680";"4227"
"421690";"4203"
"421700";"4236"
"421710";"4236"
"421715";"4202"
"421720";"4201"
"421725";"4218"
"421730";"4202"
"421740";"4224"
"421750";"4233"
"421755";"4202"
"421760";"4221"
"421770";"4222"
"421775";"4202"
"421780";"4234"
"421790";"4209"
"421795";"4202"
"421800";"4216"
"421810";"4222"
"421820";"4235"
"421825";"4210"
"421830";"4226"
"421835";"4221"
"421840";"4220"
"421850";"4207"
"421860";"4212"
"421870";"4220"
"421875";"4231"
"421880";"4222"
"421885";"4232"
"421890";"4228"
"421895";"4228"
"421900";"4221"
"421910";"4205"
"421915";"4208"
"421917";"4207"
"421920";"4213"
"421930";"4209"
"421935";"4214"
"421940";"4214"
"421950";"4205"
"421960";"4233"
"421970";"4205"
"421985";"4208"
"422000";"4221"
"430000";"4300"
"430003";"4307"
"430005";"4306"
"430010";"4304"
"430020";"4317"
"430030";"4314"
"430040";"4310"
"430045";"4314"
"430047";"4306"
"430050";"4319"
"430055";"4306"
"430057";"4305"
"430060";"4302"
"430063";"4303"
"430064";"4319"
"430066";"4306"
"430070";"4316"
"430080";"4305"
"430085";"4302"
"430087";"4301"
"430090";"4311"
"430100";"4316"
"430105";"4318"
"430107";"4303"
"430110";"4302"
"430120";"4308"
"430130";"4303"
"430140";"4306"
"430150";"4317"
"430155";"4311"
"430160";"4307"
"430163";"4318"
"430165";"4301"
"430170";"4311"
"430175";"4302"
"430180";"4306"
"430185";"4319"
"430187";"4310"
"430190";"4302"
"430192";"4311"
"430195";"4315"
"430200";"4306"
"430205";"4311"
"430210";"4305"
"430215";"4315"
"430220";"4314"
"430222";"4309"
"430223";"4309"
"430225";"4305"
"430230";"4305"
"430235";"4305"
"430237";"4319"
"430240";"4316"
"430245";"4316"
"430250";"4312"
"430258";"4317"
"430260";"4315"
"430265";"4301"
"430270";"4302"
"430280";"4308"
"430290";"4304"
"430300";"4308"
"430310";"4302"
"430320";"4306"
"430330";"4312"
"430340";"4319"
"430350";"4302"
"430355";"4306"
"430360";"4301"
"430367";"4305"
"430370";"4314"
"430380";"4311"
"430390";"4301"
"430400";"4317"
"430410";"4306"
"430420";"4313"
"430430";"4314"
"430435";"4307"
"430440";"4305"
"430450";"4303"
"430460";"4301"
"430461";"4316"
"430462";"4306"
"430463";"4318"
"430465";"4304"
"430466";"4303"
"430467";"4318"
"430468";"4301"
"430469";"4316"
"430470";"4306"
"430471";"4318"
"430480";"4305"
"430485";"4311"
"430490";"4306"
"430495";"4306"
"430500";"4317"
"430510";"4305"
"430511";"4311"
"430512";"4303"
"430513";"4308"
"430515";"4315"
"430517";"4302"
"430520";"4312"
"430530";"4315"
"430535";"4302"
"430537";"4311"
"430540";"4317"
"430543";"4303"
"430544";"4302"
"430545";"4318"
"430550";"4306"
"430558";"4316"
"430560";"4309"
"430570";"4317"
"430580";"4315"
"430583";"4316"
"430585";"4306"
"430587";"4317"
"430590";"4315"
"430593";"4305"
"430595";"4305"
"430597";"4306"
"430600";"4317"
"430605";"4303"
"430607";"4319"
"430610";"4309"
"430613";"4311"
"430620";"4316"
"430630";"4306"
"430632";"4319"
"430635";"4312"
"430637";"4304"
"430640";"4301"
"430642";"4315"
"430645";"4316"
"430650";"4302"
"430655";"4318"
"430660";"4307"
"430670";"4304"
"430673";"4314"
"430675";"4316"
"430676";"4302"
"430680";"4316"
"430690";"4308"
"430692";"4315"
"430693";"4312"
"430695";"4311"
"430697";"4311"
"430700";"4311"
"430705";"4306"
"430710";"4303"
"430720";"4311"
"430730";"4319"
"430740";"4305"
"430745";"4319"
"430750";"4306"
"430755";"4311"
"430760";"4301"
"430770";"4301"
"430780";"4316"
"430781";"4308"
"430783";"4312"
"430786";"4305"
"430790";"4305"
"430800";"4304"
"430805";"4311"
"430807";"4316"
"430810";"4305"
"430820";"4305"
"430825";"4311"
"430830";"4306"
"430840";"4304"
"430843";"4316"
"430845";"4309"
"430850";"4319"
"430860";"4305"
"430865";"4312"
"430870";"4311"
"430880";"4302"
"430885";"4306"
"430890";"4311"
"430900";"4314"
"430905";"4302"
"430910";"4305"
"430912";"4315"
"430915";"4313"
"430920";"4302"
"430925";"4305"
"430930";"4302"
"430940";"4305"
"430950";"4312"
"430955";"4301"
"430957";"4313"
"430960";"4314"
"430965";"4307"
"430970";"4317"
"430975";"4308"
"430980";"4306"
"430990";"4306"
"430995";"4306"
"431000";"4309"
"431010";"4301"
"431020";"4317"
"431030";"4316"
"431033";"4318"
"431036";"4316"
"431040";"4314"
"431041";"4317"
"431043";"4305"
"431046";"4311"
"431050";"4319"
"431053";"4304"
"431055";"4304"
"431057";"4306"
"431060";"4310"
"431065";"4318"
"431070";"4311"
"431075";"4304"
"431080";"4301"
"431085";"4315"
"431087";"4309"
"431090";"4311"
"431100";"4303"
"431110";"4304"
"431112";"4305"
"431113";"4304"
"431115";"4317"
"431120";"4304"
"431123";"4308"
"431125";"4306"
"431127";"4306"
"431130";"4306"
"431140";"4316"
"431142";"4315"
"431150";"4307"
"431160";"4319"
"431162";"4301"
"431164";"4305"
"431170";"4306"
"431171";"4310"
"431173";"4318"
"431175";"4310"
"431177";"4318"
"431179";"4301"
"431180";"4306"
"431190";"4311"
"431198";"4302"
"431200";"4311"
"431205";"4316"
"431210";"4304"
"431213";"4306"
"431215";"4313"
"431217";"4312"
"431220";"4306"
"431225";"4302"
"431230";"4315"
"431235";"4306"
"431237";"4305"
"431238";"4305"
"431240";"4301"
"431242";"4306"
"431244";"4318"
"431245";"4303"
"431247";"4301"
"431250";"4318"
"431260";"4316"
"431261";"4305"
"431262";"4306"
"431265";"4306"
"431267";"4306"
"431270";"4311"
"431275";"4306"
"431280";"4305"
"431290";"4305"
"431295";"4315"
"431300";"4316"
"431301";"4314"
"431303";"4304"
"431306";"4301"
"431308";"4305"
"431310";"4304"
"431320";"4305"
"431330";"4305"
"431333";"4317"
"431335";"4305"
"431337";"4301"
"431339";"4308"
"431340";"4301"
"431342";"4314"
"431344";"4319"
"431346";"4315"
"431349";"4315"
"431350";"4318"
"431360";"4306"
"431365";"4318"
"431370";"4315"
"431380";"4319"
"431390";"4317"
"431395";"4313"
"431400";"4305"
"431402";"4304"
"431403";"4301"
"431405";"4301"
"431406";"4308"
"431407";"4313"
"431410";"4306"
"431413";"4311"
"431415";"4316"
"431417";"4303"
"431420";"4303"
"431430";"4317"
"431440";"4303"
"431442";"4305"
"431445";"4319"
"431446";"4305"
"431447";"4304"
"431449";"4319"
"431450";"4303"
"431453";"4305"
"431454";"4305"
"431455";"4312"
"431460";"4303"
"431470";"4319"
"431475";"4316"
"431477";"4306"
"431478";"4311"
"431480";"4301"
"431490";"4302"
"431500";"4314"
"431505";"4314"
"431507";"4314"
"431510";"4312"
"431513";"4316"
"431514";"4301"
"431515";"4316"
"431517";"4305"
"431520";"4316"
"431530";"4310"
"431531";"4311"
"431532";"4304"
"431535";"4309"
"431540";"4315"
"431545";"4316"
"431550";"4304"
"431555";"4311"
"431560";"4303"
"431570";"4313"
"431575";"4301"
"431580";"4316"
"431590";"4319"
"431595";"4312"
"431600";"4301"
"431610";"4315"
"431620";"4315"
"431630";"4312"
"431640";"4310"
"431642";"4315"
"431643";"4309"
"431645";"4309"
"431647";"4312"
"431650";"4301"
"431660";"4306"
"431670";"4309"
"431673";"4306"
"431675";"4316"
"431680";"4313"
"431690";"4304"
"431695";"4301"
"431697";"4310"
"431700";"4303"
"431710";"4310"
"431720";"4314"
"431725";"4305"
"431730";"4303"
"431740";"4304"
"431750";"4312"
"431755";"4306"
"431760";"4318"
"431770";"4312"
"431775";"4306"
"431780";"4317"
"431790";"4314"
"431795";"4306"
"431800";"4312"
"431805";"4306"
"431810";"4304"
"431820";"4301"
"431830";"4310"
"431840";"4302"
"431842";"4306"
"431843";"4304"
"431844";"4305"
"431845";"4315"
"431846";"4316"
"431848";"4301"
"431849";"4314"
"431850";"4303"
"431860";"4306"
"431861";"4301"
"431862";"4305"
"431870";"4301"
"431880";"4303"
"431890";"4312"
"431900";"4305"
"431910";"4317"
"431912";"4304"
"431915";"4312"
"431920";"4312"
"431930";"4314"
"431935";"4301"
"431936";"4315"
"431937";"4312"
"431940";"4304"
"431950";"4301"
"431960";"4304"
"431970";"4311"
"431971";"4316"
"431973";"4317"
"431975";"4305"
"431980";"4304"
"431990";"4301"
"432000";"4301"
"432010";"4315"
"432020";"4319"
"432023";"4317"
"432026";"4308"
"432030";"4309"
"432032";"4314"
"432035";"4302"
"432040";"4306"
"432045";"4316"
"432050";"4306"
"432055";"4302"
"432057";"4312"
"432060";"4311"
"432065";"4304"
"432067";"4313"
"432070";"4308"
"432080";"4306"
"432085";"4301"
"432090";"4306"
"432100";"4306"
"432110";"4302"
"432120";"4301"
"432130";"4316"
"432132";"4319"
"432135";"4318"
"432140";"4319"
"432143";"4318"
"432145";"4316"
"432146";"4306"
"432147";"4319"
"432149";"4304"
"432150";"4318"
"432160";"4318"
"432162";"4316"
"432163";"4311"
"432166";"4318"
"432170";"4301"
"432180";"4314"
"432183";"4318"
"432185";"4315"
"432190";"4319"
"432195";"4315"
"432200";"4301"
"432210";"4314"
"432215";"4306"
"432218";"4306"
"432220";"4309"
"432225";"4301"
"432230";"4314"
"432232";"4303"
"432234";"4312"
"432235";"4305"
"432237";"4304"
"432240";"4310"
"432250";"4305"
"432252";"4313"
"432253";"4313"
"432254";"4305"
"432255";"4306"
"432260";"4313"
"432270";"4313"
"432280";"4305"
"432285";"4316"
"432290";"4311"
"432300";"4302"
"432310";"4319"
"432320";"4306"
"432330";"4305"
"432335";"4306"
"432340";"4306"
"432345";"4304"
"432350";"4319"
"432360";"4305"
"432370";"4319"
"432375";"4312"
"432377";"4316"
"432380";"4318"
"500000";"5000"
"500020";"5010"
"500025";"5002"
"500060";"5009"
"500070";"5001"
"500080";"5007"
"500085";"5007"
"500090";"5009"
"500100";"5008"
"500110";"5001"
"500124";"5009"
"500150";"5011"
"500190";"5010"
"500200";"5007"
"500210";"5005"
"500215";"5001"
"500220";"5005"
"500230";"5010"
"500240";"5003"
"500260";"5011"
"500270";"5011"
"500280";"5005"
"500290";"5008"
"500295";"5008"
"500310";"5011"
"500315";"5009"
"500320";"5012"
"500325";"5008"
"500330";"5002"
"500345";"5004"
"500348";"5001"
"500350";"5003"
"500370";"5003"
"500375";"5006"
"500380";"5004"
"500390";"5011"
"500400";"5004"
"500410";"5005"
"500430";"5006"
"500440";"5008"
"500450";"5003"
"500460";"5006"
"500470";"5007"
"500480";"5006"
"500490";"5011"
"500500";"5005"
"500510";"5004"
"500515";"5006"
"500520";"5012"
"500525";"5009"
"500540";"5011"
"500560";"5001"
"500568";"5006"
"500570";"5006"
"500580";"5005"
"500600";"5003"
"500620";"5007"
"500625";"5007"
"500627";"5008"
"500630";"5008"
"500635";"5009"
"500640";"5002"
"500660";"5009"
"500690";"5005"
"500710";"5011"
"500720";"5003"
"500730";"5002"
"500740";"5002"
"500750";"5011"
"500755";"5010"
"500769";"5011"
"500770";"5009"
"500780";"5010"
"500790";"5011"
"500793";"5002"
"500795";"5009"
"500797";"5007"
"500800";"5011"
"500830";"5010"
"500840";"5004"
"510000";"5100"
"510010";"5190"
"510020";"5190"
"510025";"5190"
"510030";"5190"
"510035";"5190"
"510040";"5190"
"510050";"5190"
"510060";"5190"
"510080";"5190"
"510100";"5190"
"510120";"5190"
"510125";"5190"
"510130";"5190"
"510140";"5190"
"510160";"5190"
"510170";"5190"
"510180";"5190"
"510185";"5190"
"510190";"5190"
"510250";"5190"
"510260";"5190"
"510263";"5190"
"510267";"5190"
"510268";"5190"
"510269";"5190"
"510270";"5190"
"510279";"5190"
"510285";"5190"
"510300";"5190"
"510305";"5190"
"510310";"5190"
"510320";"5190"
"510325";"5190"
"510330";"5190"
"510335";"5190"
"510336";"5190"
"510337";"5190"
"510340";"5190"
"510343";"5190"
"510345";"5190"
"510350";"5190"
"510360";"5190"
"510370";"5190"
"510380";"5190"
"510385";"5190"
"510390";"5190"
"510395";"5190"
"510410";"5190"
"510420";"5190"
"510450";"5190"
"510452";"5190"
"510454";"5190"
"510455";"5190"
"510460";"5190"
"510480";"5190"
"510490";"5190"
"510500";"5190"
"510510";"5190"
"510515";"5190"
"510517";"5190"
"510520";"5190"
"510523";"5190"
"510525";"5190"
"510530";"5190"
"510550";"5190"
"510558";"5190"
"510560";"5190"
"510562";"5190"
"510590";"5190"
"510600";"5190"
"510610";"5190"
"510615";"5190"
"510617";"5190"
"510618";"5190"
"510619";"5190"
"510620";"5190"
"510621";"5190"
"510622";"5190"
"510623";"5190"
"510624";"5190"
"510625";"5190"
"510626";"5190"
"510627";"5190"
"510628";"5190"
"510629";"5190"
"510630";"5190"
"510631";"5190"
"510637";"5190"
"510642";"5190"
"510645";"5190"
"510650";"5190"
"510665";"5190"
"510670";"5190"
"510675";"5190"
"510677";"5190"
"510680";"5190"
"510682";"5190"
"510685";"5190"
"510700";"5190"
"510704";"5190"
"510706";"5190"
"510710";"5190"
"510715";"5190"
"510718";"5190"
"510719";"5190"
"510720";"5190"
"510724";"5190"
"510726";"5190"
"510729";"5190"
"510730";"5190"
"510735";"5190"
"510740";"5190"
"510757";"5190"
"510760";"5190"
"510770";"5190"
"510774";"5190"
"510775";"5190"
"510776";"5190"
"510777";"5190"
"510779";"5190"
"510780";"5190"
"510785";"5190"
"510787";"5190"
"510788";"5190"
"510790";"5190"
"510792";"5190"
"510794";"5190"
"510795";"5190"
"510800";"5190"
"510805";"5190"
"510810";"5190"
"510820";"5190"
"510830";"5190"
"510835";"5190"
"510840";"5190"
"510850";"5190"
"510860";"5190"
"510880";"5190"
"510885";"5190"
"510890";"5190"
"510895";"5190"
"520000";"5200"
"520005";"5290"
"520010";"5290"
"520013";"5290"
"520015";"5290"
"520017";"5290"
"520020";"5290"
"520025";"5290"
"520030";"5290"
"520040";"5298"
"520050";"5290"
"520055";"5290"
"520060";"5290"
"520070";"5298"
"520080";"5290"
"520082";"5290"
"520085";"5290"
"520090";"5290"
"520100";"5298"
"520110";"5290"
"520120";"5290"
"520130";"5290"
"520140";"5290"
"520145";"5290"
"520150";"5290"
"520160";"5290"
"520170";"5290"
"520180";"5290"
"520190";"5298"
"520200";"5298"
"520210";"5298"
"520215";"5290"
"520220";"5298"
"520230";"5298"
"520235";"5290"
"520240";"5298"
"520250";"5290"
"520255";"5298"
"520260";"5290"
"520270";"5298"
"520280";"5290"
"520290";"5298"
"520300";"5298"
"520310";"5290"
"520320";"5290"
"520330";"5290"
"520340";"5290"
"520350";"5290"
"520355";"5290"
"520357";"5290"
"520360";"5290"
"520370";"5298"
"520380";"5290"
"520390";"5290"
"520393";"5290"
"520396";"5290"
"520400";"5290"
"520410";"5290"
"520420";"5290"
"520425";"5290"
"520430";"5290"
"520440";"5290"
"520450";"5290"
"520455";"5290"
"520460";"5290"
"520465";"5290"
"520470";"5290"
"520480";"5290"
"520485";"5290"
"520490";"5290"
"520495";"5290"
"520500";"5290"
"520505";"5290"
"520510";"5290"
"520520";"5290"
"520530";"5290"
"520540";"5290"
"520545";"5290"
"520547";"5290"
"520549";"5290"
"520550";"5298"
"520551";"5290"
"520552";"5290"
"520560";"5298"
"520570";"5290"
"520580";"5290"
"520590";"5290"
"520600";"5298"
"520610";"5298"
"520620";"5290"
"520630";"5290"
"520640";"5290"
"520650";"5290"
"520660";"5290"
"520670";"5290"
"520680";"5290"
"520690";"5290"
"520700";"5298"
"520710";"5290"
"520720";"5298"
"520725";"5290"
"520730";"5298"
"520735";"5290"
"520740";"5290"
"520750";"5290"
"520753";"5290"
"520755";"5298"
"520760";"5290"
"520765";"5298"
"520770";"5298"
"520780";"5290"
"520790";"5290"
"520800";"5290"
"520810";"5290"
"520815";"5290"
"520820";"5298"
"520830";"5290"
"520840";"5290"
"520850";"5290"
"520860";"5290"
"520870";"5290"
"520880";"5290"
"520890";"5290"
"520900";"5298"
"520910";"5290"
"520915";"5290"
"520920";"5290"
"520929";"5290"
"520930";"5298"
"520940";"5290"
"520945";"5290"
"520950";"5298"
"520960";"5290"
"520970";"5290"
"520980";"5290"
"520990";"5290"
"520993";"5290"
"520995";"5290"
"521000";"5290"
"521010";"5290"
"521015";"5290"
"521020";"5290"
"521030";"5290"
"521040";"5290"
"521050";"5298"
"521056";"5290"
"521060";"5290"
"521070";"5298"
"521080";"5290"
"521090";"5290"
"521100";"5290"
"521110";"5298"
"521120";"5290"
"521130";"5290"
"521140";"5290"
"521150";"5290"
"521160";"5290"
"521170";"5290"
"521180";"5290"
"521190";"5290"
"521200";"5290"
"521205";"5290"
"521210";"5290"
"521220";"5290"
"521225";"5290"
"521230";"5290"
"521240";"5298"
"521250";"5290"
"521260";"5290"
"521270";"5290"
"521280";"5290"
"521290";"5290"
"521295";"5290"
"521300";"5290"
"521305";"5290"
"521308";"5290"
"521310";"5290"
"521320";"5298"
"521330";"5298"
"521340";"5290"
"521350";"5290"
"521360";"5298"
"521370";"5290"
"521375";"5290"
"521377";"5290"
"521380";"5290"
"521385";"5290"
"521390";"5290"
"521400";"5290"
"521405";"5290"
"521410";"5290"
"521420";"5298"
"521430";"5298"
"521440";"5290"
"521450";"5290"
"521460";"5290"
"521470";"5290"
"521480";"5290"
"521483";"5290"
"521486";"5290"
"521487";"5290"
"521488";"5298"
"521490";"5290"
"521500";"5290"
"521510";"5298"
"521520";"5290"
"521523";"5290"
"521525";"5290"
"521530";"5290"
"521540";"5290"
"521550";"5290"
"521560";"5290"
"521565";"5290"
"521570";"5290"
"521575";"5298"
"521580";"5290"
"521590";"5290"
"521600";"5290"
"521610";"5298"
"521620";"5298"
"521630";"5290"
"521640";"5290"
"521645";"5290"
"521650";"5298"
"521660";"5298"
"521670";"5298"
"521680";"5290"
"521690";"5290"
"521700";"5298"
"521710";"5290"
"521720";"5290"
"521730";"5290"
"521740";"5290"
"521750";"5298"
"521760";"5290"
"521770";"5290"
"521780";"5298"
"521790";"5298"
"521800";"5290"
"521805";"5290"
"521810";"5290"
"521820";"5298"
"521830";"5290"
"521839";"5290"
"521840";"5298"
"521850";"5290"
"521860";"5290"
"521870";"5290"
"521875";"5298"
"521878";"5290"
"521880";"5290"
"521890";"5290"
"521900";"5290"
"521910";"5290"
"521920";"5290"
"521925";"5290"
"521930";"5290"
"521935";"5290"
"521940";"5290"
"521945";"5290"
"521950";"5290"
"521960";"5290"
"521970";"5290"
"521971";"5290"
"521973";"5290"
"521975";"5290"
"521980";"5290"
"521990";"5290"
"522000";"5290"
"522005";"5290"
"522010";"5290"
"522015";"5290"
"522020";"5290"
"522026";"5290"
"522028";"5290"
"522030";"5298"
"522040";"5290"
"522045";"5290"
"522050";"5290"
"522060";"5290"
"522065";"5298"
"522068";"5290"
"522070";"5290"
"522080";"5298"
"522090";"5298"
"522100";"5290"
"522108";"5290"
"522110";"5298"
"522119";"5290"
"522120";"5298"
"522130";"5290"
"522140";"5290"
"522145";"5290"
"522150";"5290"
"522155";"5290"
"522157";"5290"
"522160";"5290"
"522170";"5290"
"522180";"5290"
"522185";"5290"
"522190";"5290"
"522200";"5290"
"522205";"5290"
"522208";"5298"
"522210";"5298"
"522220";"5290"
"522230";"5290"
"530010";"5390"
