"CO_MUNICIP";"CO_PNDR"
"000000";"900"
"110000";"911"
"110001";"911"
"110002";"911"
"110003";"911"
"110004";"911"
"110005";"911"
"110006";"911"
"110007";"911"
"110008";"911"
"110009";"911"
"110010";"911"
"110011";"911"
"110012";"911"
"110013";"911"
"110014";"911"
"110015";"911"
"110018";"911"
"110020";"911"
"110025";"911"
"110026";"911"
"110028";"911"
"110029";"911"
"110030";"911"
"110032";"911"
"110033";"911"
"110034";"911"
"110037";"911"
"110040";"911"
"110045";"911"
"110050";"911"
"110060";"911"
"110070";"911"
"110080";"911"
"110090";"911"
"110092";"911"
"110094";"911"
"110100";"911"
"110110";"911"
"110120";"911"
"110130";"911"
"110140";"911"
"110143";"911"
"110145";"911"
"110146";"911"
"110147";"911"
"110148";"911"
"110149";"911"
"110150";"911"
"110155";"911"
"110160";"911"
"110170";"911"
"110175";"911"
"110180";"911"
"120000";"912"
"120001";"010"
"120005";"010"
"120010";"010"
"120013";"010"
"120017";"010"
"120020";"912"
"120025";"010"
"120030";"912"
"120032";"912"
"120033";"912"
"120034";"912"
"120035";"912"
"120038";"010"
"120039";"912"
"120040";"010"
"120042";"912"
"120043";"912"
"120045";"010"
"120050";"912"
"120060";"912"
"120070";"010"
"120080";"010"
"130000";"913"
"130002";"913"
"130006";"002"
"130008";"913"
"130010";"913"
"130014";"913"
"130020";"002"
"130030";"913"
"130040";"913"
"130050";"913"
"130060";"002"
"130063";"913"
"130068";"913"
"130070";"010"
"130080";"913"
"130083";"913"
"130090";"913"
"130100";"913"
"130110";"913"
"130115";"913"
"130120";"913"
"130130";"913"
"130140";"913"
"130150";"913"
"130160";"002"
"130165";"913"
"130170";"913"
"130180";"913"
"130185";"913"
"130190";"913"
"130195";"913"
"130200";"913"
"130210";"913"
"130220";"913"
"130230";"002"
"130240";"913"
"130250";"913"
"130255";"913"
"130260";"913"
"130270";"913"
"130280";"913"
"130290";"913"
"130300";"913"
"130310";"913"
"130320";"913"
"130330";"913"
"130340";"913"
"130350";"010"
"130353";"913"
"130356";"913"
"130360";"913"
"130370";"002"
"130380";"913"
"130390";"002"
"130395";"913"
"130400";"913"
"130406";"002"
"130410";"913"
"130420";"913"
"130423";"002"
"130426";"913"
"130430";"913"
"130440";"913"
"140000";"914"
"140002";"914"
"140005";"914"
"140010";"914"
"140015";"914"
"140017";"914"
"140020";"914"
"140023";"914"
"140028";"914"
"140030";"914"
"140040";"914"
"140045";"914"
"140047";"914"
"140050";"914"
"140060";"914"
"140070";"914"
"150000";"915"
"150010";"915"
"150013";"006"
"150020";"915"
"150030";"915"
"150034";"006"
"150040";"915"
"150050";"915"
"150060";"003"
"150070";"915"
"150080";"915"
"150085";"003"
"150090";"915"
"150095";"915"
"150100";"915"
"150110";"915"
"150120";"915"
"150125";"915"
"150130";"915"
"150140";"915"
"150145";"915"
"150150";"915"
"150157";"006"
"150160";"915"
"150170";"915"
"150172";"003"
"150175";"006"
"150178";"915"
"150180";"915"
"150190";"915"
"150195";"915"
"150200";"915"
"150210";"915"
"150215";"006"
"150220";"915"
"150230";"915"
"150240";"915"
"150250";"915"
"150260";"915"
"150270";"006"
"150275";"915"
"150276";"915"
"150277";"006"
"150280";"915"
"150285";"915"
"150290";"915"
"150293";"915"
"150295";"006"
"150300";"915"
"150304";"006"
"150307";"915"
"150309";"915"
"150310";"915"
"150320";"915"
"150330";"915"
"150340";"915"
"150345";"915"
"150350";"915"
"150360";"915"
"150370";"006"
"150375";"915"
"150380";"006"
"150390";"915"
"150400";"915"
"150405";"915"
"150410";"915"
"150420";"006"
"150430";"915"
"150440";"915"
"150442";"915"
"150445";"003"
"150450";"915"
"150460";"915"
"150470";"915"
"150475";"915"
"150480";"915"
"150490";"915"
"150495";"915"
"150497";"006"
"150500";"915"
"150503";"915"
"150506";"915"
"150510";"915"
"150520";"915"
"150530";"915"
"150540";"915"
"150543";"915"
"150548";"003"
"150549";"006"
"150550";"915"
"150553";"006"
"150555";"006"
"150560";"915"
"150563";"006"
"150565";"003"
"150570";"915"
"150580";"915"
"150590";"003"
"150600";"915"
"150610";"915"
"150611";"915"
"150613";"006"
"150616";"006"
"150618";"006"
"150619";"915"
"150620";"915"
"150630";"915"
"150635";"915"
"150640";"915"
"150650";"915"
"150655";"915"
"150658";"915"
"150660";"915"
"150670";"915"
"150680";"915"
"150690";"915"
"150700";"915"
"150710";"915"
"150715";"006"
"150720";"915"
"150730";"915"
"150740";"915"
"150745";"006"
"150746";"915"
"150747";"915"
"150750";"006"
"150760";"915"
"150770";"915"
"150775";"006"
"150780";"003"
"150790";"915"
"150795";"915"
"150796";"915"
"150797";"915"
"150800";"915"
"150803";"915"
"150805";"915"
"150808";"915"
"150810";"915"
"150812";"915"
"150815";"003"
"150820";"915"
"150830";"915"
"150835";"003"
"150840";"006"
"160000";"916"
"160005";"916"
"160010";"916"
"160015";"916"
"160020";"916"
"160021";"916"
"160023";"916"
"160025";"916"
"160027";"916"
"160030";"916"
"160040";"916"
"160050";"916"
"160053";"916"
"160055";"916"
"160060";"916"
"160070";"916"
"160080";"916"
"170000";"917"
"170025";"917"
"170030";"006"
"170035";"917"
"170040";"917"
"170070";"917"
"170100";"006"
"170105";"006"
"170110";"917"
"170130";"917"
"170190";"917"
"170200";"917"
"170210";"917"
"170215";"917"
"170220";"006"
"170230";"917"
"170240";"917"
"170255";"006"
"170270";"917"
"170290";"006"
"170300";"917"
"170305";"917"
"170307";"917"
"170310";"917"
"170320";"917"
"170330";"917"
"170360";"917"
"170370";"917"
"170380";"006"
"170382";"006"
"170384";"917"
"170386";"917"
"170388";"917"
"170389";"006"
"170390";"917"
"170410";"917"
"170460";"917"
"170510";"917"
"170550";"917"
"170555";"917"
"170560";"917"
"170600";"917"
"170610";"917"
"170625";"917"
"170650";"006"
"170700";"917"
"170710";"917"
"170720";"917"
"170730";"917"
"170740";"006"
"170755";"917"
"170765";"917"
"170770";"917"
"170820";"917"
"170825";"917"
"170830";"917"
"170900";"917"
"170930";"917"
"170950";"917"
"170980";"917"
"171050";"917"
"171070";"006"
"171090";"917"
"171110";"917"
"171150";"917"
"171180";"917"
"171190";"917"
"171195";"005"
"171200";"917"
"171215";"917"
"171240";"005"
"171245";"006"
"171250";"917"
"171270";"005"
"171280";"006"
"171320";"917"
"171330";"917"
"171360";"917"
"171370";"917"
"171380";"006"
"171395";"917"
"171420";"917"
"171430";"006"
"171488";"917"
"171500";"917"
"171510";"005"
"171515";"917"
"171525";"917"
"171550";"917"
"171570";"917"
"171575";"917"
"171610";"917"
"171620";"917"
"171630";"917"
"171650";"917"
"171660";"917"
"171665";"917"
"171670";"917"
"171700";"917"
"171720";"917"
"171750";"917"
"171780";"917"
"171790";"005"
"171800";"917"
"171820";"917"
"171830";"006"
"171840";"917"
"171845";"917"
"171850";"917"
"171855";"006"
"171865";"917"
"171870";"917"
"171875";"005"
"171880";"006"
"171884";"917"
"171886";"917"
"171888";"917"
"171889";"917"
"171890";"917"
"171900";"005"
"172000";"006"
"172010";"006"
"172015";"005"
"172020";"006"
"172025";"917"
"172030";"006"
"172049";"917"
"172065";"917"
"172080";"006"
"172085";"917"
"172090";"917"
"172093";"917"
"172097";"917"
"172100";"917"
"172110";"917"
"172120";"006"
"172125";"917"
"172130";"917"
"172208";"917"
"172210";"917"
"200010";"926"
"210000";"921"
"210005";"006"
"210010";"921"
"210015";"921"
"210020";"921"
"210030";"921"
"210040";"921"
"210043";"921"
"210047";"921"
"210050";"005"
"210055";"921"
"210060";"006"
"210070";"921"
"210080";"921"
"210083";"921"
"210087";"921"
"210090";"921"
"210095";"921"
"210100";"921"
"210110";"921"
"210120";"921"
"210125";"921"
"210130";"921"
"210135";"921"
"210140";"921"
"210150";"921"
"210160";"921"
"210170";"921"
"210173";"921"
"210177";"921"
"210180";"005"
"210190";"921"
"210193";"921"
"210197";"921"
"210200";"921"
"210203";"921"
"210207";"921"
"210210";"921"
"210215";"921"
"210220";"921"
"210230";"921"
"210232";"921"
"210235";"006"
"210237";"921"
"210240";"921"
"210250";"921"
"210255";"921"
"210260";"921"
"210270";"921"
"210275";"921"
"210280";"921"
"210290";"921"
"210300";"921"
"210310";"921"
"210312";"921"
"210315";"921"
"210317";"921"
"210320";"921"
"210325";"006"
"210330";"921"
"210340";"921"
"210350";"921"
"210355";"921"
"210360";"921"
"210370";"921"
"210375";"006"
"210380";"921"
"210390";"921"
"210400";"921"
"210405";"921"
"210407";"921"
"210408";"921"
"210409";"921"
"210410";"921"
"210420";"921"
"210430";"921"
"210440";"921"
"210450";"921"
"210455";"006"
"210460";"921"
"210462";"921"
"210465";"921"
"210467";"921"
"210470";"921"
"210480";"921"
"210490";"921"
"210500";"921"
"210510";"921"
"210515";"921"
"210520";"921"
"210530";"006"
"210535";"921"
"210540";"921"
"210542";"006"
"210545";"921"
"210547";"921"
"210550";"006"
"210560";"921"
"210565";"921"
"210570";"921"
"210580";"921"
"210590";"921"
"210592";"921"
"210594";"921"
"210596";"921"
"210598";"006"
"210600";"921"
"210610";"005"
"210620";"921"
"210630";"921"
"210632";"921"
"210635";"921"
"210637";"921"
"210640";"921"
"210650";"921"
"210660";"921"
"210663";"921"
"210667";"921"
"210670";"921"
"210675";"921"
"210680";"921"
"210690";"921"
"210700";"006"
"210710";"921"
"210720";"921"
"210725";"921"
"210730";"921"
"210735";"921"
"210740";"921"
"210745";"921"
"210750";"921"
"210760";"921"
"210770";"921"
"210780";"921"
"210790";"921"
"210800";"921"
"210805";"921"
"210810";"921"
"210820";"921"
"210825";"921"
"210830";"921"
"210840";"921"
"210845";"921"
"210850";"921"
"210860";"921"
"210870";"921"
"210880";"921"
"210890";"921"
"210900";"921"
"210905";"921"
"210910";"921"
"210920";"921"
"210923";"921"
"210927";"921"
"210930";"921"
"210940";"921"
"210945";"921"
"210950";"921"
"210955";"006"
"210960";"921"
"210970";"005"
"210975";"921"
"210980";"921"
"210990";"921"
"211000";"921"
"211003";"921"
"211010";"921"
"211020";"921"
"211023";"921"
"211027";"921"
"211030";"921"
"211040";"921"
"211050";"921"
"211060";"921"
"211065";"005"
"211070";"921"
"211080";"005"
"211085";"006"
"211090";"921"
"211100";"921"
"211102";"921"
"211105";"921"
"211107";"921"
"211110";"921"
"211120";"921"
"211125";"921"
"211130";"921"
"211140";"921"
"211150";"921"
"211153";"006"
"211157";"921"
"211160";"921"
"211163";"921"
"211167";"921"
"211170";"921"
"211172";"921"
"211174";"921"
"211176";"006"
"211178";"921"
"211180";"921"
"211190";"921"
"211195";"921"
"211200";"005"
"211210";"921"
"211220";"921"
"211223";"921"
"211227";"921"
"211230";"921"
"211240";"921"
"211245";"921"
"211250";"921"
"211260";"921"
"211270";"921"
"211280";"921"
"211285";"006"
"211290";"921"
"211300";"921"
"211400";"921"
"220000";"922"
"220005";"004"
"220010";"922"
"220020";"922"
"220025";"004"
"220027";"004"
"220030";"922"
"220040";"922"
"220045";"005"
"220050";"922"
"220060";"922"
"220070";"922"
"220080";"005"
"220090";"922"
"220095";"004"
"220100";"922"
"220105";"922"
"220110";"005"
"220115";"005"
"220117";"922"
"220120";"922"
"220130";"005"
"220140";"922"
"220150";"922"
"220155";"004"
"220157";"004"
"220160";"922"
"220170";"005"
"220173";"004"
"220177";"922"
"220180";"004"
"220190";"005"
"220191";"922"
"220192";"922"
"220194";"922"
"220196";"922"
"220198";"922"
"220200";"922"
"220202";"922"
"220205";"922"
"220207";"922"
"220208";"922"
"220209";"004"
"220210";"004"
"220211";"004"
"220213";"004"
"220217";"922"
"220220";"922"
"220225";"005"
"220230";"922"
"220240";"922"
"220245";"004"
"220250";"922"
"220253";"922"
"220255";"004"
"220260";"922"
"220265";"922"
"220270";"922"
"220271";"922"
"220272";"922"
"220273";"922"
"220275";"005"
"220277";"922"
"220280";"004"
"220285";"922"
"220290";"005"
"220300";"005"
"220310";"005"
"220320";"005"
"220323";"005"
"220325";"922"
"220327";"004"
"220330";"922"
"220335";"922"
"220340";"004"
"220342";"922"
"220345";"922"
"220350";"922"
"220360";"005"
"220370";"922"
"220375";"922"
"220380";"922"
"220385";"004"
"220390";"005"
"220400";"922"
"220410";"922"
"220415";"004"
"220420";"004"
"220430";"004"
"220435";"004"
"220440";"005"
"220450";"005"
"220455";"922"
"220460";"922"
"220465";"922"
"220470";"922"
"220480";"922"
"220490";"004"
"220500";"004"
"220510";"005"
"220515";"004"
"220520";"004"
"220525";"922"
"220527";"922"
"220530";"005"
"220535";"004"
"220540";"922"
"220545";"922"
"220550";"922"
"220551";"922"
"220552";"005"
"220553";"922"
"220554";"922"
"220555";"922"
"220556";"004"
"220557";"922"
"220558";"922"
"220559";"922"
"220560";"005"
"220570";"922"
"220580";"922"
"220585";"922"
"220590";"005"
"220595";"004"
"220600";"005"
"220605";"004"
"220610";"922"
"220620";"922"
"220630";"922"
"220635";"922"
"220640";"922"
"220650";"004"
"220660";"005"
"220665";"005"
"220667";"922"
"220669";"922"
"220670";"922"
"220672";"922"
"220675";"922"
"220680";"922"
"220690";"922"
"220695";"922"
"220700";"922"
"220710";"922"
"220720";"004"
"220730";"004"
"220735";"922"
"220740";"005"
"220750";"922"
"220755";"004"
"220760";"005"
"220770";"922"
"220775";"922"
"220777";"004"
"220779";"922"
"220780";"004"
"220785";"005"
"220790";"922"
"220793";"004"
"220795";"004"
"220800";"004"
"220810";"922"
"220820";"004"
"220830";"922"
"220840";"922"
"220850";"922"
"220855";"005"
"220860";"922"
"220865";"004"
"220870";"005"
"220880";"922"
"220885";"005"
"220887";"004"
"220890";"005"
"220900";"922"
"220910";"004"
"220915";"922"
"220920";"005"
"220930";"005"
"220935";"004"
"220937";"922"
"220940";"004"
"220945";"922"
"220950";"004"
"220955";"922"
"220960";"922"
"220965";"004"
"220970";"922"
"220975";"005"
"220980";"922"
"220985";"004"
"220987";"922"
"220990";"922"
"220995";"004"
"220997";"922"
"221000";"004"
"221005";"922"
"221010";"922"
"221020";"004"
"221030";"004"
"221035";"922"
"221037";"004"
"221038";"922"
"221039";"922"
"221040";"922"
"221050";"922"
"221060";"922"
"221062";"005"
"221063";"005"
"221065";"922"
"221070";"004"
"221080";"004"
"221090";"004"
"221093";"004"
"221095";"922"
"221097";"922"
"221100";"922"
"221110";"922"
"221120";"005"
"221130";"922"
"221135";"922"
"221140";"922"
"221150";"004"
"221160";"004"
"221170";"004"
"230000";"923"
"230010";"004"
"230015";"923"
"230020";"923"
"230030";"923"
"230040";"923"
"230050";"923"
"230060";"004"
"230070";"923"
"230075";"923"
"230080";"923"
"230090";"923"
"230100";"923"
"230110";"923"
"230120";"923"
"230125";"923"
"230130";"004"
"230140";"923"
"230150";"923"
"230160";"004"
"230170";"004"
"230180";"923"
"230185";"923"
"230190";"004"
"230195";"923"
"230200";"004"
"230205";"923"
"230210";"923"
"230220";"923"
"230230";"923"
"230240";"923"
"230250";"004"
"230260";"923"
"230270";"004"
"230280";"923"
"230290";"923"
"230300";"923"
"230310";"923"
"230320";"004"
"230330";"923"
"230340";"923"
"230350";"923"
"230360";"923"
"230365";"923"
"230370";"923"
"230380";"923"
"230390";"923"
"230393";"923"
"230395";"923"
"230400";"923"
"230410";"923"
"230420";"004"
"230423";"923"
"230425";"923"
"230426";"923"
"230427";"923"
"230428";"923"
"230430";"004"
"230435";"923"
"230440";"923"
"230445";"923"
"230450";"923"
"230460";"923"
"230465";"923"
"230470";"923"
"230480";"004"
"230490";"923"
"230495";"923"
"230500";"923"
"230510";"923"
"230520";"923"
"230523";"923"
"230526";"923"
"230530";"923"
"230533";"923"
"230535";"923"
"230540";"923"
"230550";"923"
"230560";"923"
"230565";"923"
"230570";"923"
"230580";"923"
"230590";"923"
"230600";"923"
"230610";"923"
"230620";"923"
"230625";"923"
"230630";"923"
"230640";"923"
"230650";"923"
"230655";"923"
"230660";"923"
"230670";"923"
"230680";"923"
"230690";"923"
"230700";"923"
"230710";"004"
"230720";"004"
"230725";"923"
"230730";"004"
"230740";"923"
"230750";"923"
"230760";"923"
"230763";"923"
"230765";"923"
"230770";"923"
"230780";"923"
"230790";"923"
"230800";"923"
"230810";"004"
"230820";"923"
"230830";"004"
"230835";"923"
"230837";"923"
"230840";"004"
"230850";"923"
"230860";"923"
"230870";"923"
"230880";"923"
"230890";"923"
"230900";"923"
"230910";"923"
"230920";"004"
"230930";"923"
"230940";"923"
"230945";"923"
"230950";"923"
"230960";"923"
"230970";"923"
"230980";"923"
"230990";"923"
"231000";"923"
"231010";"923"
"231020";"923"
"231025";"923"
"231030";"923"
"231040";"923"
"231050";"923"
"231060";"004"
"231070";"923"
"231080";"923"
"231085";"923"
"231090";"923"
"231095";"923"
"231100";"923"
"231110";"004"
"231120";"004"
"231123";"923"
"231126";"923"
"231130";"923"
"231135";"923"
"231140";"923"
"231150";"923"
"231160";"923"
"231170";"923"
"231180";"923"
"231190";"923"
"231195";"004"
"231200";"923"
"231210";"004"
"231220";"923"
"231230";"923"
"231240";"923"
"231250";"923"
"231260";"923"
"231270";"923"
"231280";"923"
"231290";"923"
"231300";"923"
"231310";"923"
"231320";"923"
"231325";"923"
"231330";"923"
"231335";"923"
"231340";"923"
"231350";"923"
"231355";"923"
"231360";"923"
"231370";"923"
"231375";"923"
"231380";"923"
"231390";"923"
"231395";"923"
"231400";"923"
"231410";"923"
"240000";"924"
"240010";"014"
"240020";"924"
"240030";"924"
"240040";"924"
"240050";"924"
"240060";"924"
"240070";"924"
"240080";"924"
"240090";"924"
"240100";"924"
"240110";"924"
"240120";"924"
"240130";"014"
"240140";"924"
"240145";"924"
"240150";"924"
"240160";"924"
"240165";"014"
"240170";"924"
"240180";"924"
"240185";"924"
"240190";"924"
"240200";"014"
"240210";"924"
"240220";"924"
"240230";"924"
"240240";"014"
"240250";"924"
"240260";"924"
"240270";"014"
"240280";"924"
"240290";"924"
"240300";"014"
"240310";"014"
"240320";"924"
"240325";"924"
"240330";"924"
"240340";"014"
"240350";"924"
"240360";"924"
"240370";"924"
"240375";"924"
"240380";"014"
"240390";"924"
"240400";"924"
"240410";"924"
"240420";"924"
"240430";"924"
"240440";"924"
"240450";"924"
"240460";"924"
"240470";"924"
"240480";"014"
"240485";"924"
"240490";"924"
"240500";"924"
"240510";"924"
"240520";"924"
"240530";"924"
"240540";"924"
"240550";"924"
"240560";"014"
"240570";"014"
"240580";"924"
"240590";"924"
"240600";"924"
"240610";"014"
"240615";"924"
"240620";"924"
"240630";"924"
"240640";"924"
"240650";"014"
"240660";"924"
"240670";"924"
"240680";"924"
"240690";"924"
"240700";"924"
"240710";"924"
"240720";"924"
"240725";"924"
"240730";"924"
"240740";"924"
"240750";"924"
"240760";"924"
"240770";"924"
"240780";"924"
"240790";"924"
"240800";"924"
"240810";"924"
"240820";"924"
"240830";"924"
"240840";"924"
"240850";"014"
"240860";"924"
"240870";"924"
"240880";"924"
"240890";"014"
"240895";"924"
"240910";"924"
"240920";"924"
"240930";"924"
"240933";"924"
"240940";"924"
"240950";"924"
"240960";"924"
"240970";"924"
"240980";"924"
"240990";"924"
"241000";"924"
"241010";"924"
"241020";"924"
"241025";"924"
"241030";"924"
"241040";"924"
"241050";"924"
"241060";"924"
"241070";"924"
"241080";"924"
"241090";"924"
"241100";"924"
"241105";"924"
"241110";"924"
"241120";"924"
"241140";"014"
"241142";"014"
"241150";"924"
"241160";"924"
"241170";"924"
"241180";"014"
"241190";"924"
"241200";"924"
"241210";"014"
"241220";"924"
"241230";"924"
"241240";"014"
"241250";"924"
"241255";"924"
"241260";"924"
"241270";"924"
"241280";"924"
"241290";"014"
"241300";"014"
"241310";"924"
"241320";"924"
"241330";"924"
"241335";"924"
"241340";"014"
"241350";"924"
"241355";"924"
"241360";"924"
"241370";"924"
"241380";"924"
"241390";"924"
"241400";"924"
"241410";"924"
"241415";"014"
"241420";"924"
"241430";"014"
"241440";"924"
"241445";"014"
"241450";"924"
"241460";"924"
"241470";"924"
"241475";"924"
"241480";"924"
"241490";"924"
"241500";"924"
"250000";"925"
"250010";"925"
"250020";"925"
"250030";"925"
"250040";"925"
"250050";"925"
"250053";"925"
"250057";"014"
"250060";"925"
"250070";"925"
"250073";"925"
"250077";"925"
"250080";"925"
"250090";"014"
"250100";"925"
"250110";"925"
"250115";"925"
"250120";"925"
"250130";"925"
"250135";"925"
"250140";"925"
"250150";"925"
"250153";"014"
"250157";"925"
"250160";"014"
"250170";"925"
"250180";"925"
"250190";"925"
"250200";"925"
"250205";"925"
"250210";"925"
"250215";"925"
"250220";"925"
"250230";"925"
"250240";"925"
"250250";"925"
"250260";"925"
"250270";"925"
"250280";"925"
"250290";"925"
"250300";"925"
"250310";"925"
"250320";"925"
"250330";"925"
"250340";"925"
"250350";"925"
"250355";"925"
"250360";"925"
"250370";"925"
"250375";"925"
"250380";"925"
"250390";"925"
"250400";"925"
"250403";"925"
"250407";"925"
"250410";"925"
"250415";"925"
"250420";"925"
"250430";"925"
"250435";"925"
"250440";"925"
"250450";"925"
"250460";"925"
"250470";"925"
"250480";"925"
"250485";"925"
"250490";"925"
"250500";"014"
"250510";"014"
"250520";"925"
"250523";"925"
"250527";"925"
"250530";"925"
"250535";"014"
"250540";"925"
"250550";"925"
"250560";"925"
"250570";"925"
"250580";"925"
"250590";"925"
"250600";"925"
"250610";"925"
"250620";"014"
"250625";"925"
"250630";"925"
"250640";"925"
"250650";"925"
"250660";"925"
"250670";"925"
"250680";"925"
"250690";"925"
"250700";"925"
"250710";"925"
"250720";"925"
"250730";"925"
"250740";"925"
"250750";"925"
"250760";"925"
"250770";"014"
"250780";"014"
"250790";"925"
"250800";"925"
"250810";"925"
"250820";"925"
"250830";"925"
"250840";"925"
"250850";"925"
"250855";"925"
"250860";"925"
"250870";"925"
"250880";"925"
"250890";"925"
"250900";"925"
"250905";"925"
"250910";"925"
"250915";"925"
"250920";"925"
"250930";"925"
"250933";"925"
"250937";"925"
"250939";"925"
"250940";"925"
"250950";"925"
"250960";"925"
"250970";"925"
"250980";"925"
"250990";"925"
"251000";"925"
"251010";"014"
"251020";"925"
"251030";"014"
"251040";"925"
"251050";"014"
"251060";"925"
"251065";"925"
"251070";"925"
"251080";"925"
"251090";"925"
"251100";"925"
"251110";"014"
"251120";"925"
"251130";"925"
"251140";"014"
"251150";"925"
"251160";"925"
"251170";"925"
"251180";"925"
"251190";"925"
"251200";"014"
"251203";"925"
"251207";"925"
"251210";"925"
"251220";"925"
"251230";"925"
"251240";"925"
"251250";"925"
"251260";"925"
"251270";"014"
"251272";"925"
"251274";"925"
"251275";"925"
"251276";"925"
"251278";"925"
"251280";"925"
"251290";"925"
"251300";"014"
"251310";"925"
"251315";"925"
"251320";"925"
"251330";"925"
"251335";"925"
"251340";"014"
"251350";"925"
"251360";"925"
"251365";"925"
"251370";"925"
"251380";"925"
"251385";"925"
"251390";"925"
"251392";"925"
"251394";"925"
"251396";"925"
"251398";"925"
"251400";"925"
"251410";"925"
"251420";"925"
"251430";"925"
"251440";"925"
"251445";"925"
"251450";"925"
"251455";"925"
"251460";"925"
"251465";"925"
"251470";"014"
"251480";"925"
"251490";"014"
"251500";"925"
"251510";"925"
"251520";"925"
"251530";"925"
"251540";"014"
"251550";"925"
"251560";"925"
"251570";"925"
"251580";"925"
"251590";"925"
"251593";"925"
"251597";"925"
"251600";"925"
"251610";"014"
"251615";"014"
"251620";"925"
"251630";"925"
"251640";"925"
"251650";"925"
"251660";"925"
"251670";"925"
"251675";"014"
"251680";"925"
"251690";"925"
"251700";"925"
"251710";"014"
"251720";"925"
"251740";"925"
"260000";"926"
"260005";"926"
"260010";"926"
"260020";"926"
"260030";"926"
"260040";"926"
"260050";"926"
"260060";"926"
"260070";"926"
"260080";"926"
"260090";"926"
"260100";"926"
"260105";"926"
"260110";"004"
"260120";"926"
"260130";"926"
"260140";"926"
"260150";"926"
"260160";"011"
"260170";"926"
"260180";"926"
"260190";"926"
"260200";"004"
"260210";"926"
"260220";"926"
"260230";"926"
"260240";"926"
"260250";"926"
"260260";"926"
"260270";"926"
"260280";"926"
"260290";"926"
"260300";"011"
"260310";"926"
"260320";"926"
"260330";"926"
"260340";"926"
"260345";"926"
"260350";"926"
"260360";"926"
"260370";"926"
"260380";"926"
"260390";"926"
"260392";"011"
"260400";"926"
"260410";"926"
"260415";"926"
"260420";"926"
"260430";"004"
"260440";"926"
"260450";"926"
"260460";"926"
"260470";"926"
"260480";"926"
"260490";"926"
"260500";"926"
"260510";"926"
"260515";"926"
"260520";"926"
"260530";"004"
"260540";"926"
"260545";"926"
"260550";"926"
"260560";"926"
"260570";"011"
"260580";"926"
"260590";"926"
"260600";"926"
"260610";"926"
"260620";"926"
"260630";"004"
"260640";"926"
"260650";"926"
"260660";"926"
"260670";"926"
"260680";"926"
"260690";"926"
"260700";"926"
"260710";"926"
"260720";"926"
"260730";"004"
"260740";"011"
"260750";"926"
"260760";"926"
"260765";"926"
"260770";"926"
"260775";"926"
"260780";"926"
"260790";"926"
"260795";"926"
"260800";"926"
"260805";"011"
"260810";"926"
"260820";"926"
"260825";"926"
"260830";"926"
"260840";"926"
"260845";"926"
"260850";"926"
"260860";"926"
"260870";"926"
"260875";"926"
"260880";"926"
"260890";"926"
"260900";"926"
"260910";"926"
"260915";"926"
"260920";"926"
"260930";"004"
"260940";"926"
"260950";"926"
"260960";"926"
"260970";"926"
"260980";"926"
"260990";"004"
"261000";"926"
"261010";"926"
"261020";"926"
"261030";"926"
"261040";"004"
"261050";"926"
"261060";"926"
"261070";"926"
"261080";"926"
"261090";"926"
"261100";"011"
"261110";"926"
"261120";"926"
"261130";"926"
"261140";"926"
"261150";"926"
"261153";"926"
"261160";"926"
"261170";"926"
"261180";"926"
"261190";"926"
"261200";"926"
"261210";"926"
"261220";"004"
"261230";"926"
"261240";"926"
"261245";"004"
"261247";"926"
"261250";"926"
"261255";"004"
"261260";"926"
"261270";"926"
"261280";"926"
"261290";"926"
"261300";"926"
"261310";"926"
"261320";"926"
"261330";"926"
"261340";"926"
"261350";"004"
"261360";"926"
"261370";"926"
"261380";"926"
"261390";"011"
"261400";"004"
"261410";"926"
"261420";"926"
"261430";"004"
"261440";"926"
"261450";"926"
"261460";"926"
"261470";"926"
"261480";"011"
"261485";"926"
"261500";"926"
"261510";"926"
"261520";"004"
"261530";"926"
"261540";"926"
"261550";"926"
"261560";"004"
"261570";"926"
"261580";"926"
"261590";"926"
"261600";"926"
"261610";"004"
"261618";"926"
"261620";"926"
"261630";"926"
"261640";"926"
"261650";"926"
"270000";"927"
"270010";"011"
"270020";"927"
"270030";"927"
"270040";"927"
"270050";"927"
"270060";"927"
"270070";"927"
"270080";"927"
"270090";"927"
"270100";"927"
"270110";"927"
"270120";"927"
"270130";"927"
"270135";"927"
"270140";"927"
"270150";"927"
"270160";"011"
"270170";"927"
"270180";"011"
"270190";"927"
"270200";"927"
"270210";"927"
"270220";"927"
"270230";"927"
"270235";"927"
"270240";"011"
"270250";"011"
"270255";"927"
"270260";"927"
"270270";"927"
"270280";"927"
"270290";"927"
"270300";"927"
"270310";"927"
"270320";"927"
"270330";"011"
"270340";"927"
"270350";"927"
"270360";"927"
"270370";"927"
"270375";"927"
"270380";"927"
"270390";"927"
"270400";"927"
"270410";"927"
"270420";"927"
"270430";"927"
"270440";"927"
"270450";"927"
"270460";"011"
"270470";"927"
"270480";"927"
"270490";"927"
"270500";"011"
"270510";"927"
"270520";"927"
"270530";"927"
"270540";"927"
"270550";"927"
"270560";"927"
"270570";"927"
"270580";"011"
"270590";"927"
"270600";"927"
"270610";"011"
"270620";"011"
"270630";"927"
"270640";"011"
"270642";"011"
"270644";"927"
"270650";"927"
"270660";"927"
"270670";"927"
"270680";"927"
"270690";"927"
"270700";"927"
"270710";"011"
"270720";"011"
"270730";"927"
"270740";"927"
"270750";"927"
"270760";"927"
"270770";"927"
"270780";"927"
"270790";"927"
"270800";"011"
"270810";"927"
"270820";"927"
"270830";"927"
"270840";"011"
"270850";"927"
"270860";"927"
"270870";"927"
"270880";"927"
"270890";"927"
"270895";"011"
"270900";"927"
"270910";"927"
"270915";"927"
"270920";"927"
"270930";"927"
"270940";"927"
"280000";"928"
"280010";"928"
"280020";"928"
"280030";"928"
"280040";"928"
"280050";"928"
"280060";"928"
"280067";"928"
"280070";"928"
"280100";"928"
"280110";"928"
"280120";"011"
"280130";"928"
"280140";"011"
"280150";"928"
"280160";"928"
"280170";"928"
"280190";"928"
"280200";"928"
"280210";"928"
"280220";"011"
"280230";"011"
"280240";"011"
"280250";"928"
"280260";"011"
"280270";"928"
"280280";"928"
"280290";"928"
"280300";"928"
"280310";"011"
"280320";"928"
"280330";"928"
"280340";"928"
"280350";"928"
"280360";"928"
"280370";"928"
"280380";"928"
"280390";"928"
"280400";"928"
"280410";"928"
"280420";"011"
"280430";"928"
"280440";"928"
"280445";"011"
"280450";"011"
"280460";"928"
"280470";"928"
"280480";"928"
"280490";"928"
"280500";"011"
"280510";"928"
"280520";"011"
"280530";"928"
"280540";"011"
"280550";"011"
"280560";"011"
"280570";"928"
"280580";"928"
"280590";"928"
"280600";"011"
"280610";"928"
"280620";"928"
"280630";"928"
"280640";"928"
"280650";"928"
"280660";"928"
"280670";"928"
"280680";"928"
"280690";"928"
"280700";"928"
"280710";"011"
"280720";"928"
"280730";"928"
"280740";"011"
"280750";"928"
"280760";"928"
"290000";"929"
"290010";"929"
"290020";"011"
"290030";"929"
"290035";"011"
"290040";"929"
"290050";"929"
"290060";"929"
"290070";"929"
"290080";"008"
"290090";"929"
"290100";"929"
"290110";"929"
"290115";"929"
"290120";"929"
"290130";"929"
"290135";"929"
"290140";"929"
"290150";"929"
"290160";"011"
"290170";"929"
"290180";"929"
"290190";"929"
"290195";"929"
"290200";"929"
"290205";"929"
"290210";"929"
"290220";"929"
"290225";"929"
"290230";"929"
"290240";"929"
"290250";"929"
"290260";"929"
"290265";"011"
"290270";"929"
"290280";"929"
"290290";"929"
"290300";"929"
"290310";"929"
"290320";"929"
"290323";"929"
"290327";"929"
"290330";"929"
"290340";"008"
"290350";"929"
"290360";"929"
"290370";"929"
"290380";"929"
"290390";"929"
"290395";"929"
"290400";"929"
"290405";"929"
"290410";"929"
"290420";"929"
"290430";"929"
"290440";"929"
"290450";"929"
"290460";"929"
"290470";"929"
"290475";"929"
"290480";"929"
"290485";"929"
"290490";"929"
"290500";"929"
"290510";"929"
"290515";"929"
"290520";"929"
"290530";"929"
"290540";"929"
"290550";"929"
"290560";"929"
"290570";"929"
"290580";"929"
"290590";"929"
"290600";"929"
"290610";"929"
"290620";"929"
"290630";"929"
"290640";"929"
"290650";"929"
"290660";"929"
"290670";"929"
"290680";"011"
"290682";"011"
"290685";"929"
"290687";"929"
"290689";"929"
"290690";"008"
"290700";"929"
"290710";"929"
"290720";"929"
"290730";"929"
"290740";"929"
"290750";"929"
"290755";"929"
"290760";"929"
"290770";"011"
"290780";"011"
"290790";"011"
"290800";"929"
"290810";"929"
"290820";"929"
"290830";"929"
"290840";"929"
"290850";"929"
"290860";"929"
"290870";"929"
"290880";"929"
"290890";"929"
"290900";"929"
"290910";"929"
"290920";"011"
"290930";"929"
"290940";"929"
"290950";"929"
"290960";"929"
"290970";"929"
"290980";"929"
"290990";"929"
"291000";"929"
"291005";"929"
"291010";"929"
"291020";"929"
"291030";"929"
"291040";"929"
"291050";"929"
"291060";"929"
"291070";"011"
"291072";"008"
"291075";"011"
"291077";"929"
"291080";"929"
"291085";"929"
"291090";"929"
"291100";"929"
"291110";"929"
"291120";"929"
"291125";"929"
"291130";"929"
"291140";"011"
"291150";"929"
"291160";"929"
"291165";"929"
"291170";"929"
"291180";"008"
"291185";"011"
"291190";"929"
"291200";"929"
"291210";"929"
"291220";"929"
"291230";"929"
"291240";"929"
"291250";"929"
"291260";"929"
"291270";"929"
"291280";"008"
"291290";"929"
"291300";"929"
"291310";"929"
"291320";"929"
"291330";"929"
"291340";"929"
"291345";"929"
"291350";"929"
"291360";"929"
"291370";"929"
"291380";"929"
"291390";"929"
"291400";"929"
"291410";"929"
"291420";"929"
"291430";"929"
"291440";"929"
"291450";"929"
"291460";"929"
"291465";"008"
"291470";"929"
"291480";"929"
"291490";"929"
"291500";"929"
"291510";"929"
"291520";"929"
"291530";"008"
"291535";"929"
"291540";"929"
"291550";"929"
"291560";"008"
"291570";"929"
"291580";"929"
"291590";"929"
"291600";"008"
"291610";"929"
"291620";"929"
"291630";"008"
"291640";"929"
"291650";"011"
"291660";"929"
"291670";"929"
"291680";"929"
"291685";"929"
"291690";"929"
"291700";"929"
"291710";"929"
"291720";"929"
"291730";"929"
"291733";"929"
"291735";"929"
"291740";"929"
"291750";"929"
"291760";"929"
"291770";"929"
"291780";"929"
"291790";"929"
"291800";"929"
"291810";"011"
"291820";"929"
"291830";"929"
"291835";"929"
"291840";"929"
"291845";"008"
"291850";"929"
"291855";"929"
"291860";"929"
"291870";"929"
"291875";"929"
"291880";"929"
"291890";"008"
"291900";"929"
"291905";"929"
"291910";"929"
"291915";"929"
"291920";"929"
"291930";"929"
"291940";"929"
"291950";"929"
"291955";"929"
"291960";"929"
"291970";"929"
"291980";"929"
"291990";"011"
"291992";"929"
"291995";"929"
"292000";"929"
"292010";"929"
"292020";"929"
"292030";"929"
"292040";"929"
"292045";"929"
"292050";"929"
"292060";"929"
"292070";"929"
"292080";"929"
"292090";"929"
"292100";"929"
"292105";"929"
"292110";"008"
"292120";"929"
"292130";"929"
"292140";"929"
"292145";"929"
"292150";"011"
"292160";"929"
"292170";"929"
"292180";"929"
"292190";"929"
"292200";"008"
"292205";"929"
"292210";"929"
"292220";"929"
"292225";"929"
"292230";"929"
"292240";"929"
"292250";"929"
"292260";"929"
"292265";"011"
"292270";"929"
"292273";"929"
"292275";"929"
"292280";"929"
"292285";"929"
"292290";"011"
"292300";"008"
"292303";"929"
"292305";"011"
"292310";"011"
"292320";"929"
"292330";"929"
"292335";"929"
"292340";"929"
"292350";"929"
"292360";"929"
"292370";"929"
"292380";"011"
"292390";"929"
"292400";"011"
"292405";"929"
"292410";"929"
"292420";"011"
"292430";"929"
"292440";"929"
"292450";"929"
"292460";"929"
"292465";"929"
"292467";"929"
"292470";"929"
"292480";"929"
"292490";"929"
"292500";"929"
"292510";"929"
"292520";"929"
"292525";"929"
"292530";"008"
"292540";"929"
"292550";"008"
"292560";"929"
"292570";"929"
"292575";"929"
"292580";"011"
"292590";"011"
"292593";"929"
"292595";"929"
"292600";"929"
"292610";"929"
"292620";"929"
"292630";"929"
"292640";"929"
"292650";"011"
"292660";"011"
"292665";"929"
"292670";"929"
"292680";"929"
"292690";"929"
"292700";"929"
"292710";"011"
"292720";"929"
"292730";"929"
"292740";"929"
"292750";"929"
"292760";"011"
"292770";"008"
"292780";"929"
"292790";"929"
"292800";"929"
"292805";"929"
"292810";"929"
"292820";"929"
"292830";"929"
"292840";"929"
"292850";"929"
"292860";"929"
"292870";"929"
"292880";"929"
"292890";"929"
"292895";"929"
"292900";"929"
"292905";"929"
"292910";"929"
"292920";"929"
"292925";"929"
"292930";"929"
"292935";"929"
"292937";"929"
"292940";"929"
"292950";"929"
"292960";"929"
"292970";"929"
"292975";"929"
"292980";"929"
"292990";"929"
"293000";"929"
"293010";"929"
"293015";"929"
"293020";"929"
"293030";"929"
"293040";"929"
"293050";"929"
"293060";"929"
"293070";"929"
"293075";"929"
"293076";"011"
"293077";"929"
"293080";"929"
"293090";"929"
"293100";"929"
"293105";"929"
"293110";"929"
"293120";"929"
"293130";"929"
"293135";"008"
"293140";"929"
"293150";"929"
"293160";"929"
"293170";"929"
"293180";"929"
"293190";"011"
"293200";"011"
"293210";"929"
"293220";"929"
"293230";"929"
"293240";"929"
"293245";"929"
"293250";"929"
"293260";"929"
"293270";"929"
"293280";"929"
"293290";"929"
"293300";"929"
"293305";"929"
"293310";"929"
"293315";"929"
"293317";"929"
"293320";"929"
"293325";"008"
"293330";"929"
"293340";"929"
"293345";"929"
"293350";"929"
"293360";"929"
"310000";"931"
"310010";"931"
"310020";"931"
"310030";"931"
"310040";"931"
"310050";"931"
"310060";"931"
"310070";"931"
"310080";"931"
"310090";"008"
"310100";"931"
"310110";"931"
"310120";"931"
"310130";"931"
"310140";"931"
"310150";"931"
"310160";"931"
"310163";"931"
"310170";"008"
"310180";"931"
"310190";"931"
"310200";"931"
"310205";"012"
"310210";"931"
"310220";"931"
"310230";"931"
"310240";"931"
"310250";"931"
"310260";"931"
"310270";"008"
"310280";"931"
"310285";"008"
"310290";"931"
"310300";"931"
"310310";"931"
"310320";"931"
"310330";"931"
"310340";"008"
"310350";"931"
"310360";"931"
"310370";"931"
"310375";"931"
"310380";"931"
"310390";"931"
"310400";"931"
"310410";"931"
"310420";"931"
"310430";"931"
"310440";"931"
"310445";"008"
"310450";"007"
"310460";"931"
"310470";"008"
"310480";"931"
"310490";"931"
"310500";"931"
"310510";"931"
"310520";"008"
"310530";"931"
"310540";"931"
"310550";"931"
"310560";"931"
"310570";"931"
"310590";"931"
"310600";"931"
"310610";"931"
"310620";"931"
"310630";"931"
"310640";"931"
"310650";"008"
"310660";"008"
"310665";"931"
"310670";"931"
"310680";"931"
"310690";"931"
"310700";"931"
"310710";"931"
"310720";"931"
"310730";"931"
"310740";"931"
"310750";"931"
"310760";"931"
"310770";"931"
"310780";"931"
"310790";"931"
"310800";"931"
"310810";"931"
"310820";"007"
"310825";"931"
"310830";"931"
"310840";"931"
"310850";"931"
"310855";"007"
"310860";"931"
"310870";"931"
"310880";"931"
"310890";"931"
"310900";"931"
"310910";"931"
"310920";"931"
"310925";"931"
"310930";"007"
"310940";"931"
"310945";"007"
"310950";"931"
"310960";"931"
"310970";"931"
"310980";"931"
"310990";"931"
"311000";"931"
"311010";"012"
"311020";"931"
"311030";"931"
"311040";"931"
"311050";"931"
"311060";"931"
"311070";"931"
"311080";"931"
"311090";"931"
"311100";"931"
"311110";"931"
"311115";"931"
"311120";"931"
"311130";"931"
"311140";"931"
"311150";"931"
"311160";"931"
"311170";"931"
"311180";"931"
"311190";"931"
"311200";"931"
"311205";"931"
"311210";"012"
"311220";"931"
"311230";"008"
"311240";"931"
"311250";"931"
"311260";"931"
"311265";"931"
"311270";"931"
"311280";"931"
"311290";"931"
"311300";"008"
"311310";"931"
"311320";"931"
"311330";"012"
"311340";"931"
"311350";"008"
"311360";"931"
"311370";"008"
"311380";"931"
"311390";"931"
"311400";"931"
"311410";"931"
"311420";"931"
"311430";"931"
"311440";"931"
"311450";"931"
"311455";"931"
"311460";"931"
"311470";"931"
"311480";"931"
"311490";"931"
"311500";"931"
"311510";"931"
"311520";"931"
"311530";"931"
"311535";"931"
"311540";"931"
"311545";"008"
"311547";"931"
"311550";"931"
"311560";"931"
"311570";"931"
"311580";"931"
"311590";"931"
"311600";"931"
"311610";"008"
"311615";"007"
"311620";"931"
"311630";"931"
"311640";"931"
"311650";"931"
"311660";"931"
"311670";"931"
"311680";"931"
"311690";"931"
"311700";"008"
"311710";"931"
"311720";"931"
"311730";"931"
"311740";"931"
"311750";"931"
"311760";"931"
"311770";"931"
"311780";"931"
"311783";"931"
"311787";"931"
"311790";"931"
"311800";"931"
"311810";"931"
"311820";"931"
"311830";"931"
"311840";"931"
"311850";"931"
"311860";"931"
"311870";"931"
"311880";"931"
"311890";"931"
"311900";"931"
"311910";"931"
"311920";"931"
"311930";"931"
"311940";"931"
"311950";"008"
"311960";"931"
"311970";"931"
"311980";"931"
"311990";"931"
"311995";"931"
"312000";"931"
"312010";"008"
"312015";"008"
"312020";"931"
"312030";"931"
"312040";"931"
"312050";"931"
"312060";"931"
"312070";"931"
"312080";"931"
"312083";"931"
"312087";"931"
"312090";"931"
"312100";"008"
"312110";"931"
"312120";"931"
"312125";"931"
"312130";"931"
"312140";"931"
"312150";"931"
"312160";"008"
"312170";"931"
"312180";"931"
"312190";"931"
"312200";"931"
"312210";"931"
"312220";"931"
"312230";"931"
"312235";"931"
"312240";"931"
"312245";"008"
"312247";"007"
"312250";"931"
"312260";"931"
"312270";"931"
"312280";"931"
"312290";"931"
"312300";"931"
"312310";"931"
"312320";"931"
"312330";"931"
"312340";"931"
"312350";"931"
"312352";"931"
"312360";"931"
"312370";"931"
"312380";"931"
"312385";"931"
"312390";"931"
"312400";"931"
"312410";"931"
"312420";"012"
"312430";"931"
"312440";"931"
"312450";"931"
"312460";"931"
"312470";"931"
"312480";"931"
"312490";"931"
"312500";"931"
"312510";"931"
"312520";"931"
"312530";"931"
"312540";"008"
"312550";"008"
"312560";"008"
"312570";"931"
"312580";"931"
"312590";"931"
"312595";"931"
"312600";"931"
"312610";"931"
"312620";"007"
"312630";"931"
"312640";"931"
"312650";"008"
"312660";"931"
"312670";"931"
"312675";"008"
"312680";"008"
"312690";"931"
"312695";"931"
"312700";"931"
"312705";"008"
"312707";"931"
"312710";"931"
"312720";"931"
"312730";"931"
"312733";"931"
"312735";"931"
"312737";"931"
"312738";"931"
"312740";"931"
"312750";"931"
"312760";"008"
"312770";"931"
"312780";"931"
"312790";"931"
"312800";"931"
"312810";"931"
"312820";"931"
"312825";"931"
"312830";"931"
"312840";"931"
"312850";"931"
"312860";"007"
"312870";"931"
"312880";"931"
"312890";"931"
"312900";"931"
"312910";"931"
"312920";"931"
"312930";"931"
"312940";"931"
"312950";"931"
"312960";"931"
"312965";"931"
"312970";"931"
"312980";"931"
"312990";"931"
"313000";"931"
"313005";"931"
"313010";"931"
"313020";"931"
"313030";"931"
"313040";"931"
"313050";"931"
"313055";"931"
"313060";"931"
"313065";"931"
"313070";"931"
"313080";"931"
"313090";"931"
"313100";"931"
"313110";"931"
"313115";"931"
"313120";"931"
"313130";"931"
"313140";"931"
"313150";"931"
"313160";"931"
"313170";"931"
"313180";"931"
"313190";"931"
"313200";"931"
"313210";"931"
"313220";"931"
"313230";"008"
"313240";"931"
"313250";"008"
"313260";"931"
"313270";"931"
"313280";"931"
"313290";"931"
"313300";"931"
"313310";"931"
"313320";"931"
"313330";"008"
"313340";"931"
"313350";"931"
"313360";"931"
"313370";"931"
"313375";"931"
"313380";"931"
"313390";"931"
"313400";"008"
"313410";"931"
"313420";"931"
"313430";"931"
"313440";"931"
"313450";"931"
"313460";"931"
"313470";"008"
"313480";"931"
"313490";"931"
"313500";"931"
"313505";"931"
"313507";"931"
"313510";"931"
"313520";"931"
"313530";"931"
"313535";"931"
"313540";"931"
"313545";"008"
"313550";"931"
"313560";"931"
"313570";"931"
"313580";"008"
"313590";"931"
"313600";"008"
"313610";"931"
"313620";"931"
"313630";"007"
"313640";"931"
"313650";"008"
"313652";"008"
"313655";"931"
"313657";"931"
"313660";"931"
"313665";"931"
"313670";"931"
"313680";"931"
"313690";"931"
"313695";"931"
"313700";"008"
"313710";"007"
"313720";"931"
"313730";"931"
"313740";"931"
"313750";"931"
"313753";"007"
"313760";"931"
"313770";"931"
"313780";"931"
"313790";"931"
"313800";"931"
"313810";"931"
"313820";"931"
"313830";"931"
"313835";"008"
"313840";"931"
"313850";"931"
"313860";"931"
"313862";"931"
"313865";"931"
"313867";"012"
"313868";"931"
"313870";"931"
"313880";"931"
"313890";"008"
"313900";"931"
"313910";"931"
"313920";"008"
"313925";"931"
"313930";"931"
"313940";"931"
"313950";"012"
"313960";"931"
"313970";"931"
"313980";"931"
"313990";"931"
"314000";"931"
"314010";"931"
"314015";"931"
"314020";"931"
"314030";"931"
"314040";"931"
"314050";"931"
"314053";"931"
"314055";"008"
"314060";"931"
"314070";"931"
"314080";"931"
"314085";"931"
"314090";"931"
"314100";"931"
"314110";"931"
"314120";"931"
"314130";"931"
"314140";"008"
"314150";"931"
"314160";"931"
"314170";"931"
"314180";"008"
"314190";"931"
"314200";"931"
"314210";"931"
"314220";"931"
"314225";"931"
"314230";"931"
"314240";"931"
"314250";"931"
"314260";"931"
"314270";"931"
"314280";"931"
"314290";"931"
"314300";"931"
"314310";"931"
"314315";"008"
"314320";"931"
"314330";"931"
"314340";"931"
"314345";"931"
"314350";"931"
"314360";"931"
"314370";"931"
"314380";"931"
"314390";"931"
"314400";"931"
"314410";"931"
"314420";"931"
"314430";"008"
"314435";"931"
"314437";"007"
"314440";"931"
"314450";"931"
"314460";"931"
"314465";"931"
"314467";"931"
"314470";"931"
"314480";"931"
"314490";"931"
"314500";"931"
"314505";"931"
"314510";"931"
"314520";"931"
"314530";"008"
"314535";"008"
"314537";"931"
"314540";"931"
"314545";"931"
"314550";"931"
"314560";"931"
"314570";"931"
"314580";"931"
"314585";"931"
"314587";"931"
"314590";"931"
"314600";"931"
"314610";"931"
"314620";"008"
"314625";"931"
"314630";"008"
"314640";"931"
"314650";"931"
"314655";"931"
"314660";"931"
"314670";"931"
"314675";"008"
"314690";"931"
"314700";"007"
"314710";"931"
"314720";"931"
"314730";"931"
"314740";"931"
"314750";"931"
"314760";"931"
"314770";"931"
"314780";"931"
"314790";"931"
"314795";"931"
"314800";"931"
"314810";"931"
"314820";"931"
"314830";"931"
"314840";"931"
"314850";"008"
"314860";"931"
"314870";"008"
"314875";"931"
"314880";"931"
"314890";"931"
"314900";"931"
"314910";"931"
"314915";"931"
"314920";"931"
"314930";"931"
"314940";"931"
"314950";"931"
"314960";"931"
"314970";"931"
"314980";"931"
"314990";"931"
"314995";"931"
"315000";"931"
"315010";"931"
"315015";"931"
"315020";"931"
"315030";"931"
"315040";"931"
"315050";"931"
"315053";"931"
"315057";"007"
"315060";"931"
"315070";"931"
"315080";"931"
"315090";"931"
"315100";"931"
"315110";"931"
"315120";"931"
"315130";"931"
"315140";"931"
"315150";"931"
"315160";"931"
"315170";"931"
"315180";"931"
"315190";"931"
"315200";"931"
"315210";"931"
"315213";"931"
"315217";"008"
"315220";"931"
"315230";"931"
"315240";"008"
"315250";"931"
"315260";"931"
"315270";"931"
"315280";"931"
"315290";"931"
"315300";"931"
"315310";"931"
"315320";"931"
"315330";"008"
"315340";"007"
"315350";"012"
"315360";"931"
"315370";"931"
"315380";"931"
"315390";"931"
"315400";"931"
"315410";"931"
"315415";"931"
"315420";"931"
"315430";"931"
"315440";"931"
"315445";"007"
"315450";"931"
"315460";"931"
"315470";"931"
"315480";"931"
"315490";"931"
"315500";"931"
"315510";"008"
"315520";"931"
"315530";"931"
"315540";"931"
"315550";"931"
"315560";"931"
"315570";"931"
"315580";"931"
"315590";"931"
"315600";"931"
"315610";"931"
"315620";"931"
"315630";"931"
"315640";"931"
"315645";"931"
"315650";"931"
"315660";"008"
"315670";"931"
"315680";"931"
"315690";"931"
"315700";"931"
"315710";"008"
"315720";"931"
"315725";"931"
"315727";"931"
"315730";"931"
"315733";"931"
"315737";"931"
"315740";"931"
"315750";"931"
"315760";"007"
"315765";"008"
"315770";"931"
"315780";"931"
"315790";"931"
"315800";"931"
"315810";"008"
"315820";"931"
"315830";"931"
"315840";"931"
"315850";"931"
"315860";"931"
"315870";"931"
"315880";"931"
"315890";"931"
"315895";"931"
"315900";"931"
"315910";"931"
"315920";"931"
"315930";"931"
"315935";"931"
"315940";"931"
"315950";"931"
"315960";"931"
"315970";"931"
"315980";"931"
"315990";"931"
"316000";"931"
"316010";"931"
"316020";"931"
"316030";"008"
"316040";"931"
"316045";"931"
"316050";"931"
"316060";"931"
"316070";"931"
"316080";"931"
"316090";"931"
"316095";"931"
"316100";"931"
"316105";"931"
"316110";"931"
"316120";"931"
"316130";"931"
"316140";"931"
"316150";"931"
"316160";"931"
"316165";"931"
"316170";"931"
"316180";"931"
"316190";"931"
"316200";"931"
"316210";"931"
"316220";"931"
"316225";"931"
"316230";"931"
"316240";"931"
"316245";"931"
"316250";"931"
"316255";"012"
"316257";"931"
"316260";"931"
"316265";"931"
"316270";"931"
"316280";"931"
"316290";"931"
"316292";"931"
"316294";"931"
"316295";"931"
"316300";"931"
"316310";"931"
"316320";"931"
"316330";"931"
"316340";"931"
"316350";"931"
"316360";"931"
"316370";"931"
"316380";"931"
"316390";"931"
"316400";"931"
"316410";"931"
"316420";"007"
"316430";"931"
"316440";"931"
"316443";"931"
"316447";"931"
"316450";"931"
"316460";"931"
"316470";"931"
"316480";"931"
"316490";"931"
"316500";"931"
"316510";"931"
"316520";"931"
"316530";"931"
"316540";"931"
"316550";"931"
"316553";"931"
"316555";"008"
"316556";"931"
"316557";"931"
"316560";"931"
"316570";"931"
"316580";"931"
"316590";"008"
"316600";"931"
"316610";"931"
"316620";"931"
"316630";"931"
"316640";"931"
"316650";"931"
"316660";"931"
"316670";"008"
"316680";"931"
"316690";"931"
"316695";"931"
"316700";"931"
"316710";"931"
"316720";"931"
"316730";"931"
"316740";"931"
"316750";"931"
"316760";"931"
"316770";"931"
"316780";"931"
"316790";"931"
"316800";"931"
"316805";"931"
"316810";"931"
"316820";"931"
"316830";"931"
"316840";"931"
"316850";"931"
"316860";"008"
"316870";"931"
"316880";"931"
"316890";"931"
"316900";"931"
"316905";"931"
"316910";"931"
"316920";"931"
"316930";"931"
"316935";"931"
"316940";"931"
"316950";"931"
"316960";"931"
"316970";"008"
"316980";"931"
"316990";"931"
"317000";"931"
"317005";"931"
"317010";"931"
"317020";"931"
"317030";"008"
"317040";"007"
"317043";"931"
"317047";"007"
"317050";"931"
"317052";"007"
"317057";"931"
"317060";"931"
"317065";"931"
"317070";"931"
"317075";"931"
"317080";"931"
"317090";"931"
"317100";"007"
"317103";"931"
"317107";"008"
"317110";"931"
"317115";"931"
"317120";"931"
"317130";"931"
"317140";"931"
"317150";"931"
"317160";"008"
"317170";"931"
"317180";"931"
"317190";"931"
"317200";"931"
"317210";"931"
"317220";"931"
"320000";"932"
"320010";"932"
"320013";"932"
"320016";"932"
"320020";"932"
"320030";"932"
"320035";"932"
"320040";"932"
"320050";"012"
"320060";"932"
"320070";"932"
"320080";"932"
"320090";"932"
"320100";"008"
"320110";"012"
"320115";"932"
"320120";"932"
"320130";"932"
"320140";"932"
"320150";"932"
"320160";"008"
"320170";"932"
"320180";"012"
"320190";"932"
"320200";"012"
"320210";"008"
"320220";"932"
"320225";"932"
"320230";"012"
"320240";"932"
"320245";"932"
"320250";"932"
"320255";"012"
"320260";"932"
"320265";"932"
"320270";"932"
"320280";"932"
"320290";"932"
"320300";"932"
"320305";"008"
"320310";"932"
"320313";"932"
"320316";"932"
"320320";"932"
"320330";"932"
"320332";"932"
"320334";"932"
"320335";"932"
"320340";"012"
"320350";"008"
"320360";"008"
"320370";"932"
"320380";"012"
"320390";"932"
"320400";"932"
"320405";"008"
"320410";"008"
"320420";"932"
"320425";"008"
"320430";"012"
"320435";"932"
"320440";"932"
"320450";"932"
"320455";"932"
"320460";"932"
"320465";"932"
"320470";"932"
"320480";"012"
"320490";"008"
"320495";"932"
"320500";"932"
"320501";"932"
"320503";"932"
"320506";"932"
"320510";"932"
"320515";"932"
"320517";"932"
"320520";"932"
"320530";"932"
"330000";"933"
"330010";"933"
"330015";"933"
"330020";"933"
"330022";"933"
"330023";"933"
"330025";"933"
"330030";"933"
"330040";"933"
"330045";"933"
"330050";"933"
"330060";"012"
"330070";"933"
"330080";"933"
"330090";"933"
"330093";"933"
"330095";"933"
"330100";"012"
"330110";"933"
"330115";"012"
"330120";"933"
"330130";"933"
"330140";"933"
"330150";"933"
"330160";"933"
"330170";"933"
"330180";"933"
"330185";"933"
"330187";"933"
"330190";"933"
"330200";"933"
"330205";"012"
"330210";"933"
"330220";"012"
"330225";"933"
"330227";"933"
"330230";"012"
"330240";"933"
"330245";"933"
"330250";"933"
"330260";"933"
"330270";"933"
"330280";"933"
"330285";"933"
"330290";"933"
"330300";"933"
"330310";"012"
"330320";"933"
"330330";"933"
"330340";"933"
"330350";"933"
"330360";"933"
"330370";"933"
"330380";"933"
"330385";"933"
"330390";"933"
"330395";"933"
"330400";"933"
"330410";"012"
"330411";"933"
"330412";"933"
"330414";"933"
"330415";"933"
"330420";"933"
"330430";"933"
"330440";"933"
"330450";"933"
"330452";"933"
"330455";"933"
"330460";"933"
"330470";"933"
"330475";"012"
"330480";"933"
"330490";"933"
"330500";"012"
"330510";"933"
"330513";"012"
"330515";"933"
"330520";"933"
"330530";"933"
"330540";"933"
"330550";"933"
"330555";"933"
"330560";"933"
"330570";"933"
"330575";"933"
"330580";"933"
"330590";"933"
"330600";"933"
"330610";"933"
"330615";"012"
"330620";"933"
"330630";"933"
"350000";"935"
"350010";"935"
"350020";"935"
"350030";"935"
"350040";"935"
"350050";"935"
"350055";"935"
"350060";"935"
"350070";"935"
"350075";"935"
"350080";"935"
"350090";"935"
"350100";"935"
"350110";"935"
"350115";"935"
"350120";"935"
"350130";"935"
"350140";"935"
"350150";"935"
"350160";"935"
"350170";"935"
"350180";"935"
"350190";"935"
"350200";"935"
"350210";"935"
"350220";"935"
"350230";"935"
"350240";"935"
"350250";"935"
"350260";"935"
"350270";"009"
"350275";"935"
"350280";"935"
"350290";"935"
"350300";"935"
"350310";"935"
"350315";"935"
"350320";"935"
"350330";"935"
"350335";"935"
"350340";"935"
"350350";"935"
"350360";"935"
"350370";"935"
"350380";"935"
"350390";"935"
"350395";"935"
"350400";"935"
"350410";"935"
"350420";"935"
"350430";"935"
"350440";"935"
"350450";"935"
"350460";"935"
"350470";"935"
"350480";"935"
"350490";"935"
"350500";"935"
"350510";"935"
"350520";"935"
"350530";"935"
"350535";"009"
"350540";"009"
"350550";"935"
"350560";"935"
"350570";"935"
"350580";"935"
"350590";"935"
"350600";"935"
"350610";"935"
"350620";"935"
"350630";"935"
"350635";"935"
"350640";"935"
"350650";"935"
"350660";"935"
"350670";"935"
"350680";"935"
"350690";"935"
"350700";"935"
"350710";"935"
"350715";"935"
"350720";"935"
"350730";"935"
"350740";"935"
"350745";"935"
"350750";"935"
"350760";"935"
"350770";"935"
"350775";"935"
"350780";"935"
"350790";"935"
"350800";"935"
"350810";"935"
"350820";"935"
"350830";"935"
"350840";"935"
"350850";"935"
"350860";"935"
"350870";"935"
"350880";"935"
"350890";"935"
"350900";"935"
"350910";"935"
"350920";"935"
"350925";"009"
"350930";"935"
"350940";"935"
"350945";"935"
"350950";"935"
"350960";"935"
"350970";"935"
"350980";"935"
"350990";"009"
"350995";"935"
"351000";"935"
"351010";"935"
"351015";"935"
"351020";"935"
"351030";"935"
"351040";"935"
"351050";"935"
"351060";"935"
"351070";"935"
"351080";"935"
"351090";"935"
"351100";"935"
"351110";"935"
"351120";"935"
"351130";"935"
"351140";"935"
"351150";"935"
"351160";"935"
"351170";"935"
"351190";"935"
"351200";"935"
"351210";"935"
"351220";"935"
"351230";"935"
"351240";"935"
"351250";"935"
"351260";"935"
"351270";"935"
"351280";"935"
"351290";"935"
"351300";"935"
"351310";"935"
"351320";"935"
"351330";"935"
"351340";"935"
"351350";"935"
"351360";"935"
"351370";"935"
"351380";"935"
"351385";"935"
"351390";"935"
"351400";"935"
"351410";"935"
"351420";"935"
"351430";"935"
"351440";"935"
"351450";"935"
"351460";"935"
"351470";"935"
"351480";"009"
"351490";"935"
"351492";"935"
"351495";"935"
"351500";"935"
"351510";"935"
"351512";"935"
"351515";"935"
"351518";"935"
"351519";"935"
"351520";"935"
"351530";"935"
"351535";"935"
"351540";"935"
"351550";"935"
"351560";"935"
"351565";"935"
"351570";"935"
"351580";"935"
"351590";"935"
"351600";"935"
"351610";"935"
"351620";"935"
"351630";"935"
"351640";"935"
"351650";"935"
"351660";"935"
"351670";"935"
"351680";"935"
"351685";"935"
"351690";"935"
"351700";"935"
"351710";"935"
"351720";"935"
"351730";"935"
"351740";"935"
"351750";"935"
"351760";"935"
"351770";"935"
"351780";"935"
"351790";"935"
"351800";"935"
"351810";"935"
"351820";"935"
"351830";"935"
"351840";"935"
"351850";"935"
"351860";"935"
"351870";"935"
"351880";"935"
"351885";"935"
"351890";"935"
"351900";"935"
"351905";"935"
"351907";"935"
"351910";"935"
"351920";"935"
"351925";"935"
"351930";"935"
"351940";"935"
"351950";"935"
"351960";"935"
"351970";"935"
"351980";"935"
"351990";"935"
"352000";"935"
"352010";"935"
"352020";"935"
"352030";"009"
"352040";"935"
"352042";"009"
"352044";"935"
"352050";"935"
"352060";"935"
"352070";"935"
"352080";"935"
"352090";"935"
"352100";"935"
"352110";"935"
"352115";"935"
"352120";"009"
"352130";"935"
"352140";"935"
"352150";"935"
"352160";"935"
"352170";"935"
"352180";"935"
"352190";"935"
"352200";"935"
"352210";"935"
"352215";"009"
"352220";"935"
"352230";"935"
"352240";"935"
"352250";"935"
"352260";"935"
"352265";"009"
"352270";"935"
"352280";"935"
"352290";"935"
"352300";"935"
"352310";"935"
"352320";"935"
"352330";"009"
"352340";"935"
"352350";"935"
"352360";"935"
"352370";"935"
"352380";"935"
"352390";"935"
"352400";"935"
"352410";"935"
"352420";"935"
"352430";"935"
"352440";"935"
"352450";"935"
"352460";"009"
"352470";"935"
"352480";"935"
"352490";"935"
"352500";"935"
"352510";"935"
"352520";"935"
"352530";"935"
"352540";"935"
"352550";"935"
"352560";"935"
"352570";"935"
"352580";"935"
"352585";"935"
"352590";"935"
"352600";"935"
"352610";"009"
"352620";"009"
"352630";"935"
"352640";"935"
"352650";"935"
"352660";"935"
"352670";"935"
"352680";"935"
"352690";"935"
"352700";"935"
"352710";"935"
"352720";"935"
"352725";"935"
"352730";"935"
"352740";"935"
"352750";"935"
"352760";"935"
"352770";"935"
"352780";"935"
"352790";"935"
"352800";"935"
"352810";"935"
"352820";"935"
"352830";"935"
"352840";"935"
"352850";"935"
"352860";"935"
"352870";"935"
"352880";"935"
"352885";"935"
"352890";"935"
"352900";"935"
"352910";"935"
"352920";"935"
"352930";"935"
"352940";"935"
"352950";"935"
"352960";"935"
"352965";"935"
"352970";"935"
"352980";"935"
"352990";"009"
"353000";"935"
"353010";"935"
"353020";"935"
"353030";"935"
"353040";"935"
"353050";"935"
"353060";"935"
"353070";"935"
"353080";"935"
"353090";"935"
"353100";"935"
"353110";"935"
"353120";"935"
"353130";"935"
"353140";"935"
"353150";"935"
"353160";"935"
"353170";"935"
"353180";"935"
"353190";"935"
"353200";"935"
"353205";"935"
"353210";"935"
"353215";"935"
"353220";"935"
"353230";"935"
"353240";"935"
"353250";"935"
"353260";"935"
"353270";"935"
"353280";"935"
"353282";"935"
"353284";"935"
"353286";"935"
"353290";"935"
"353300";"935"
"353310";"935"
"353320";"935"
"353325";"935"
"353330";"935"
"353340";"935"
"353350";"935"
"353360";"935"
"353370";"935"
"353380";"935"
"353390";"935"
"353400";"935"
"353410";"935"
"353420";"935"
"353430";"935"
"353440";"935"
"353450";"935"
"353460";"935"
"353470";"935"
"353475";"935"
"353480";"935"
"353490";"935"
"353500";"935"
"353510";"935"
"353520";"935"
"353530";"935"
"353540";"935"
"353550";"935"
"353560";"935"
"353570";"935"
"353580";"935"
"353590";"935"
"353600";"935"
"353610";"935"
"353620";"009"
"353625";"935"
"353630";"935"
"353640";"935"
"353650";"935"
"353657";"935"
"353660";"935"
"353670";"935"
"353680";"935"
"353690";"935"
"353700";"935"
"353710";"935"
"353715";"935"
"353720";"009"
"353730";"935"
"353740";"935"
"353750";"935"
"353760";"935"
"353770";"935"
"353780";"935"
"353790";"935"
"353800";"935"
"353810";"935"
"353820";"935"
"353830";"935"
"353850";"935"
"353860";"935"
"353870";"935"
"353880";"935"
"353890";"935"
"353900";"935"
"353910";"935"
"353920";"935"
"353930";"935"
"353940";"935"
"353950";"935"
"353960";"935"
"353970";"935"
"353980";"935"
"353990";"935"
"354000";"935"
"354010";"935"
"354020";"935"
"354025";"935"
"354030";"935"
"354040";"935"
"354050";"935"
"354060";"935"
"354070";"935"
"354075";"935"
"354080";"935"
"354085";"935"
"354090";"935"
"354100";"935"
"354105";"935"
"354110";"935"
"354120";"935"
"354130";"935"
"354140";"935"
"354150";"935"
"354160";"935"
"354165";"935"
"354170";"935"
"354180";"935"
"354190";"935"
"354200";"935"
"354210";"935"
"354220";"935"
"354230";"935"
"354240";"935"
"354250";"935"
"354260";"009"
"354270";"935"
"354280";"009"
"354290";"935"
"354300";"935"
"354310";"935"
"354320";"935"
"354323";"935"
"354325";"935"
"354330";"935"
"354340";"935"
"354350";"935"
"354360";"935"
"354370";"935"
"354380";"935"
"354390";"935"
"354400";"935"
"354410";"935"
"354420";"935"
"354425";"935"
"354430";"935"
"354440";"935"
"354450";"935"
"354460";"935"
"354470";"935"
"354480";"935"
"354490";"935"
"354500";"935"
"354510";"935"
"354515";"935"
"354520";"935"
"354530";"935"
"354540";"935"
"354550";"935"
"354560";"935"
"354570";"935"
"354580";"935"
"354600";"935"
"354610";"935"
"354620";"935"
"354625";"935"
"354630";"935"
"354640";"935"
"354650";"935"
"354660";"935"
"354670";"935"
"354680";"935"
"354690";"935"
"354700";"935"
"354710";"935"
"354720";"935"
"354730";"935"
"354740";"935"
"354750";"935"
"354760";"935"
"354765";"935"
"354770";"935"
"354780";"935"
"354790";"935"
"354800";"935"
"354805";"935"
"354810";"935"
"354820";"935"
"354830";"935"
"354840";"935"
"354850";"935"
"354860";"935"
"354870";"935"
"354880";"935"
"354890";"935"
"354900";"935"
"354910";"935"
"354920";"935"
"354925";"935"
"354930";"935"
"354940";"935"
"354950";"935"
"354960";"935"
"354970";"935"
"354980";"935"
"354990";"935"
"354995";"009"
"355000";"935"
"355010";"935"
"355020";"935"
"355030";"935"
"355040";"935"
"355050";"935"
"355060";"935"
"355070";"935"
"355080";"935"
"355090";"935"
"355100";"935"
"355110";"935"
"355120";"935"
"355130";"935"
"355140";"935"
"355150";"935"
"355160";"935"
"355170";"935"
"355180";"009"
"355190";"935"
"355200";"935"
"355210";"935"
"355220";"935"
"355230";"935"
"355240";"935"
"355250";"935"
"355255";"935"
"355260";"935"
"355270";"935"
"355280";"935"
"355290";"935"
"355300";"935"
"355310";"935"
"355320";"935"
"355330";"935"
"355340";"935"
"355350";"009"
"355360";"935"
"355365";"935"
"355370";"935"
"355380";"935"
"355385";"935"
"355390";"935"
"355395";"935"
"355400";"935"
"355410";"935"
"355420";"935"
"355430";"935"
"355440";"935"
"355450";"935"
"355460";"935"
"355465";"935"
"355470";"935"
"355475";"935"
"355480";"935"
"355490";"935"
"355495";"935"
"355500";"935"
"355510";"935"
"355520";"935"
"355530";"935"
"355535";"935"
"355540";"935"
"355550";"935"
"355560";"935"
"355570";"935"
"355580";"935"
"355590";"935"
"355600";"935"
"355610";"935"
"355620";"935"
"355630";"935"
"355635";"935"
"355640";"935"
"355645";"935"
"355650";"935"
"355660";"935"
"355670";"935"
"355680";"935"
"355690";"935"
"355695";"935"
"355700";"935"
"355710";"935"
"355715";"935"
"355720";"935"
"355730";"935"
"410000";"941"
"410010";"941"
"410020";"009"
"410030";"941"
"410040";"941"
"410045";"941"
"410050";"941"
"410060";"941"
"410070";"941"
"410080";"941"
"410090";"941"
"410100";"001"
"410105";"941"
"410110";"941"
"410115";"941"
"410120";"009"
"410130";"941"
"410140";"941"
"410150";"941"
"410160";"941"
"410165";"941"
"410170";"941"
"410180";"941"
"410185";"941"
"410190";"941"
"410200";"941"
"410210";"941"
"410220";"941"
"410230";"941"
"410240";"941"
"410250";"941"
"410260";"001"
"410270";"941"
"410275";"001"
"410280";"941"
"410290";"941"
"410300";"941"
"410302";"001"
"410304";"941"
"410305";"941"
"410310";"009"
"410315";"001"
"410320";"941"
"410322";"001"
"410330";"941"
"410335";"941"
"410337";"941"
"410340";"941"
"410345";"941"
"410347";"941"
"410350";"941"
"410360";"941"
"410370";"941"
"410380";"941"
"410390";"941"
"410395";"941"
"410400";"009"
"410405";"941"
"410410";"941"
"410420";"941"
"410425";"941"
"410430";"941"
"410440";"941"
"410442";"941"
"410445";"941"
"410450";"001"
"410460";"941"
"410465";"941"
"410470";"941"
"410480";"941"
"410490";"941"
"410500";"941"
"410510";"941"
"410520";"009"
"410530";"941"
"410540";"001"
"410550";"941"
"410560";"941"
"410570";"001"
"410580";"941"
"410590";"941"
"410600";"941"
"410610";"941"
"410620";"941"
"410630";"941"
"410640";"941"
"410645";"001"
"410650";"001"
"410655";"941"
"410657";"001"
"410660";"941"
"410670";"941"
"410680";"941"
"410685";"941"
"410690";"941"
"410700";"941"
"410710";"941"
"410712";"941"
"410715";"941"
"410720";"001"
"410725";"941"
"410730";"941"
"410740";"001"
"410750";"941"
"410752";"941"
"410753";"941"
"410754";"941"
"410755";"941"
"410760";"941"
"410765";"941"
"410770";"941"
"410773";"941"
"410775";"941"
"410780";"941"
"410785";"001"
"410790";"941"
"410800";"941"
"410810";"941"
"410820";"941"
"410830";"941"
"410832";"941"
"410840";"001"
"410845";"941"
"410850";"941"
"410855";"941"
"410860";"941"
"410865";"941"
"410870";"941"
"410880";"941"
"410890";"941"
"410895";"941"
"410900";"941"
"410910";"941"
"410920";"941"
"410930";"941"
"410940";"941"
"410950";"009"
"410960";"009"
"410965";"001"
"410970";"941"
"410975";"941"
"410980";"941"
"410990";"941"
"411000";"941"
"411005";"941"
"411007";"941"
"411010";"941"
"411020";"941"
"411030";"941"
"411040";"941"
"411050";"941"
"411060";"941"
"411065";"941"
"411070";"941"
"411080";"941"
"411090";"941"
"411095";"941"
"411100";"941"
"411110";"941"
"411120";"001"
"411125";"009"
"411130";"941"
"411140";"941"
"411150";"941"
"411155";"941"
"411160";"941"
"411170";"941"
"411180";"941"
"411190";"941"
"411200";"941"
"411210";"941"
"411220";"941"
"411230";"941"
"411240";"941"
"411250";"941"
"411260";"941"
"411270";"941"
"411275";"941"
"411280";"941"
"411290";"941"
"411295";"941"
"411300";"941"
"411310";"941"
"411320";"941"
"411325";"941"
"411330";"941"
"411340";"941"
"411342";"941"
"411345";"941"
"411350";"941"
"411360";"941"
"411370";"941"
"411373";"941"
"411375";"941"
"411380";"941"
"411390";"941"
"411400";"941"
"411410";"941"
"411420";"941"
"411430";"941"
"411435";"001"
"411440";"001"
"411450";"941"
"411460";"941"
"411470";"941"
"411480";"941"
"411490";"941"
"411500";"941"
"411510";"941"
"411520";"941"
"411530";"001"
"411535";"941"
"411540";"001"
"411545";"941"
"411550";"941"
"411560";"941"
"411570";"009"
"411573";"941"
"411575";"941"
"411580";"941"
"411585";"941"
"411590";"941"
"411600";"941"
"411605";"941"
"411610";"941"
"411620";"009"
"411630";"941"
"411640";"941"
"411650";"941"
"411660";"941"
"411670";"941"
"411680";"941"
"411690";"941"
"411695";"001"
"411700";"941"
"411705";"941"
"411710";"941"
"411720";"941"
"411721";"941"
"411722";"941"
"411725";"001"
"411727";"941"
"411729";"941"
"411730";"941"
"411740";"941"
"411745";"941"
"411750";"941"
"411760";"001"
"411770";"941"
"411780";"941"
"411790";"941"
"411800";"941"
"411810";"941"
"411820";"009"
"411830";"941"
"411840";"941"
"411845";"941"
"411850";"001"
"411860";"941"
"411870";"941"
"411880";"941"
"411885";"941"
"411890";"941"
"411900";"001"
"411910";"941"
"411915";"941"
"411920";"941"
"411925";"001"
"411930";"941"
"411940";"941"
"411950";"941"
"411960";"941"
"411965";"941"
"411970";"941"
"411980";"001"
"411990";"941"
"411995";"009"
"412000";"941"
"412010";"941"
"412015";"941"
"412020";"941"
"412030";"941"
"412033";"941"
"412035";"001"
"412040";"941"
"412050";"941"
"412060";"941"
"412065";"941"
"412070";"941"
"412080";"009"
"412085";"941"
"412090";"941"
"412100";"941"
"412110";"941"
"412120";"941"
"412125";"941"
"412130";"941"
"412135";"941"
"412140";"001"
"412150";"941"
"412160";"001"
"412170";"941"
"412175";"941"
"412180";"941"
"412190";"941"
"412200";"941"
"412210";"941"
"412215";"941"
"412217";"941"
"412220";"009"
"412230";"941"
"412240";"941"
"412250";"941"
"412260";"941"
"412265";"941"
"412270";"941"
"412280";"001"
"412290";"941"
"412300";"001"
"412310";"941"
"412320";"941"
"412330";"941"
"412340";"941"
"412350";"941"
"412360";"941"
"412370";"941"
"412380";"001"
"412382";"941"
"412385";"941"
"412390";"941"
"412395";"941"
"412400";"941"
"412402";"941"
"412405";"941"
"412410";"941"
"412420";"941"
"412430";"941"
"412440";"001"
"412450";"941"
"412460";"941"
"412470";"941"
"412480";"001"
"412490";"941"
"412500";"941"
"412510";"941"
"412520";"001"
"412530";"941"
"412535";"941"
"412540";"941"
"412545";"941"
"412550";"941"
"412555";"941"
"412560";"941"
"412570";"941"
"412575";"941"
"412580";"941"
"412590";"941"
"412600";"941"
"412610";"941"
"412620";"941"
"412625";"941"
"412627";"001"
"412630";"941"
"412635";"941"
"412640";"941"
"412650";"941"
"412660";"941"
"412665";"001"
"412667";"941"
"412670";"941"
"412680";"941"
"412690";"941"
"412700";"941"
"412710";"941"
"412720";"941"
"412730";"941"
"412740";"941"
"412750";"941"
"412760";"941"
"412770";"941"
"412780";"941"
"412785";"941"
"412788";"009"
"412790";"941"
"412795";"941"
"412796";"941"
"412800";"941"
"412810";"941"
"412820";"941"
"412830";"941"
"412840";"941"
"412850";"941"
"412853";"941"
"412855";"941"
"412860";"001"
"412862";"941"
"412863";"009"
"412865";"941"
"412870";"001"
"412880";"941"
"420000";"942"
"420005";"001"
"420010";"001"
"420020";"942"
"420030";"942"
"420040";"001"
"420050";"001"
"420055";"001"
"420060";"942"
"420070";"942"
"420075";"001"
"420080";"001"
"420090";"942"
"420100";"942"
"420110";"942"
"420120";"942"
"420125";"942"
"420127";"001"
"420130";"942"
"420140";"942"
"420150";"942"
"420160";"001"
"420165";"001"
"420170";"942"
"420180";"942"
"420190";"942"
"420195";"942"
"420200";"942"
"420205";"942"
"420207";"942"
"420208";"001"
"420209";"001"
"420210";"942"
"420213";"942"
"420215";"001"
"420220";"942"
"420230";"942"
"420240";"942"
"420243";"942"
"420245";"942"
"420250";"942"
"420253";"001"
"420257";"001"
"420260";"942"
"420270";"942"
"420280";"942"
"420285";"942"
"420287";"001"
"420290";"942"
"420300";"001"
"420310";"001"
"420315";"001"
"420320";"942"
"420325";"942"
"420330";"942"
"420340";"942"
"420350";"001"
"420360";"001"
"420370";"942"
"420380";"942"
"420390";"001"
"420395";"942"
"420400";"001"
"420410";"001"
"420415";"001"
"420417";"942"
"420419";"942"
"420420";"001"
"420425";"942"
"420430";"001"
"420435";"001"
"420440";"001"
"420445";"001"
"420450";"942"
"420455";"942"
"420460";"942"
"420470";"001"
"420475";"001"
"420480";"001"
"420490";"001"
"420500";"001"
"420510";"942"
"420515";"942"
"420517";"001"
"420519";"942"
"420520";"001"
"420530";"001"
"420535";"001"
"420540";"942"
"420543";"001"
"420545";"942"
"420550";"001"
"420555";"001"
"420560";"001"
"420570";"942"
"420580";"942"
"420590";"942"
"420600";"942"
"420610";"942"
"420620";"942"
"420630";"942"
"420640";"001"
"420650";"942"
"420660";"001"
"420665";"001"
"420670";"001"
"420675";"001"
"420680";"001"
"420690";"942"
"420700";"942"
"420710";"942"
"420720";"942"
"420730";"942"
"420740";"942"
"420750";"942"
"420757";"001"
"420760";"001"
"420765";"001"
"420768";"001"
"420770";"001"
"420775";"001"
"420780";"001"
"420785";"001"
"420790";"942"
"420800";"001"
"420810";"942"
"420820";"942"
"420830";"942"
"420840";"001"
"420845";"942"
"420850";"942"
"420860";"001"
"420870";"942"
"420880";"942"
"420890";"942"
"420895";"001"
"420900";"001"
"420910";"942"
"420915";"942"
"420917";"001"
"420920";"001"
"420930";"942"
"420940";"942"
"420945";"001"
"420950";"942"
"420960";"942"
"420970";"001"
"420980";"942"
"420985";"001"
"420990";"942"
"421000";"942"
"421003";"001"
"421005";"001"
"421010";"942"
"421020";"942"
"421030";"942"
"421040";"942"
"421050";"001"
"421055";"001"
"421060";"942"
"421070";"001"
"421080";"942"
"421085";"942"
"421090";"001"
"421100";"001"
"421105";"001"
"421110";"942"
"421120";"942"
"421125";"942"
"421130";"942"
"421140";"001"
"421145";"001"
"421150";"942"
"421160";"942"
"421165";"001"
"421170";"942"
"421175";"942"
"421180";"001"
"421185";"001"
"421187";"001"
"421189";"942"
"421190";"942"
"421200";"001"
"421205";"942"
"421210";"001"
"421220";"942"
"421223";"001"
"421225";"942"
"421227";"001"
"421230";"942"
"421240";"942"
"421250";"942"
"421260";"001"
"421265";"942"
"421270";"942"
"421280";"942"
"421290";"001"
"421300";"001"
"421310";"001"
"421315";"001"
"421320";"942"
"421330";"001"
"421335";"001"
"421340";"001"
"421350";"942"
"421360";"942"
"421370";"942"
"421380";"942"
"421390";"001"
"421400";"942"
"421410";"942"
"421415";"001"
"421420";"001"
"421430";"942"
"421440";"001"
"421450";"942"
"421460";"942"
"421470";"942"
"421480";"942"
"421490";"942"
"421500";"942"
"421505";"942"
"421507";"001"
"421510";"942"
"421520";"001"
"421530";"942"
"421535";"001"
"421540";"001"
"421545";"942"
"421550";"001"
"421555";"001"
"421560";"942"
"421565";"942"
"421567";"942"
"421568";"001"
"421569";"001"
"421570";"942"
"421575";"001"
"421580";"942"
"421590";"942"
"421600";"001"
"421605";"001"
"421610";"001"
"421620";"942"
"421625";"001"
"421630";"942"
"421635";"942"
"421640";"942"
"421650";"942"
"421660";"942"
"421670";"001"
"421680";"942"
"421690";"001"
"421700";"942"
"421710";"942"
"421715";"001"
"421720";"001"
"421725";"942"
"421730";"001"
"421740";"942"
"421750";"001"
"421755";"001"
"421760";"942"
"421770";"942"
"421775";"001"
"421780";"942"
"421790";"001"
"421795";"001"
"421800";"942"
"421810";"942"
"421820";"942"
"421825";"942"
"421830";"942"
"421835";"942"
"421840";"942"
"421850";"001"
"421860";"942"
"421870";"942"
"421875";"001"
"421880";"942"
"421885";"001"
"421890";"942"
"421895";"942"
"421900";"942"
"421910";"001"
"421915";"001"
"421917";"001"
"421920";"942"
"421930";"001"
"421935";"942"
"421940";"942"
"421950";"001"
"421960";"001"
"421970";"001"
"421985";"001"
"422000";"942"
"430000";"943"
"430003";"013"
"430005";"001"
"430010";"013"
"430020";"001"
"430030";"001"
"430040";"013"
"430045";"001"
"430047";"001"
"430050";"001"
"430055";"001"
"430057";"943"
"430060";"943"
"430063";"013"
"430064";"001"
"430066";"001"
"430070";"943"
"430080";"943"
"430085";"013"
"430087";"943"
"430090";"001"
"430100";"943"
"430105";"943"
"430107";"013"
"430110";"013"
"430120";"943"
"430130";"013"
"430140";"943"
"430150";"001"
"430155";"001"
"430160";"013"
"430163";"943"
"430165";"943"
"430170";"001"
"430175";"013"
"430180";"001"
"430185";"001"
"430187";"013"
"430190";"013"
"430192";"001"
"430195";"001"
"430200";"001"
"430205";"001"
"430210";"943"
"430215";"001"
"430220";"001"
"430222";"001"
"430223";"001"
"430225";"943"
"430230";"943"
"430235";"943"
"430237";"001"
"430240";"943"
"430245";"943"
"430250";"001"
"430258";"001"
"430260";"001"
"430265";"943"
"430270";"013"
"430280";"013"
"430290";"013"
"430300";"013"
"430310";"943"
"430320";"001"
"430330";"001"
"430340";"001"
"430350";"013"
"430355";"001"
"430360";"943"
"430367";"943"
"430370";"001"
"430380";"001"
"430390";"943"
"430400";"001"
"430410";"001"
"430420";"013"
"430430";"001"
"430435";"013"
"430440";"943"
"430450";"013"
"430460";"943"
"430461";"943"
"430462";"001"
"430463";"943"
"430465";"013"
"430466";"013"
"430467";"013"
"430468";"943"
"430469";"943"
"430470";"001"
"430471";"943"
"430480";"943"
"430485";"001"
"430490";"001"
"430495";"001"
"430500";"001"
"430510";"943"
"430511";"001"
"430512";"013"
"430513";"013"
"430515";"001"
"430517";"013"
"430520";"001"
"430530";"001"
"430535";"013"
"430537";"001"
"430540";"001"
"430543";"013"
"430544";"013"
"430545";"943"
"430550";"001"
"430558";"943"
"430560";"001"
"430570";"001"
"430580";"001"
"430583";"943"
"430585";"001"
"430587";"001"
"430590";"001"
"430593";"943"
"430595";"943"
"430597";"001"
"430600";"001"
"430605";"013"
"430607";"001"
"430610";"001"
"430613";"001"
"430620";"943"
"430630";"001"
"430632";"001"
"430635";"001"
"430637";"013"
"430640";"943"
"430642";"001"
"430645";"943"
"430650";"013"
"430655";"943"
"430660";"013"
"430670";"013"
"430673";"001"
"430675";"943"
"430676";"943"
"430680";"943"
"430690";"013"
"430692";"001"
"430693";"001"
"430695";"001"
"430697";"001"
"430700";"001"
"430705";"001"
"430710";"013"
"430720";"001"
"430730";"001"
"430740";"001"
"430745";"001"
"430750";"001"
"430755";"001"
"430760";"943"
"430770";"943"
"430780";"943"
"430781";"943"
"430783";"001"
"430786";"943"
"430790";"943"
"430800";"013"
"430805";"001"
"430807";"943"
"430810";"943"
"430820";"943"
"430825";"001"
"430830";"001"
"430840";"013"
"430843";"943"
"430845";"001"
"430850";"001"
"430860";"943"
"430865";"013"
"430870";"001"
"430880";"013"
"430885";"001"
"430890";"001"
"430900";"001"
"430905";"943"
"430910";"943"
"430912";"001"
"430915";"943"
"430920";"943"
"430925";"943"
"430930";"943"
"430940";"943"
"430950";"001"
"430955";"943"
"430957";"943"
"430960";"001"
"430965";"013"
"430970";"001"
"430975";"943"
"430980";"001"
"430990";"001"
"430995";"001"
"431000";"001"
"431010";"943"
"431020";"001"
"431030";"943"
"431033";"943"
"431036";"943"
"431040";"001"
"431041";"001"
"431043";"943"
"431046";"001"
"431050";"001"
"431053";"013"
"431055";"013"
"431057";"001"
"431060";"013"
"431065";"943"
"431070";"001"
"431075";"013"
"431080";"943"
"431085";"001"
"431087";"001"
"431090";"001"
"431100";"013"
"431110";"013"
"431112";"943"
"431113";"013"
"431115";"001"
"431120";"013"
"431123";"943"
"431125";"001"
"431127";"001"
"431130";"001"
"431140";"943"
"431142";"001"
"431150";"013"
"431160";"001"
"431162";"943"
"431164";"943"
"431170";"001"
"431171";"013"
"431173";"943"
"431175";"013"
"431177";"943"
"431179";"943"
"431180";"001"
"431190";"001"
"431198";"013"
"431200";"001"
"431205";"943"
"431210";"013"
"431213";"001"
"431215";"943"
"431217";"001"
"431220";"001"
"431225";"013"
"431230";"001"
"431235";"943"
"431237";"943"
"431238";"943"
"431240";"943"
"431242";"001"
"431244";"943"
"431245";"013"
"431247";"943"
"431250";"013"
"431260";"943"
"431261";"001"
"431262";"001"
"431265";"001"
"431267";"001"
"431270";"001"
"431275";"001"
"431280";"943"
"431290";"943"
"431295";"001"
"431300";"943"
"431301";"001"
"431303";"013"
"431306";"943"
"431308";"943"
"431310";"013"
"431320";"943"
"431330";"943"
"431333";"001"
"431335";"943"
"431337";"943"
"431339";"013"
"431340";"943"
"431342";"001"
"431344";"001"
"431346";"001"
"431349";"001"
"431350";"943"
"431360";"001"
"431365";"013"
"431370";"001"
"431380";"001"
"431390";"001"
"431395";"013"
"431400";"943"
"431402";"013"
"431403";"943"
"431405";"943"
"431406";"943"
"431407";"013"
"431410";"001"
"431413";"001"
"431415";"943"
"431417";"013"
"431420";"013"
"431430";"001"
"431440";"013"
"431442";"943"
"431445";"001"
"431446";"001"
"431447";"013"
"431449";"001"
"431450";"013"
"431453";"943"
"431454";"943"
"431455";"001"
"431460";"013"
"431470";"001"
"431475";"943"
"431477";"001"
"431478";"001"
"431480";"943"
"431490";"943"
"431500";"001"
"431505";"001"
"431507";"001"
"431510";"001"
"431513";"943"
"431514";"943"
"431515";"943"
"431517";"943"
"431520";"943"
"431530";"013"
"431531";"001"
"431532";"013"
"431535";"001"
"431540";"001"
"431545";"943"
"431550";"013"
"431555";"001"
"431560";"013"
"431570";"013"
"431575";"943"
"431580";"943"
"431590";"001"
"431595";"001"
"431600";"943"
"431610";"001"
"431620";"001"
"431630";"001"
"431640";"013"
"431642";"001"
"431643";"001"
"431645";"001"
"431647";"001"
"431650";"943"
"431660";"001"
"431670";"001"
"431673";"001"
"431675";"943"
"431680";"943"
"431690";"013"
"431695";"943"
"431697";"013"
"431700";"013"
"431710";"013"
"431720";"001"
"431725";"943"
"431730";"013"
"431740";"013"
"431750";"001"
"431755";"001"
"431760";"943"
"431770";"001"
"431775";"001"
"431780";"001"
"431790";"001"
"431795";"001"
"431800";"013"
"431805";"001"
"431810";"013"
"431820";"943"
"431830";"013"
"431840";"013"
"431842";"001"
"431843";"013"
"431844";"943"
"431845";"001"
"431846";"001"
"431848";"943"
"431849";"001"
"431850";"013"
"431860";"001"
"431861";"943"
"431862";"943"
"431870";"943"
"431880";"013"
"431890";"001"
"431900";"943"
"431910";"001"
"431912";"013"
"431915";"001"
"431920";"001"
"431930";"001"
"431935";"943"
"431936";"001"
"431937";"001"
"431940";"013"
"431950";"943"
"431960";"013"
"431970";"001"
"431971";"943"
"431973";"001"
"431975";"943"
"431980";"013"
"431990";"943"
"432000";"943"
"432010";"001"
"432020";"001"
"432023";"001"
"432026";"943"
"432030";"001"
"432032";"001"
"432035";"013"
"432040";"943"
"432045";"943"
"432050";"001"
"432055";"013"
"432057";"001"
"432060";"001"
"432065";"013"
"432067";"943"
"432070";"943"
"432080";"001"
"432085";"943"
"432090";"001"
"432100";"001"
"432110";"013"
"432120";"943"
"432130";"943"
"432132";"001"
"432135";"013"
"432140";"001"
"432143";"943"
"432145";"943"
"432146";"001"
"432147";"001"
"432149";"013"
"432150";"943"
"432160";"943"
"432162";"943"
"432163";"001"
"432166";"943"
"432170";"943"
"432180";"001"
"432183";"943"
"432185";"001"
"432190";"001"
"432195";"001"
"432200";"943"
"432210";"001"
"432215";"943"
"432218";"001"
"432220";"013"
"432225";"943"
"432230";"001"
"432232";"013"
"432234";"001"
"432235";"943"
"432237";"013"
"432240";"013"
"432250";"943"
"432252";"013"
"432253";"943"
"432254";"943"
"432255";"001"
"432260";"943"
"432270";"943"
"432280";"943"
"432285";"943"
"432290";"001"
"432300";"943"
"432310";"001"
"432320";"001"
"432330";"943"
"432335";"001"
"432340";"001"
"432345";"013"
"432350";"001"
"432360";"943"
"432370";"001"
"432375";"001"
"432377";"943"
"432380";"943"
"500000";"950"
"500020";"950"
"500025";"950"
"500060";"950"
"500070";"950"
"500080";"950"
"500085";"950"
"500090";"950"
"500100";"950"
"500110";"950"
"500124";"950"
"500150";"950"
"500190";"950"
"500200";"950"
"500210";"950"
"500215";"950"
"500220";"950"
"500230";"950"
"500240";"950"
"500260";"950"
"500270";"950"
"500280";"950"
"500290";"950"
"500295";"950"
"500310";"950"
"500315";"950"
"500320";"950"
"500325";"950"
"500330";"950"
"500345";"950"
"500348";"950"
"500350";"950"
"500370";"950"
"500375";"950"
"500380";"950"
"500390";"950"
"500400";"950"
"500410";"950"
"500430";"950"
"500440";"950"
"500450";"950"
"500460";"950"
"500470";"950"
"500480";"950"
"500490";"950"
"500500";"950"
"500510";"950"
"500515";"950"
"500520";"950"
"500525";"950"
"500540";"950"
"500560";"950"
"500568";"950"
"500570";"950"
"500580";"950"
"500600";"950"
"500620";"950"
"500625";"950"
"500627";"950"
"500630";"950"
"500635";"950"
"500640";"950"
"500660";"950"
"500690";"950"
"500710";"950"
"500720";"950"
"500730";"950"
"500740";"950"
"500750";"950"
"500755";"950"
"500769";"950"
"500770";"950"
"500780";"950"
"500790";"950"
"500793";"950"
"500795";"950"
"500797";"950"
"500800";"950"
"500830";"950"
"500840";"950"
"510000";"951"
"510010";"951"
"510020";"951"
"510025";"951"
"510030";"951"
"510035";"951"
"510040";"951"
"510050";"951"
"510060";"951"
"510080";"951"
"510100";"951"
"510120";"951"
"510125";"951"
"510130";"951"
"510140";"951"
"510160";"951"
"510170";"951"
"510180";"951"
"510185";"951"
"510190";"951"
"510250";"951"
"510260";"951"
"510263";"951"
"510267";"951"
"510268";"951"
"510269";"951"
"510270";"951"
"510279";"951"
"510285";"951"
"510300";"951"
"510305";"951"
"510310";"951"
"510320";"951"
"510325";"951"
"510330";"951"
"510335";"951"
"510336";"951"
"510337";"951"
"510340";"951"
"510343";"951"
"510345";"951"
"510350";"951"
"510360";"951"
"510370";"951"
"510380";"951"
"510385";"951"
"510390";"951"
"510395";"951"
"510410";"951"
"510420";"951"
"510450";"951"
"510452";"951"
"510454";"951"
"510455";"951"
"510460";"951"
"510480";"951"
"510490";"951"
"510500";"951"
"510510";"951"
"510515";"951"
"510517";"951"
"510520";"951"
"510523";"951"
"510525";"951"
"510530";"951"
"510550";"951"
"510558";"951"
"510560";"951"
"510562";"951"
"510590";"951"
"510600";"951"
"510610";"951"
"510615";"951"
"510617";"951"
"510618";"951"
"510619";"951"
"510620";"951"
"510621";"951"
"510622";"951"
"510623";"951"
"510624";"951"
"510625";"951"
"510626";"951"
"510627";"951"
"510628";"951"
"510629";"951"
"510630";"951"
"510631";"951"
"510637";"951"
"510642";"951"
"510645";"951"
"510650";"951"
"510665";"951"
"510670";"951"
"510675";"951"
"510677";"951"
"510680";"951"
"510682";"951"
"510685";"951"
"510700";"951"
"510704";"951"
"510706";"951"
"510710";"951"
"510715";"951"
"510718";"951"
"510719";"951"
"510720";"951"
"510724";"951"
"510726";"951"
"510729";"951"
"510730";"951"
"510735";"951"
"510740";"951"
"510757";"951"
"510760";"951"
"510770";"951"
"510774";"951"
"510775";"951"
"510776";"951"
"510777";"951"
"510779";"951"
"510780";"951"
"510785";"951"
"510787";"951"
"510788";"951"
"510790";"951"
"510792";"951"
"510794";"951"
"510795";"951"
"510800";"951"
"510805";"951"
"510810";"951"
"510820";"951"
"510830";"951"
"510835";"951"
"510840";"951"
"510850";"951"
"510860";"951"
"510880";"951"
"510885";"951"
"510890";"951"
"510895";"951"
"520000";"952"
"520005";"952"
"520010";"007"
"520013";"952"
"520015";"952"
"520017";"007"
"520020";"952"
"520025";"007"
"520030";"007"
"520040";"952"
"520050";"952"
"520055";"952"
"520060";"007"
"520070";"952"
"520080";"007"
"520082";"952"
"520085";"952"
"520090";"952"
"520100";"952"
"520110";"952"
"520120";"952"
"520130";"952"
"520140";"952"
"520145";"952"
"520150";"952"
"520160";"952"
"520170";"952"
"520180";"952"
"520190";"952"
"520200";"952"
"520210";"952"
"520215";"952"
"520220";"952"
"520230";"952"
"520235";"952"
"520240";"952"
"520250";"952"
"520255";"952"
"520260";"952"
"520270";"952"
"520280";"952"
"520290";"952"
"520300";"952"
"520310";"952"
"520320";"007"
"520330";"952"
"520340";"952"
"520350";"952"
"520355";"952"
"520357";"952"
"520360";"952"
"520370";"952"
"520380";"952"
"520390";"952"
"520393";"952"
"520396";"007"
"520400";"007"
"520410";"952"
"520420";"952"
"520425";"952"
"520430";"952"
"520440";"952"
"520450";"952"
"520455";"952"
"520460";"952"
"520465";"007"
"520470";"007"
"520480";"007"
"520485";"952"
"520490";"007"
"520495";"952"
"520500";"007"
"520505";"952"
"520510";"007"
"520520";"952"
"520530";"007"
"520540";"007"
"520545";"952"
"520547";"952"
"520549";"007"
"520550";"952"
"520551";"007"
"520552";"007"
"520560";"952"
"520570";"952"
"520580";"007"
"520590";"952"
"520600";"952"
"520610";"952"
"520620";"007"
"520630";"952"
"520640";"952"
"520650";"952"
"520660";"952"
"520670";"007"
"520680";"952"
"520690";"007"
"520700";"952"
"520710";"952"
"520720";"952"
"520725";"952"
"520730";"952"
"520735";"952"
"520740";"952"
"520750";"952"
"520753";"952"
"520755";"952"
"520760";"952"
"520765";"952"
"520770";"952"
"520780";"952"
"520790";"007"
"520800";"007"
"520810";"952"
"520815";"952"
"520820";"952"
"520830";"007"
"520840";"952"
"520850";"952"
"520860";"007"
"520870";"952"
"520880";"952"
"520890";"952"
"520900";"952"
"520910";"952"
"520915";"952"
"520920";"952"
"520929";"007"
"520930";"952"
"520940";"007"
"520945";"952"
"520950";"952"
"520960";"007"
"520970";"952"
"520980";"007"
"520990";"007"
"520993";"952"
"520995";"952"
"521000";"952"
"521010";"952"
"521015";"007"
"521020";"952"
"521030";"952"
"521040";"007"
"521050";"952"
"521056";"007"
"521060";"007"
"521070";"952"
"521080";"952"
"521090";"007"
"521100";"952"
"521110";"952"
"521120";"007"
"521130";"952"
"521140";"952"
"521150";"952"
"521160";"952"
"521170";"952"
"521180";"007"
"521190";"952"
"521200";"952"
"521205";"007"
"521210";"952"
"521220";"952"
"521225";"952"
"521230";"952"
"521240";"952"
"521250";"007"
"521260";"952"
"521270";"007"
"521280";"952"
"521290";"952"
"521295";"952"
"521300";"952"
"521305";"007"
"521308";"007"
"521310";"952"
"521320";"952"
"521330";"952"
"521340";"952"
"521350";"007"
"521360";"952"
"521370";"952"
"521375";"952"
"521377";"952"
"521380";"952"
"521385";"007"
"521390";"952"
"521400";"952"
"521405";"952"
"521410";"952"
"521420";"952"
"521430";"952"
"521440";"952"
"521450";"952"
"521460";"007"
"521470";"007"
"521480";"952"
"521483";"952"
"521486";"007"
"521487";"952"
"521488";"952"
"521490";"007"
"521500";"952"
"521510";"952"
"521520";"952"
"521523";"007"
"521525";"952"
"521530";"952"
"521540";"952"
"521550";"007"
"521560";"007"
"521565";"952"
"521570";"952"
"521575";"952"
"521580";"952"
"521590";"952"
"521600";"952"
"521610";"952"
"521620";"952"
"521630";"952"
"521640";"952"
"521645";"952"
"521650";"952"
"521660";"952"
"521670";"952"
"521680";"952"
"521690";"952"
"521700";"952"
"521710";"952"
"521720";"952"
"521730";"007"
"521740";"952"
"521750";"952"
"521760";"007"
"521770";"952"
"521780";"952"
"521790";"952"
"521800";"952"
"521805";"952"
"521810";"952"
"521820";"952"
"521830";"007"
"521839";"952"
"521840";"952"
"521850";"952"
"521860";"007"
"521870";"007"
"521875";"952"
"521878";"952"
"521880";"952"
"521890";"007"
"521900";"952"
"521910";"952"
"521920";"952"
"521925";"952"
"521930";"952"
"521935";"007"
"521940";"952"
"521945";"007"
"521950";"952"
"521960";"952"
"521970";"952"
"521971";"952"
"521973";"952"
"521975";"007"
"521980";"007"
"521990";"007"
"522000";"007"
"522005";"952"
"522010";"952"
"522015";"007"
"522020";"952"
"522026";"952"
"522028";"007"
"522030";"952"
"522040";"952"
"522045";"952"
"522050";"952"
"522060";"952"
"522065";"952"
"522068";"007"
"522070";"007"
"522080";"952"
"522090";"952"
"522100";"952"
"522108";"007"
"522110";"952"
"522119";"952"
"522120";"952"
"522130";"007"
"522140";"952"
"522145";"952"
"522150";"952"
"522155";"952"
"522157";"952"
"522160";"007"
"522170";"007"
"522180";"952"
"522185";"007"
"522190";"952"
"522200";"952"
"522205";"952"
"522208";"952"
"522210";"952"
"522220";"007"
"522230";"007"
"530010";"953"
